id_modismo,modismo,significado,image
SINGLE_0001,a cabalidad,adecuadamente,https://raw.githubusercontent.com/MariaaPinzon/ImagesEvaluatingMLLM/refs/heads/main/GPT/IdiomsSingleImage/singleImage_a_cabalidad.png
SINGLE_0002,a juro,con terquedad o insistencia,https://raw.githubusercontent.com/MariaaPinzon/ImagesEvaluatingMLLM/refs/heads/main/GPT/IdiomsSingleImage/singleImage_a_juro.png
SINGLE_0003,a lo bien,"- Correctamente, sin mala intención.
- Excelente, muy bien.
- correctamente, bien, sin mala intención",https://raw.githubusercontent.com/MariaaPinzon/ImagesEvaluatingMLLM/refs/heads/main/GPT/IdiomsSingleImage/singleImage_a_lo_bien.png
SINGLE_0004,a mansalva,"dicho de una agresión o ataque, a traición",https://raw.githubusercontent.com/MariaaPinzon/ImagesEvaluatingMLLM/refs/heads/main/GPT/IdiomsSingleImage/singleImage_a_mansalva.png
SINGLE_0005,a paz y salvo,se usa para expresar que no se tiene ninguna deuda,https://raw.githubusercontent.com/MariaaPinzon/ImagesEvaluatingMLLM/refs/heads/main/GPT/IdiomsSingleImage/singleImage_a_paz_y_salvo.png
SINGLE_0006,abagó,"selección de los mejores frutos de la cosecha de maíz, papa u otros productos agrícolas, con los que se suelen obsequiar a los amigos o a los cogedores",https://raw.githubusercontent.com/MariaaPinzon/ImagesEvaluatingMLLM/refs/heads/main/GPT/IdiomsSingleImage/singleImage_abag%C3%B3.png
SINGLE_0007,abajeño,Propio o nativo de las costas o de las tierras bajas.,https://raw.githubusercontent.com/MariaaPinzon/ImagesEvaluatingMLLM/refs/heads/main/GPT/IdiomsSingleImage/singleImage_abaje%C3%B1o.png
SINGLE_0008,abalear,Herir o matar a alguien con disparos de un arma de fuego.,https://raw.githubusercontent.com/MariaaPinzon/ImagesEvaluatingMLLM/refs/heads/main/GPT/IdiomsSingleImage/singleImage_abalear.png
SINGLE_0009,abaleo,tiroteo,https://raw.githubusercontent.com/MariaaPinzon/ImagesEvaluatingMLLM/refs/heads/main/GPT/IdiomsSingleImage/singleImage_abaleo.png
SINGLE_0010,abaniquear,darse aire con un abanico,https://raw.githubusercontent.com/MariaaPinzon/ImagesEvaluatingMLLM/refs/heads/main/GPT/IdiomsSingleImage/singleImage_abaniquear.png
SINGLE_0011,abarrotes,Víveres de consumo diario.,https://raw.githubusercontent.com/MariaaPinzon/ImagesEvaluatingMLLM/refs/heads/main/GPT/IdiomsSingleImage/singleImage_abarrotes.png
SINGLE_0012,abismante,"Referido a alguien o a algo, que es sorprendente o muy notorio.",https://raw.githubusercontent.com/MariaaPinzon/ImagesEvaluatingMLLM/refs/heads/main/GPT/IdiomsSingleImage/singleImage_abismante.png
SINGLE_0013,abotar,Cruzarse el río o el mar de un lado para el otro.,https://raw.githubusercontent.com/MariaaPinzon/ImagesEvaluatingMLLM/refs/heads/main/GPT/IdiomsSingleImage/singleImage_abotar.png
SINGLE_0014,abozao,Danza caracterizada por movimientos pélvicos enérgicos y rápidos de los danzantes y se acompaña con frecuentes gritos.,https://raw.githubusercontent.com/MariaaPinzon/ImagesEvaluatingMLLM/refs/heads/main/GPT/IdiomsSingleImage/singleImage_abozao.png
SINGLE_0015,abra,"- terreno desmontado listo para la siembra
- hoja de una puerta o ventana",https://raw.githubusercontent.com/MariaaPinzon/ImagesEvaluatingMLLM/refs/heads/main/GPT/IdiomsSingleImage/singleImage_abra.png
SINGLE_0016,abullonado,"Referido a un mueble o prenda de vestir, relleno o abultado por un material que se expande, utilizado en los textiles con que se recubren o elaboran estos objetos.",https://raw.githubusercontent.com/MariaaPinzon/ImagesEvaluatingMLLM/refs/heads/main/GPT/IdiomsSingleImage/singleImage_abullonado.png
SINGLE_0017,acabarropa,"Referido a una persona, holgazán.",https://raw.githubusercontent.com/MariaaPinzon/ImagesEvaluatingMLLM/refs/heads/main/GPT/IdiomsSingleImage/singleImage_acabarropa.png
SINGLE_0018,acabarse por el fisto,extenuarse el hombre por abusos sexuales,https://raw.githubusercontent.com/MariaaPinzon/ImagesEvaluatingMLLM/refs/heads/main/GPT/IdiomsSingleImage/singleImage_acabarse_por_el_fisto.png
SINGLE_0019,acabose,Acontecimiento irreparable o con el que se llega al extremo de una situación negativa.,https://raw.githubusercontent.com/MariaaPinzon/ImagesEvaluatingMLLM/refs/heads/main/GPT/IdiomsSingleImage/singleImage_acabose.png
SINGLE_0020,acatar,caer en la cuenta,https://raw.githubusercontent.com/MariaaPinzon/ImagesEvaluatingMLLM/refs/heads/main/GPT/IdiomsSingleImage/singleImage_acatar.png
SINGLE_0021,accesar,Tener acceso a los datos de un sistema informático.,https://raw.githubusercontent.com/MariaaPinzon/ImagesEvaluatingMLLM/refs/heads/main/GPT/IdiomsSingleImage/singleImage_accesar.png
SINGLE_0022,achacado,"Referido a una persona, enferma o débil, especialmente por problemas asociados con la vejez.",https://raw.githubusercontent.com/MariaaPinzon/ImagesEvaluatingMLLM/refs/heads/main/GPT/IdiomsSingleImage/singleImage_achacado.png
SINGLE_0023,achajuanado,"Referido a una persona o un animal, sofocado por el calor o el trabajo excesivo.",https://raw.githubusercontent.com/MariaaPinzon/ImagesEvaluatingMLLM/refs/heads/main/GPT/IdiomsSingleImage/singleImage_achajuanado.png
SINGLE_0024,achantada,"- Depresión, abatimiento.
- Sensación de humillación.",https://raw.githubusercontent.com/MariaaPinzon/ImagesEvaluatingMLLM/refs/heads/main/GPT/IdiomsSingleImage/singleImage_achantada.png
SINGLE_0025,achantado,"Referdio a una persona, triste, desencantado.",https://raw.githubusercontent.com/MariaaPinzon/ImagesEvaluatingMLLM/refs/heads/main/GPT/IdiomsSingleImage/singleImage_achantado.png
SINGLE_0026,achante,"Depresión, abatimiento.",https://raw.githubusercontent.com/MariaaPinzon/ImagesEvaluatingMLLM/refs/heads/main/GPT/IdiomsSingleImage/singleImage_achante.png
SINGLE_0027,achapado,"Referido a una persona, avara, tacaña.",https://raw.githubusercontent.com/MariaaPinzon/ImagesEvaluatingMLLM/refs/heads/main/GPT/IdiomsSingleImage/singleImage_achapado.png
SINGLE_0028,achicopalado,"Referido a una persona, triste, desencantado.",https://raw.githubusercontent.com/MariaaPinzon/ImagesEvaluatingMLLM/refs/heads/main/GPT/IdiomsSingleImage/singleImage_achicopalado.png
SINGLE_0029,achicopalar,"Atemorizarse, intimidarse, asumir la posición menos comprometida frente a un problema o asunto.",https://raw.githubusercontent.com/MariaaPinzon/ImagesEvaluatingMLLM/refs/heads/main/GPT/IdiomsSingleImage/singleImage_achicopalar.png
SINGLE_0030,achilado,"- Referido al cabello o a las plantas, deteriorados o sin la vitalidad que deberían mostrar.
- Referido a una persona, triste, desencantada.",https://raw.githubusercontent.com/MariaaPinzon/ImagesEvaluatingMLLM/refs/heads/main/GPT/IdiomsSingleImage/singleImage_achilado.png
SINGLE_0031,achilar,"- Perder algo la apariencia de vitalidad que debería tener, especialmente el pelo y las plantas.
- Sentir vergüenza o intimidarse por algo.",https://raw.githubusercontent.com/MariaaPinzon/ImagesEvaluatingMLLM/refs/heads/main/GPT/IdiomsSingleImage/singleImage_achilar.png
SINGLE_0032,achiquitar,Hacer que algo sea más pequeño de lo normal.,https://raw.githubusercontent.com/MariaaPinzon/ImagesEvaluatingMLLM/refs/heads/main/GPT/IdiomsSingleImage/singleImage_achiquitar.png
SINGLE_0033,achucado,"Referido a una persona, atragantado o que tiene dificultades para respirar ya sea por la comida, por enfermedad o por una aspiración.",https://raw.githubusercontent.com/MariaaPinzon/ImagesEvaluatingMLLM/refs/heads/main/GPT/IdiomsSingleImage/singleImage_achucado.png
SINGLE_0034,achucarse,"Referido a una persona o un animal, ahogarse con algo que le obstaculiza la garganta.",https://raw.githubusercontent.com/MariaaPinzon/ImagesEvaluatingMLLM/refs/heads/main/GPT/IdiomsSingleImage/singleImage_achucarse.png
SINGLE_0035,achucutarse,"- acurrucarse
- acobardarse, sentir miedo",https://raw.githubusercontent.com/MariaaPinzon/ImagesEvaluatingMLLM/refs/heads/main/GPT/IdiomsSingleImage/singleImage_achucutarse.png
SINGLE_0036,acobalar,Devolver la simetría a algo que estaba torcido.,https://raw.githubusercontent.com/MariaaPinzon/ImagesEvaluatingMLLM/refs/heads/main/GPT/IdiomsSingleImage/singleImage_acobalar.png
SINGLE_0037,acolitar,Encubrir a quien hace algo ilícito.,https://raw.githubusercontent.com/MariaaPinzon/ImagesEvaluatingMLLM/refs/heads/main/GPT/IdiomsSingleImage/singleImage_acolitar.png
SINGLE_0038,acomedido,"dicho de una persona, servicial",https://raw.githubusercontent.com/MariaaPinzon/ImagesEvaluatingMLLM/refs/heads/main/GPT/IdiomsSingleImage/singleImage_acomedido.png
SINGLE_0039,acomedirse,"ayudar, colaborar en algo",https://raw.githubusercontent.com/MariaaPinzon/ImagesEvaluatingMLLM/refs/heads/main/GPT/IdiomsSingleImage/singleImage_acomedirse.png
SINGLE_0040,aconductado,de buena conducta,https://raw.githubusercontent.com/MariaaPinzon/ImagesEvaluatingMLLM/refs/heads/main/GPT/IdiomsSingleImage/singleImage_aconductado.png
SINGLE_0041,acose,Persecusión o presión causada por la insistencia de alguien.,https://raw.githubusercontent.com/MariaaPinzon/ImagesEvaluatingMLLM/refs/heads/main/GPT/IdiomsSingleImage/singleImage_acose.png
SINGLE_0042,acosón,"Referido a una persona, que acostumbra presionar a los demás.",https://raw.githubusercontent.com/MariaaPinzon/ImagesEvaluatingMLLM/refs/heads/main/GPT/IdiomsSingleImage/singleImage_acos%C3%B3n.png
SINGLE_0043,acotejar,"- Favorecer o proteger por negligencia o descuido actitudes o acciones cuestionables.
- Acomodar, disponer en orden una serie de objetos en un espacio o lugar",https://raw.githubusercontent.com/MariaaPinzon/ImagesEvaluatingMLLM/refs/heads/main/GPT/IdiomsSingleImage/singleImage_acotejar.png
SINGLE_0044,acuacultura,Técnica empleada para el cultivo de especies vegetales y animales acuáticas.,https://raw.githubusercontent.com/MariaaPinzon/ImagesEvaluatingMLLM/refs/heads/main/GPT/IdiomsSingleImage/singleImage_acuacultura.png
SINGLE_0045,acudiente,"Persona mayor de edad, generalmente familiar o amigo, que se hace responsable de un estudiante ante las directivas de una institución escolar.",https://raw.githubusercontent.com/MariaaPinzon/ImagesEvaluatingMLLM/refs/heads/main/GPT/IdiomsSingleImage/singleImage_acudiente.png
SINGLE_0046,acuerpado,"- Referido a una persona, grande, robusta.
- corpulento, bien desarrollado, voluminoso",https://raw.githubusercontent.com/MariaaPinzon/ImagesEvaluatingMLLM/refs/heads/main/GPT/IdiomsSingleImage/singleImage_acuerpado.png
SINGLE_0047,aculillarse,"- Atemorizarse o acobardarse alguien ante una situación.
- sentir miedo por algo",https://raw.githubusercontent.com/MariaaPinzon/ImagesEvaluatingMLLM/refs/heads/main/GPT/IdiomsSingleImage/singleImage_aculillarse.png
SINGLE_0048,acusaletas,"Referido a una persona, que tiene por costumbre acusar a otros.",https://raw.githubusercontent.com/MariaaPinzon/ImagesEvaluatingMLLM/refs/heads/main/GPT/IdiomsSingleImage/singleImage_acusaletas.png
SINGLE_0049,acusetas,"Referido a una persona, que tiene por costumbre acusar a otros.",https://raw.githubusercontent.com/MariaaPinzon/ImagesEvaluatingMLLM/refs/heads/main/GPT/IdiomsSingleImage/singleImage_acusetas.png
SINGLE_0050,acápite,"En un escrito legal, fragmento que aclara o especifica algún aspecto de una ley o un decreto.",https://raw.githubusercontent.com/MariaaPinzon/ImagesEvaluatingMLLM/refs/heads/main/GPT/IdiomsSingleImage/singleImage_ac%C3%A1pite.png
SINGLE_0051,ademanoso,"Referido a una persona, que se niega a ejecutar una labor, ya sea por la fuerza que implica o el esfuerzo.",https://raw.githubusercontent.com/MariaaPinzon/ImagesEvaluatingMLLM/refs/heads/main/GPT/IdiomsSingleImage/singleImage_ademanoso.png
SINGLE_0052,afanar,Preocuparse o angustiarse ante una situación.,https://raw.githubusercontent.com/MariaaPinzon/ImagesEvaluatingMLLM/refs/heads/main/GPT/IdiomsSingleImage/singleImage_afanar.png
SINGLE_0053,aflojachochas,Bebida alcohólica que desinhibe el deseo sexual.,https://raw.githubusercontent.com/MariaaPinzon/ImagesEvaluatingMLLM/refs/heads/main/GPT/IdiomsSingleImage/singleImage_aflojachochas.png
SINGLE_0054,aforar,"Referido al equipaje o a un producto, calcular su cantidad y su valor.",https://raw.githubusercontent.com/MariaaPinzon/ImagesEvaluatingMLLM/refs/heads/main/GPT/IdiomsSingleImage/singleImage_aforar.png
SINGLE_0055,afugias,"afanes, prisa",https://raw.githubusercontent.com/MariaaPinzon/ImagesEvaluatingMLLM/refs/heads/main/GPT/IdiomsSingleImage/singleImage_afugias.png
SINGLE_0056,agallinado,acobardado,https://raw.githubusercontent.com/MariaaPinzon/ImagesEvaluatingMLLM/refs/heads/main/GPT/IdiomsSingleImage/singleImage_agallinado.png
SINGLE_0057,agalludo,"Referido a una persona, ambiciosa, que siempre busca obtener más de lo que sería justo.",https://raw.githubusercontent.com/MariaaPinzon/ImagesEvaluatingMLLM/refs/heads/main/GPT/IdiomsSingleImage/singleImage_agalludo.png
SINGLE_0058,agria,Cerveza.,https://raw.githubusercontent.com/MariaaPinzon/ImagesEvaluatingMLLM/refs/heads/main/GPT/IdiomsSingleImage/singleImage_agria.png
SINGLE_0059,agrieras,Acidez estomacal.,https://raw.githubusercontent.com/MariaaPinzon/ImagesEvaluatingMLLM/refs/heads/main/GPT/IdiomsSingleImage/singleImage_agrieras.png
SINGLE_0060,agringarse,Adoptar los hábitos o el aspecto propios de un gringo.,https://raw.githubusercontent.com/MariaaPinzon/ImagesEvaluatingMLLM/refs/heads/main/GPT/IdiomsSingleImage/singleImage_agringarse.png
SINGLE_0061,agripado,"Referido a una persona, enferma de gripa.",https://raw.githubusercontent.com/MariaaPinzon/ImagesEvaluatingMLLM/refs/heads/main/GPT/IdiomsSingleImage/singleImage_agripado.png
SINGLE_0062,agriparse,Contagiarse y padecer de la gripa.,https://raw.githubusercontent.com/MariaaPinzon/ImagesEvaluatingMLLM/refs/heads/main/GPT/IdiomsSingleImage/singleImage_agriparse.png
SINGLE_0063,agua,Preparar más comida de lo usual por si llegan más personas de las previstas.,https://raw.githubusercontent.com/MariaaPinzon/ImagesEvaluatingMLLM/refs/heads/main/GPT/IdiomsSingleImage/singleImage_agua.png
SINGLE_0064,aguacatado,"Persona aburrida, que no gusta de las fiestas.",https://raw.githubusercontent.com/MariaaPinzon/ImagesEvaluatingMLLM/refs/heads/main/GPT/IdiomsSingleImage/singleImage_aguacatado.png
SINGLE_0065,aguacatarse,"Referido a una persona, intimidarse, asumir la posición menos comprometida frente a un problema o asunto.",https://raw.githubusercontent.com/MariaaPinzon/ImagesEvaluatingMLLM/refs/heads/main/GPT/IdiomsSingleImage/singleImage_aguacatarse.png
SINGLE_0066,aguacate,Agente de la policía.,https://raw.githubusercontent.com/MariaaPinzon/ImagesEvaluatingMLLM/refs/heads/main/GPT/IdiomsSingleImage/singleImage_aguacate.png
SINGLE_0067,aguacero,Llover fuertemente.,https://raw.githubusercontent.com/MariaaPinzon/ImagesEvaluatingMLLM/refs/heads/main/GPT/IdiomsSingleImage/singleImage_aguacero.png
SINGLE_0068,aguachento,"Referido a la consistencia de algo, acuosa o con exceso de agua, especialmente la textura de los alimentos.",https://raw.githubusercontent.com/MariaaPinzon/ImagesEvaluatingMLLM/refs/heads/main/GPT/IdiomsSingleImage/singleImage_aguachento.png
SINGLE_0069,aguadijiar,manar de una herida un humor claro como el agua,https://raw.githubusercontent.com/MariaaPinzon/ImagesEvaluatingMLLM/refs/heads/main/GPT/IdiomsSingleImage/singleImage_aguadijiar.png
SINGLE_0070,aguado,"Referido a una sustancia, especialmente un alimento, con más agua o líquido del que debería tener y por tanto insípida.",https://raw.githubusercontent.com/MariaaPinzon/ImagesEvaluatingMLLM/refs/heads/main/GPT/IdiomsSingleImage/singleImage_aguado.png
SINGLE_0071,aguaguado,"Referido a un niño o adolescente, consentido o que se comporta de manera infantil.",https://raw.githubusercontent.com/MariaaPinzon/ImagesEvaluatingMLLM/refs/heads/main/GPT/IdiomsSingleImage/singleImage_aguaguado.png
SINGLE_0072,aguaitar,"- Observar y esperar a alguien o algo con cautela y disimulo.
- espiar
- esperar a alguien",https://raw.githubusercontent.com/MariaaPinzon/ImagesEvaluatingMLLM/refs/heads/main/GPT/IdiomsSingleImage/singleImage_aguaitar.png
SINGLE_0073,aguaje,Estela sobre la superficie del agua que dejan los peces al pasar.,https://raw.githubusercontent.com/MariaaPinzon/ImagesEvaluatingMLLM/refs/heads/main/GPT/IdiomsSingleImage/singleImage_aguaje.png
SINGLE_0074,aguallevame,"Referido a una persona, que se deja influenciar por otros.",https://raw.githubusercontent.com/MariaaPinzon/ImagesEvaluatingMLLM/refs/heads/main/GPT/IdiomsSingleImage/singleImage_aguallevame.png
SINGLE_0075,aguamasa,Mezcla de residuos orgánicos de alimentos que sirve para alimentar a los cerdos.,https://raw.githubusercontent.com/MariaaPinzon/ImagesEvaluatingMLLM/refs/heads/main/GPT/IdiomsSingleImage/singleImage_aguamasa.png
SINGLE_0076,aguamiel,Mezcla de agua con panela o con el jugo de la caña cocinado.,https://raw.githubusercontent.com/MariaaPinzon/ImagesEvaluatingMLLM/refs/heads/main/GPT/IdiomsSingleImage/singleImage_aguamiel.png
SINGLE_0077,aguamil,Lavamanos.,https://raw.githubusercontent.com/MariaaPinzon/ImagesEvaluatingMLLM/refs/heads/main/GPT/IdiomsSingleImage/singleImage_aguamil.png
SINGLE_0078,aguanga,"telar indígena antiquísimo, posiblemente de procedencia incaica",https://raw.githubusercontent.com/MariaaPinzon/ImagesEvaluatingMLLM/refs/heads/main/GPT/IdiomsSingleImage/singleImage_aguanga.png
SINGLE_0079,aguanoso,"Referido a un tubérculo, especialmente a la yuca, que adquiere una consistencia cristalina después de cocinada.",https://raw.githubusercontent.com/MariaaPinzon/ImagesEvaluatingMLLM/refs/heads/main/GPT/IdiomsSingleImage/singleImage_aguanoso.png
SINGLE_0080,aguantador,"Referido a una persona o a algo, que resiste un esfuerzo físico o un deterioro.",https://raw.githubusercontent.com/MariaaPinzon/ImagesEvaluatingMLLM/refs/heads/main/GPT/IdiomsSingleImage/singleImage_aguantador.png
SINGLE_0081,aguantar,"Referido a una persona, que tiene afán o poco tiempo para esperar por alguien o por algo.",https://raw.githubusercontent.com/MariaaPinzon/ImagesEvaluatingMLLM/refs/heads/main/GPT/IdiomsSingleImage/singleImage_aguantar.png
SINGLE_0082,aguarapar,"Referido a la caña de azúcar o a una fruta, adquirir el sabor y la consistencia del guarapo.",https://raw.githubusercontent.com/MariaaPinzon/ImagesEvaluatingMLLM/refs/heads/main/GPT/IdiomsSingleImage/singleImage_aguarapar.png
SINGLE_0083,aguardientoso,"Referido a una persona, que tiene voz ronca y áspera.",https://raw.githubusercontent.com/MariaaPinzon/ImagesEvaluatingMLLM/refs/heads/main/GPT/IdiomsSingleImage/singleImage_aguardientoso.png
SINGLE_0084,aguarse,Llenarse de lágrimas los ojos de alguien a causa de una emoción.,https://raw.githubusercontent.com/MariaaPinzon/ImagesEvaluatingMLLM/refs/heads/main/GPT/IdiomsSingleImage/singleImage_aguarse.png
SINGLE_0085,aguasal,"Caldo hecho a base de cebolla, sal, huevo y, en ocasiones, tomate y cilantro.",https://raw.githubusercontent.com/MariaaPinzon/ImagesEvaluatingMLLM/refs/heads/main/GPT/IdiomsSingleImage/singleImage_aguasal.png
SINGLE_0086,aguatero,"En una competencia, especialmente en un partido de fútbol, persona que abastece de agua a los jugadores.",https://raw.githubusercontent.com/MariaaPinzon/ImagesEvaluatingMLLM/refs/heads/main/GPT/IdiomsSingleImage/singleImage_aguatero.png
SINGLE_0087,aguatudo,"Río crecido que, por mezclarse con el material de su cauce, se torna espeso y de color arcilloso.",https://raw.githubusercontent.com/MariaaPinzon/ImagesEvaluatingMLLM/refs/heads/main/GPT/IdiomsSingleImage/singleImage_aguatudo.png
SINGLE_0088,aguijar,Incitar a un perro para que ataque.,https://raw.githubusercontent.com/MariaaPinzon/ImagesEvaluatingMLLM/refs/heads/main/GPT/IdiomsSingleImage/singleImage_aguijar.png
SINGLE_0089,aguinaldo,"- Dinero adicional que recibe un empleado a final de año.
- Juegos variados que se hacen en la temporada navideña, generalmente del 16 al 24 de diciembre, donde el jugador que acumule más puntos recibe un premio.",https://raw.githubusercontent.com/MariaaPinzon/ImagesEvaluatingMLLM/refs/heads/main/GPT/IdiomsSingleImage/singleImage_aguinaldo.png
SINGLE_0090,agüerista,"Referido a una persona, que cree ciegamente en los agüeros.",https://raw.githubusercontent.com/MariaaPinzon/ImagesEvaluatingMLLM/refs/heads/main/GPT/IdiomsSingleImage/singleImage_ag%C3%BCerista.png
SINGLE_0091,agüero,De una vez y sin pensarlo tanto.,https://raw.githubusercontent.com/MariaaPinzon/ImagesEvaluatingMLLM/refs/heads/main/GPT/IdiomsSingleImage/singleImage_ag%C3%BCero.png
SINGLE_0092,agüevarse,"- acobardarse
- apendejarse",https://raw.githubusercontent.com/MariaaPinzon/ImagesEvaluatingMLLM/refs/heads/main/GPT/IdiomsSingleImage/singleImage_ag%C3%BCevarse.png
SINGLE_0093,ahijuelita,expresión que manifiesta sorpresa o desagrado o cualquier impresión repentina,https://raw.githubusercontent.com/MariaaPinzon/ImagesEvaluatingMLLM/refs/heads/main/GPT/IdiomsSingleImage/singleImage_ahijuelita.png
SINGLE_0094,ahorita,"- En un momento, no de inmediato.
- En este mismo momento o en este periodo de tiempo.
- Hace un momento, hace un rato.",https://raw.githubusercontent.com/MariaaPinzon/ImagesEvaluatingMLLM/refs/heads/main/GPT/IdiomsSingleImage/singleImage_ahorita.png
SINGLE_0095,ahoritica,"ahora, hace un momento",https://raw.githubusercontent.com/MariaaPinzon/ImagesEvaluatingMLLM/refs/heads/main/GPT/IdiomsSingleImage/singleImage_ahoritica.png
SINGLE_0096,ahuevado,"- Intimidado, acobardado.
- Tonto, que actúa con poca inteligencia o poco entendimiento.",https://raw.githubusercontent.com/MariaaPinzon/ImagesEvaluatingMLLM/refs/heads/main/GPT/IdiomsSingleImage/singleImage_ahuevado.png
SINGLE_0097,ahuevar,"- Desanimarse o acobardarse.
- Actuar con poca inteligencia o poco entendimiento.",https://raw.githubusercontent.com/MariaaPinzon/ImagesEvaluatingMLLM/refs/heads/main/GPT/IdiomsSingleImage/singleImage_ahuevar.png
SINGLE_0098,ahuevonar,Acobardarse o desanimarse.,https://raw.githubusercontent.com/MariaaPinzon/ImagesEvaluatingMLLM/refs/heads/main/GPT/IdiomsSingleImage/singleImage_ahuevonar.png
SINGLE_0099,ajicero,"Conserva que se prepara con ají, cebolla y pimentón sazonados con pimienta, orégano y otras especias.",https://raw.githubusercontent.com/MariaaPinzon/ImagesEvaluatingMLLM/refs/heads/main/GPT/IdiomsSingleImage/singleImage_ajicero.png
SINGLE_0100,ajicie,"Afición causada por algo nuevo, un objeto o actividad.",https://raw.githubusercontent.com/MariaaPinzon/ImagesEvaluatingMLLM/refs/heads/main/GPT/IdiomsSingleImage/singleImage_ajicie.png
SINGLE_0101,ajonjolear,"- tratar a alguien con especial cariño y consideración
- sacudir, vapulear",https://raw.githubusercontent.com/MariaaPinzon/ImagesEvaluatingMLLM/refs/heads/main/GPT/IdiomsSingleImage/singleImage_ajonjolear.png
SINGLE_0102,al bagazo poco caso,denota la poca importancia que debe darse a lo que dice o hace una persona de poco valor,https://raw.githubusercontent.com/MariaaPinzon/ImagesEvaluatingMLLM/refs/heads/main/GPT/IdiomsSingleImage/singleImage_al_bagazo_poco_caso.png
SINGLE_0103,al que es maletero viejo no le falta qué cargar,proverbio con el que se expresa que la persona de experiencia siempre tiene ocupación,https://raw.githubusercontent.com/MariaaPinzon/ImagesEvaluatingMLLM/refs/heads/main/GPT/IdiomsSingleImage/singleImage_al_que_es_maletero_viejo_no_le_falta_qu%C3%A9_cargar.png
SINGLE_0104,"al que no quiere caldo, se le dan dos tazas",se dice cuando alguien se ve obligado a hacer o padecer precisamente lo que no deseaba,https://raw.githubusercontent.com/MariaaPinzon/ImagesEvaluatingMLLM/refs/heads/main/GPT/IdiomsSingleImage/singleImage_al_que_no_quiere_caldo__se_le_dan_dos_tazas.png
SINGLE_0105,alambique,Lugar clandestino en el que se fabrica aguardiente.,https://raw.githubusercontent.com/MariaaPinzon/ImagesEvaluatingMLLM/refs/heads/main/GPT/IdiomsSingleImage/singleImage_alambique.png
SINGLE_0106,alambre dulce,Alambre delgado y muy flexible que se usa en las manualidades.,https://raw.githubusercontent.com/MariaaPinzon/ImagesEvaluatingMLLM/refs/heads/main/GPT/IdiomsSingleImage/singleImage_alambre_dulce.png
SINGLE_0107,alargue,"En algunos deportes, como el fútbol, tiempo extra que se juega después de la finalización del partido, en caso de empate en el marcador.",https://raw.githubusercontent.com/MariaaPinzon/ImagesEvaluatingMLLM/refs/heads/main/GPT/IdiomsSingleImage/singleImage_alargue.png
SINGLE_0108,alberca,Depósito de agua del lavadero de una casa.,https://raw.githubusercontent.com/MariaaPinzon/ImagesEvaluatingMLLM/refs/heads/main/GPT/IdiomsSingleImage/singleImage_alberca.png
SINGLE_0109,albirisco,"Referido a una persona, que está alborotada o exaltada.",https://raw.githubusercontent.com/MariaaPinzon/ImagesEvaluatingMLLM/refs/heads/main/GPT/IdiomsSingleImage/singleImage_albirisco.png
SINGLE_0110,alborotista,"persona dada a ocasionar ruido, desorden, disturbios",https://raw.githubusercontent.com/MariaaPinzon/ImagesEvaluatingMLLM/refs/heads/main/GPT/IdiomsSingleImage/singleImage_alborotista.png
SINGLE_0111,alboroto,Golosina redonda que se forma bañando maíz pira o millo con melao de panela o miel.,https://raw.githubusercontent.com/MariaaPinzon/ImagesEvaluatingMLLM/refs/heads/main/GPT/IdiomsSingleImage/singleImage_alboroto.png
SINGLE_0112,alcabala,Retén o puesto de vigilancia que hay en las carreteras o fronteras.,https://raw.githubusercontent.com/MariaaPinzon/ImagesEvaluatingMLLM/refs/heads/main/GPT/IdiomsSingleImage/singleImage_alcabala.png
SINGLE_0113,alcahueta,"Persona permisiva, que consiente o mima exageradamente a otra.",https://raw.githubusercontent.com/MariaaPinzon/ImagesEvaluatingMLLM/refs/heads/main/GPT/IdiomsSingleImage/singleImage_alcahueta.png
SINGLE_0114,alcanzamiento,"Alimento hecho a base de arroz preparado en caldo de carne, con alverja, maíz y hogao que se envuelve en hojas de plátano.",https://raw.githubusercontent.com/MariaaPinzon/ImagesEvaluatingMLLM/refs/heads/main/GPT/IdiomsSingleImage/singleImage_alcanzamiento.png
SINGLE_0115,alcayata,"- Gancho metálico que se fija en la pared y del cual se amarra cada uno de los lazos de la hamaca.
- repisa donde se coloca la vela",https://raw.githubusercontent.com/MariaaPinzon/ImagesEvaluatingMLLM/refs/heads/main/GPT/IdiomsSingleImage/singleImage_alcayata.png
SINGLE_0116,alcuza,"vasija de varios materiales, de forma esférica, cuello largo, estrecho y cilíndrico con pico y tapa ajustada que se usa para guardar algo comestible",https://raw.githubusercontent.com/MariaaPinzon/ImagesEvaluatingMLLM/refs/heads/main/GPT/IdiomsSingleImage/singleImage_alcuza.png
SINGLE_0117,alebrestado,"alborotado, agitado",https://raw.githubusercontent.com/MariaaPinzon/ImagesEvaluatingMLLM/refs/heads/main/GPT/IdiomsSingleImage/singleImage_alebrestado.png
SINGLE_0118,alebrestar,"Perturbar, alterar los nervios o alborotar a una persona o a un animal.",https://raw.githubusercontent.com/MariaaPinzon/ImagesEvaluatingMLLM/refs/heads/main/GPT/IdiomsSingleImage/singleImage_alebrestar.png
SINGLE_0119,alebrestarse,"dicho de una persona o animal, alborotarse, alterarse",https://raw.githubusercontent.com/MariaaPinzon/ImagesEvaluatingMLLM/refs/heads/main/GPT/IdiomsSingleImage/singleImage_alebrestarse.png
SINGLE_0120,alegadera,Discusión prolongada y reiterada que causa molestia.,https://raw.githubusercontent.com/MariaaPinzon/ImagesEvaluatingMLLM/refs/heads/main/GPT/IdiomsSingleImage/singleImage_alegadera.png
SINGLE_0121,alegar,Discutir o protestar de manera vehemente.,https://raw.githubusercontent.com/MariaaPinzon/ImagesEvaluatingMLLM/refs/heads/main/GPT/IdiomsSingleImage/singleImage_alegar.png
SINGLE_0122,alegrón,"- Referido a una persona, que está ligeramente embriagada y animada.
- Alegría, ilusión repentina y pasajera que se desvanece tan pronto se evidencia su irrealidad.",https://raw.githubusercontent.com/MariaaPinzon/ImagesEvaluatingMLLM/refs/heads/main/GPT/IdiomsSingleImage/singleImage_alegr%C3%B3n.png
SINGLE_0123,alentado,"Referido a una persona, vigoroso y con buena salud.",https://raw.githubusercontent.com/MariaaPinzon/ImagesEvaluatingMLLM/refs/heads/main/GPT/IdiomsSingleImage/singleImage_alentado.png
SINGLE_0124,alentarse,Recuperar la salud o curarse de una enfermedad.,https://raw.githubusercontent.com/MariaaPinzon/ImagesEvaluatingMLLM/refs/heads/main/GPT/IdiomsSingleImage/singleImage_alentarse.png
SINGLE_0125,alepruz,"Niño insoportable, que molesta en exceso.",https://raw.githubusercontent.com/MariaaPinzon/ImagesEvaluatingMLLM/refs/heads/main/GPT/IdiomsSingleImage/singleImage_alepruz.png
SINGLE_0126,alero,Tejado que sobresale de la pared y corredor en la fachada o en los costados de una casa que sirven para protegerse de la lluvia o el sol.,https://raw.githubusercontent.com/MariaaPinzon/ImagesEvaluatingMLLM/refs/heads/main/GPT/IdiomsSingleImage/singleImage_alero.png
SINGLE_0127,alevoso,Persona que causa peleas y discusiones.,https://raw.githubusercontent.com/MariaaPinzon/ImagesEvaluatingMLLM/refs/heads/main/GPT/IdiomsSingleImage/singleImage_alevoso.png
SINGLE_0128,alférez,"Persona encargada de recolectar el dinero requerido para la realización de ciertas fiestas religiosas, por lo que se le concede el derecho a llevar el pendón de la festividad.",https://raw.githubusercontent.com/MariaaPinzon/ImagesEvaluatingMLLM/refs/heads/main/GPT/IdiomsSingleImage/singleImage_alf%C3%A9rez.png
SINGLE_0129,algodón,"Golosina hecha de hilos de azúcar de colores, generalmente rosado, que se enredan en un palo, y tiene un aspecto parecido al algodón.",https://raw.githubusercontent.com/MariaaPinzon/ImagesEvaluatingMLLM/refs/heads/main/GPT/IdiomsSingleImage/singleImage_algod%C3%B3n.png
SINGLE_0130,algotro,Algún otro,https://raw.githubusercontent.com/MariaaPinzon/ImagesEvaluatingMLLM/refs/heads/main/GPT/IdiomsSingleImage/singleImage_algotro.png
SINGLE_0131,alicorado,"bebido, embriagado ligeramente",https://raw.githubusercontent.com/MariaaPinzon/ImagesEvaluatingMLLM/refs/heads/main/GPT/IdiomsSingleImage/singleImage_alicorado.png
SINGLE_0132,alicoramiento,Estado de embriaguez debido al consumo de bebidas alcohólicas.,https://raw.githubusercontent.com/MariaaPinzon/ImagesEvaluatingMLLM/refs/heads/main/GPT/IdiomsSingleImage/singleImage_alicoramiento.png
SINGLE_0133,alicorarse,"embriagarse, emborracharse ligeramente",https://raw.githubusercontent.com/MariaaPinzon/ImagesEvaluatingMLLM/refs/heads/main/GPT/IdiomsSingleImage/singleImage_alicorarse.png
SINGLE_0134,alinderar,Poner o marcar los límites de un terreno.,https://raw.githubusercontent.com/MariaaPinzon/ImagesEvaluatingMLLM/refs/heads/main/GPT/IdiomsSingleImage/singleImage_alinderar.png
SINGLE_0135,alineación,Ajustar los ángulos de las ruedas y la dirección de un vehículo.,https://raw.githubusercontent.com/MariaaPinzon/ImagesEvaluatingMLLM/refs/heads/main/GPT/IdiomsSingleImage/singleImage_alineaci%C3%B3n.png
SINGLE_0136,aliprús,"- Bullicio o alboroto.
- Termita alada de color negro que normalmente vuela en enjambres atraídos por las luces de las casas, su aleteo es perturbador.",https://raw.githubusercontent.com/MariaaPinzon/ImagesEvaluatingMLLM/refs/heads/main/GPT/IdiomsSingleImage/singleImage_alipr%C3%BAs.png
SINGLE_0137,alisado,"Técnica que se usa para que el cabello pierda todo rizo u onda y quede lacio, por medio de un tratamiento o el uso de una plancha de pelo.",https://raw.githubusercontent.com/MariaaPinzon/ImagesEvaluatingMLLM/refs/heads/main/GPT/IdiomsSingleImage/singleImage_alisado.png
SINGLE_0138,alisar,"- Quitar las arrugas de la ropa con la plancha.
- Referido al pelo, tratarlo para que pierda todo rizo u onda y quede lacio.",https://raw.githubusercontent.com/MariaaPinzon/ImagesEvaluatingMLLM/refs/heads/main/GPT/IdiomsSingleImage/singleImage_alisar.png
SINGLE_0139,aliviarse,"- Dar a luz.
- dar a luz una mujer",https://raw.githubusercontent.com/MariaaPinzon/ImagesEvaluatingMLLM/refs/heads/main/GPT/IdiomsSingleImage/singleImage_aliviarse.png
SINGLE_0140,allacito,"Ahí mismo, cerca de.",https://raw.githubusercontent.com/MariaaPinzon/ImagesEvaluatingMLLM/refs/heads/main/GPT/IdiomsSingleImage/singleImage_allacito.png
SINGLE_0141,almorzadero,"Restaurante en el que se sirven almuerzos y comida en general, especialmente en pueblos y carreteras.",https://raw.githubusercontent.com/MariaaPinzon/ImagesEvaluatingMLLM/refs/heads/main/GPT/IdiomsSingleImage/singleImage_almorzadero.png
SINGLE_0142,almuerzo,"Plato típico de Antioquia, compuesto de arroz blanco muy húmedo, servido con carne molida, huevo frito, patacones y plátano maduro frito, se acompaña con una arepa redonda blanca y una taza de aguapanela caliente.",https://raw.githubusercontent.com/MariaaPinzon/ImagesEvaluatingMLLM/refs/heads/main/GPT/IdiomsSingleImage/singleImage_almuerzo.png
SINGLE_0143,alocado,"- Referido a un objeto o máquina, que está fuera de control.
- Referido a una persona, que está fuera de las normas habituales.",https://raw.githubusercontent.com/MariaaPinzon/ImagesEvaluatingMLLM/refs/heads/main/GPT/IdiomsSingleImage/singleImage_alocado.png
SINGLE_0144,alpargatudo,"Referido a una persona, que es tosca o que pertenece a un nivel socioeconómico bajo.",https://raw.githubusercontent.com/MariaaPinzon/ImagesEvaluatingMLLM/refs/heads/main/GPT/IdiomsSingleImage/singleImage_alpargatudo.png
SINGLE_0145,alpargatón,persona de baja condición social,https://raw.githubusercontent.com/MariaaPinzon/ImagesEvaluatingMLLM/refs/heads/main/GPT/IdiomsSingleImage/singleImage_alpargat%C3%B3n.png
SINGLE_0146,altanero,"Referido a una persona, desafiante, insolente.",https://raw.githubusercontent.com/MariaaPinzon/ImagesEvaluatingMLLM/refs/heads/main/GPT/IdiomsSingleImage/singleImage_altanero.png
SINGLE_0147,altanería,Actitud grosera y despectiva hacia los demás por creer que se está en una posición superior.,https://raw.githubusercontent.com/MariaaPinzon/ImagesEvaluatingMLLM/refs/heads/main/GPT/IdiomsSingleImage/singleImage_altaner%C3%ADa.png
SINGLE_0148,altoparlante,"Aparato eléctrico para amplificar el sonido, especialmente en espacios públicos o abiertos.",https://raw.githubusercontent.com/MariaaPinzon/ImagesEvaluatingMLLM/refs/heads/main/GPT/IdiomsSingleImage/singleImage_altoparlante.png
SINGLE_0149,alucema,Alcohol antiséptico.,https://raw.githubusercontent.com/MariaaPinzon/ImagesEvaluatingMLLM/refs/heads/main/GPT/IdiomsSingleImage/singleImage_alucema.png
SINGLE_0150,aluzar,"- Alumbrar un sitio por medio de elementos o artefactos de iluminación.
- Dar a luz.",https://raw.githubusercontent.com/MariaaPinzon/ImagesEvaluatingMLLM/refs/heads/main/GPT/IdiomsSingleImage/singleImage_aluzar.png
SINGLE_0151,alverja,Testículos.,https://raw.githubusercontent.com/MariaaPinzon/ImagesEvaluatingMLLM/refs/heads/main/GPT/IdiomsSingleImage/singleImage_alverja.png
SINGLE_0152,alzar moño,"en la jerga gallística, acobardarse un gallo ante su adversario, correrse",https://raw.githubusercontent.com/MariaaPinzon/ImagesEvaluatingMLLM/refs/heads/main/GPT/IdiomsSingleImage/singleImage_alzar_mo%C3%B1o.png
SINGLE_0153,aló,"Expresión que se usa al contestar una llamada telefónica, para verificar el funcionamiento de la línea o para restablecer la comunicación después de una interrupción.",https://raw.githubusercontent.com/MariaaPinzon/ImagesEvaluatingMLLM/refs/heads/main/GPT/IdiomsSingleImage/singleImage_al%C3%B3.png
SINGLE_0154,alón,"Referido a un sombrero o a prendas similares, de ala ancha.",https://raw.githubusercontent.com/MariaaPinzon/ImagesEvaluatingMLLM/refs/heads/main/GPT/IdiomsSingleImage/singleImage_al%C3%B3n.png
SINGLE_0155,amacice,Abrazo en el que una persona estrecha intensamente a otra al bailar.,https://raw.githubusercontent.com/MariaaPinzon/ImagesEvaluatingMLLM/refs/heads/main/GPT/IdiomsSingleImage/singleImage_amacice.png
SINGLE_0156,amacise,"abrazo estrecho entre una pareja, especialmente al bailar",https://raw.githubusercontent.com/MariaaPinzon/ImagesEvaluatingMLLM/refs/heads/main/GPT/IdiomsSingleImage/singleImage_amacise.png
SINGLE_0157,amacizar,Abrazar fuertemente a la pareja en el baile.,https://raw.githubusercontent.com/MariaaPinzon/ImagesEvaluatingMLLM/refs/heads/main/GPT/IdiomsSingleImage/singleImage_amacizar.png
SINGLE_0158,amacizarse,"- abrazarse estrechamente una pareja, especialmente al bailar
- asegurarse económicamente",https://raw.githubusercontent.com/MariaaPinzon/ImagesEvaluatingMLLM/refs/heads/main/GPT/IdiomsSingleImage/singleImage_amacizarse.png
SINGLE_0159,amagallar,Presionar un tejido orgánico hasta volverlo blando.,https://raw.githubusercontent.com/MariaaPinzon/ImagesEvaluatingMLLM/refs/heads/main/GPT/IdiomsSingleImage/singleImage_amagallar.png
SINGLE_0160,amalayarse,"Sentirse mal por hacer algo indebido, arrepentirse.",https://raw.githubusercontent.com/MariaaPinzon/ImagesEvaluatingMLLM/refs/heads/main/GPT/IdiomsSingleImage/singleImage_amalayarse.png
SINGLE_0161,amanecedero,Establecimiento de diversión y fiesta donde se puede prolongar la celebración hasta que amanezca.,https://raw.githubusercontent.com/MariaaPinzon/ImagesEvaluatingMLLM/refs/heads/main/GPT/IdiomsSingleImage/singleImage_amanecedero.png
SINGLE_0162,amangualarse,"Ponerse de acuerdo dos o más personas en un plan para alcanzar un objetivo, generalmente ilícito o malicioso.",https://raw.githubusercontent.com/MariaaPinzon/ImagesEvaluatingMLLM/refs/heads/main/GPT/IdiomsSingleImage/singleImage_amangualarse.png
SINGLE_0163,amarradijo,Atadura que se hace de forma improvisada o sin cuidado.,https://raw.githubusercontent.com/MariaaPinzon/ImagesEvaluatingMLLM/refs/heads/main/GPT/IdiomsSingleImage/singleImage_amarradijo.png
SINGLE_0164,amartelado,"Referido una persona, apegado a alguien, generalmente madre e hijo.",https://raw.githubusercontent.com/MariaaPinzon/ImagesEvaluatingMLLM/refs/heads/main/GPT/IdiomsSingleImage/singleImage_amartelado.png
SINGLE_0165,amañado,que se adapta o se siente a gusto en un ambiente nuevo,https://raw.githubusercontent.com/MariaaPinzon/ImagesEvaluatingMLLM/refs/heads/main/GPT/IdiomsSingleImage/singleImage_ama%C3%B1ado.png
SINGLE_0166,amañador,"Referido a un lugar o a un espacio, que es cómodo y placentero.",https://raw.githubusercontent.com/MariaaPinzon/ImagesEvaluatingMLLM/refs/heads/main/GPT/IdiomsSingleImage/singleImage_ama%C3%B1ador.png
SINGLE_0167,amañarse,"Sentirse a gusto o adaptarse bien en un ambiente, en una actividad o en el uso de algo.",https://raw.githubusercontent.com/MariaaPinzon/ImagesEvaluatingMLLM/refs/heads/main/GPT/IdiomsSingleImage/singleImage_ama%C3%B1arse.png
SINGLE_0168,amaño,"- comodidad, agrado
- tiempo de convivencia prematrimonial",https://raw.githubusercontent.com/MariaaPinzon/ImagesEvaluatingMLLM/refs/heads/main/GPT/IdiomsSingleImage/singleImage_ama%C3%B1o.png
SINGLE_0169,ambicia,ambición,https://raw.githubusercontent.com/MariaaPinzon/ImagesEvaluatingMLLM/refs/heads/main/GPT/IdiomsSingleImage/singleImage_ambicia.png
SINGLE_0170,ambil,Líquido espeso que se obtiene del jugo cocinado del tabaco que se mezcla con sales vegetales y que se consume en prácticas rituales.,https://raw.githubusercontent.com/MariaaPinzon/ImagesEvaluatingMLLM/refs/heads/main/GPT/IdiomsSingleImage/singleImage_ambil.png
SINGLE_0171,amenito,"sí, así sea, correcto",https://raw.githubusercontent.com/MariaaPinzon/ImagesEvaluatingMLLM/refs/heads/main/GPT/IdiomsSingleImage/singleImage_amenito.png
SINGLE_0172,amero,Cada una de las hojas que envuelven la mazorca del maíz.,https://raw.githubusercontent.com/MariaaPinzon/ImagesEvaluatingMLLM/refs/heads/main/GPT/IdiomsSingleImage/singleImage_amero.png
SINGLE_0173,amigovio,Persona con la que se tiene una relación afectiva menos formal que el noviazgo.,https://raw.githubusercontent.com/MariaaPinzon/ImagesEvaluatingMLLM/refs/heads/main/GPT/IdiomsSingleImage/singleImage_amigovio.png
SINGLE_0174,amiguero,"Referido a una persona, que tiende a hacer y a tener muchos amigos.",https://raw.githubusercontent.com/MariaaPinzon/ImagesEvaluatingMLLM/refs/heads/main/GPT/IdiomsSingleImage/singleImage_amiguero.png
SINGLE_0175,amoblado,"- establecimiento en el que se arriendan habitaciones confortables a parejas para tener relaciones sexuales
- Lugar en el que las parejas alquilan habitaciones por horas para tener relaciones sexuales.",https://raw.githubusercontent.com/MariaaPinzon/ImagesEvaluatingMLLM/refs/heads/main/GPT/IdiomsSingleImage/singleImage_amoblado.png
SINGLE_0176,amojonarse,Ponerse en posición de cuclillas.,https://raw.githubusercontent.com/MariaaPinzon/ImagesEvaluatingMLLM/refs/heads/main/GPT/IdiomsSingleImage/singleImage_amojonarse.png
SINGLE_0177,amonado,"Referido a una persona, que tiene el cabello de color rubio claro.",https://raw.githubusercontent.com/MariaaPinzon/ImagesEvaluatingMLLM/refs/heads/main/GPT/IdiomsSingleImage/singleImage_amonado.png
SINGLE_0178,amontunarse,"volverse una persona rústica, de modales rudos, montaraz",https://raw.githubusercontent.com/MariaaPinzon/ImagesEvaluatingMLLM/refs/heads/main/GPT/IdiomsSingleImage/singleImage_amontunarse.png
SINGLE_0179,anaco,"Falda hecha de tela de una sola pieza, abierta al lado y ceñida a la cintura por una faja.",https://raw.githubusercontent.com/MariaaPinzon/ImagesEvaluatingMLLM/refs/heads/main/GPT/IdiomsSingleImage/singleImage_anaco.png
SINGLE_0180,anchar,"Referido a una persona o una cosa, hacer más ancho, engrosar o engordar.",https://raw.githubusercontent.com/MariaaPinzon/ImagesEvaluatingMLLM/refs/heads/main/GPT/IdiomsSingleImage/singleImage_anchar.png
SINGLE_0181,anche,Cáscara desmenuzada del grano de los cereales.,https://raw.githubusercontent.com/MariaaPinzon/ImagesEvaluatingMLLM/refs/heads/main/GPT/IdiomsSingleImage/singleImage_anche.png
SINGLE_0182,ancheta,Canasta con licores y alimentos finos que se regala en navidad.,https://raw.githubusercontent.com/MariaaPinzon/ImagesEvaluatingMLLM/refs/heads/main/GPT/IdiomsSingleImage/singleImage_ancheta.png
SINGLE_0183,anchovero,"Referido a una persona, que se aprovecha del más débil en una competencia.",https://raw.githubusercontent.com/MariaaPinzon/ImagesEvaluatingMLLM/refs/heads/main/GPT/IdiomsSingleImage/singleImage_anchovero.png
SINGLE_0184,andadera,"estado en el que una persona camina repetidamente de un sitio a otro, en algunos casos, sin propósito especial",https://raw.githubusercontent.com/MariaaPinzon/ImagesEvaluatingMLLM/refs/heads/main/GPT/IdiomsSingleImage/singleImage_andadera.png
SINGLE_0185,andado,Manera de caminar propia de una persona.,https://raw.githubusercontent.com/MariaaPinzon/ImagesEvaluatingMLLM/refs/heads/main/GPT/IdiomsSingleImage/singleImage_andado.png
SINGLE_0186,andar muy pinta,estar bien vestido,https://raw.githubusercontent.com/MariaaPinzon/ImagesEvaluatingMLLM/refs/heads/main/GPT/IdiomsSingleImage/singleImage_andar_muy_pinta.png
SINGLE_0187,andareguear,Andar una persona de un lado a otro sin rumbo fijo.,https://raw.githubusercontent.com/MariaaPinzon/ImagesEvaluatingMLLM/refs/heads/main/GPT/IdiomsSingleImage/singleImage_andareguear.png
SINGLE_0188,andonear,"andareguear, ir de un lugar a otro sin dirección determinada",https://raw.githubusercontent.com/MariaaPinzon/ImagesEvaluatingMLLM/refs/heads/main/GPT/IdiomsSingleImage/singleImage_andonear.png
SINGLE_0189,andén,Acera de una calle destinada a los peatones.,https://raw.githubusercontent.com/MariaaPinzon/ImagesEvaluatingMLLM/refs/heads/main/GPT/IdiomsSingleImage/singleImage_and%C3%A9n.png
SINGLE_0190,angarilla,"- Zancadilla.
- Pierna.",https://raw.githubusercontent.com/MariaaPinzon/ImagesEvaluatingMLLM/refs/heads/main/GPT/IdiomsSingleImage/singleImage_angarilla.png
SINGLE_0191,angeo,"Malla muy fina en tela o plástico, que se usa para que no pasen insectos como zancudos o mosquitos.",https://raw.githubusercontent.com/MariaaPinzon/ImagesEvaluatingMLLM/refs/heads/main/GPT/IdiomsSingleImage/singleImage_angeo.png
SINGLE_0192,angurria,ambición desmedida,https://raw.githubusercontent.com/MariaaPinzon/ImagesEvaluatingMLLM/refs/heads/main/GPT/IdiomsSingleImage/singleImage_angurria.png
SINGLE_0193,angurriento,"Referido a una persona, que desea poseer cada vez más bienes materiales.",https://raw.githubusercontent.com/MariaaPinzon/ImagesEvaluatingMLLM/refs/heads/main/GPT/IdiomsSingleImage/singleImage_angurriento.png
SINGLE_0194,angurrioso,"Referido a una persona, codiciosa y egoísta.",https://raw.githubusercontent.com/MariaaPinzon/ImagesEvaluatingMLLM/refs/heads/main/GPT/IdiomsSingleImage/singleImage_angurrioso.png
SINGLE_0195,anillar,"- Cambiar o ajustar los anillos de los pistones de un motor.
- Encuadernar un documento poniendo una espiral que sujeta hojas y pastas.",https://raw.githubusercontent.com/MariaaPinzon/ImagesEvaluatingMLLM/refs/heads/main/GPT/IdiomsSingleImage/singleImage_anillar.png
SINGLE_0196,animalero,Conjunto numeroso de animales.,https://raw.githubusercontent.com/MariaaPinzon/ImagesEvaluatingMLLM/refs/heads/main/GPT/IdiomsSingleImage/singleImage_animalero.png
SINGLE_0197,antejardín,Jardín que se sitúa en el espacio que antecede a la puerta principal de una casa.,https://raw.githubusercontent.com/MariaaPinzon/ImagesEvaluatingMLLM/refs/heads/main/GPT/IdiomsSingleImage/singleImage_antejard%C3%ADn.png
SINGLE_0198,antimotines,"- Miembro de este grupo especial de la policía.
- Referido a un grupo especial de policía o a uno de sus miembros encargados de controlar motines.
- Grupo especial de la policía que tiene por función evitar motines o restablecer el orden público.",https://raw.githubusercontent.com/MariaaPinzon/ImagesEvaluatingMLLM/refs/heads/main/GPT/IdiomsSingleImage/singleImage_antimotines.png
SINGLE_0199,antioqueñada,comportamiento que se considera típico de los habitantes del departamento de antioquia,https://raw.githubusercontent.com/MariaaPinzon/ImagesEvaluatingMLLM/refs/heads/main/GPT/IdiomsSingleImage/singleImage_antioque%C3%B1ada.png
SINGLE_0200,antisocial,Persona que socializa muy poco.,https://raw.githubusercontent.com/MariaaPinzon/ImagesEvaluatingMLLM/refs/heads/main/GPT/IdiomsSingleImage/singleImage_antisocial.png
SINGLE_0201,antojado,"Referido a una persona, que tiene antojos con frecuencia.",https://raw.githubusercontent.com/MariaaPinzon/ImagesEvaluatingMLLM/refs/heads/main/GPT/IdiomsSingleImage/singleImage_antojado.png
SINGLE_0202,antojarse,Tener un intenso deseo por algo repentinamente.,https://raw.githubusercontent.com/MariaaPinzon/ImagesEvaluatingMLLM/refs/heads/main/GPT/IdiomsSingleImage/singleImage_antojarse.png
SINGLE_0203,antojoso,"Referido a una persona, que se provoca o antoja de algo con frecuencia.",https://raw.githubusercontent.com/MariaaPinzon/ImagesEvaluatingMLLM/refs/heads/main/GPT/IdiomsSingleImage/singleImage_antojoso.png
SINGLE_0204,antualito,"Ahora, en este momento.",https://raw.githubusercontent.com/MariaaPinzon/ImagesEvaluatingMLLM/refs/heads/main/GPT/IdiomsSingleImage/singleImage_antualito.png
SINGLE_0205,anzuelear,pescar con anzuelo,https://raw.githubusercontent.com/MariaaPinzon/ImagesEvaluatingMLLM/refs/heads/main/GPT/IdiomsSingleImage/singleImage_anzuelear.png
SINGLE_0206,anzueliar,pescar con anzuelo,https://raw.githubusercontent.com/MariaaPinzon/ImagesEvaluatingMLLM/refs/heads/main/GPT/IdiomsSingleImage/singleImage_anzueliar.png
SINGLE_0207,apachurrado,"- Referido a una persona, que no tiene ánimo o ganas de hacer algo.
- Referido a una persona, que está apretada por la presión de otras personas por falta de espacio.",https://raw.githubusercontent.com/MariaaPinzon/ImagesEvaluatingMLLM/refs/heads/main/GPT/IdiomsSingleImage/singleImage_apachurrado.png
SINGLE_0208,apachurrar,Hacer presión sobre algo hasta llegar a aplastarlo o comprimirlo.,https://raw.githubusercontent.com/MariaaPinzon/ImagesEvaluatingMLLM/refs/heads/main/GPT/IdiomsSingleImage/singleImage_apachurrar.png
SINGLE_0209,apalastrado,"Referido a una persona, cansada, extenuada.",https://raw.githubusercontent.com/MariaaPinzon/ImagesEvaluatingMLLM/refs/heads/main/GPT/IdiomsSingleImage/singleImage_apalastrado.png
SINGLE_0210,apanado,Recubrimiento de un alimento con una mezcla de pan rallado y huevo.,https://raw.githubusercontent.com/MariaaPinzon/ImagesEvaluatingMLLM/refs/heads/main/GPT/IdiomsSingleImage/singleImage_apanado.png
SINGLE_0211,apanar,Cubrir completamente un alimento con una mezcla de pan rallado y huevo antes de fritarlo.,https://raw.githubusercontent.com/MariaaPinzon/ImagesEvaluatingMLLM/refs/heads/main/GPT/IdiomsSingleImage/singleImage_apanar.png
SINGLE_0212,apapachar,"Consentir, mimar a una persona o un animal.",https://raw.githubusercontent.com/MariaaPinzon/ImagesEvaluatingMLLM/refs/heads/main/GPT/IdiomsSingleImage/singleImage_apapachar.png
SINGLE_0213,aparatejo,"Objeto anticuado, obsoleto.",https://raw.githubusercontent.com/MariaaPinzon/ImagesEvaluatingMLLM/refs/heads/main/GPT/IdiomsSingleImage/singleImage_aparatejo.png
SINGLE_0214,aparatiado,"Referido a una persona, que porta un arma de fuego.",https://raw.githubusercontent.com/MariaaPinzon/ImagesEvaluatingMLLM/refs/heads/main/GPT/IdiomsSingleImage/singleImage_aparatiado.png
SINGLE_0215,aparente,"Referido a una persona, que es hábil o competente en cualquier actividad.",https://raw.githubusercontent.com/MariaaPinzon/ImagesEvaluatingMLLM/refs/heads/main/GPT/IdiomsSingleImage/singleImage_aparente.png
SINGLE_0216,apartamentero,"- Persona especializada en el robo de los bienes de casas o apartamentos.
- persona experta en hurtar bienes de los apartamentos",https://raw.githubusercontent.com/MariaaPinzon/ImagesEvaluatingMLLM/refs/heads/main/GPT/IdiomsSingleImage/singleImage_apartamentero.png
SINGLE_0217,apechichar,"Consentir, mimar a una persona o un animal.",https://raw.githubusercontent.com/MariaaPinzon/ImagesEvaluatingMLLM/refs/heads/main/GPT/IdiomsSingleImage/singleImage_apechichar.png
SINGLE_0218,apelotardado,"Tonto, que actúa con poca inteligencia o poco entendimiento.",https://raw.githubusercontent.com/MariaaPinzon/ImagesEvaluatingMLLM/refs/heads/main/GPT/IdiomsSingleImage/singleImage_apelotardado.png
SINGLE_0219,apelotardar,Hacer que alguien actúe con poca inteligencia o poco entendimiento.,https://raw.githubusercontent.com/MariaaPinzon/ImagesEvaluatingMLLM/refs/heads/main/GPT/IdiomsSingleImage/singleImage_apelotardar.png
SINGLE_0220,apendejado,"dicho de una persona, atontada",https://raw.githubusercontent.com/MariaaPinzon/ImagesEvaluatingMLLM/refs/heads/main/GPT/IdiomsSingleImage/singleImage_apendejado.png
SINGLE_0221,apendejarse,Desanimarse o acobardarse.,https://raw.githubusercontent.com/MariaaPinzon/ImagesEvaluatingMLLM/refs/heads/main/GPT/IdiomsSingleImage/singleImage_apendejarse.png
SINGLE_0222,aperado,"dicho de una persona, provista de lo necesario, especialmente de ropa",https://raw.githubusercontent.com/MariaaPinzon/ImagesEvaluatingMLLM/refs/heads/main/GPT/IdiomsSingleImage/singleImage_aperado.png
SINGLE_0223,aperar,Proveer a una persona de los insumos básicos para satisfacer una necesidad.,https://raw.githubusercontent.com/MariaaPinzon/ImagesEvaluatingMLLM/refs/heads/main/GPT/IdiomsSingleImage/singleImage_aperar.png
SINGLE_0224,aperezado,que se siente falto de ánimo,https://raw.githubusercontent.com/MariaaPinzon/ImagesEvaluatingMLLM/refs/heads/main/GPT/IdiomsSingleImage/singleImage_aperezado.png
SINGLE_0225,apero,"- silla y demás arreos para montar en una cabalgadura
- Silla y otros implementos que se ponen al caballo para cabalgar o a otras bestias para cargarlas.",https://raw.githubusercontent.com/MariaaPinzon/ImagesEvaluatingMLLM/refs/heads/main/GPT/IdiomsSingleImage/singleImage_apero.png
SINGLE_0226,apeto,Hambre.,https://raw.githubusercontent.com/MariaaPinzon/ImagesEvaluatingMLLM/refs/heads/main/GPT/IdiomsSingleImage/singleImage_apeto.png
SINGLE_0227,apeñuscado,"Amontonado, apiñado.",https://raw.githubusercontent.com/MariaaPinzon/ImagesEvaluatingMLLM/refs/heads/main/GPT/IdiomsSingleImage/singleImage_ape%C3%B1uscado.png
SINGLE_0228,apicharse,"Referido a un líquido o un alimento, descomponerse y despedir mal olor.",https://raw.githubusercontent.com/MariaaPinzon/ImagesEvaluatingMLLM/refs/heads/main/GPT/IdiomsSingleImage/singleImage_apicharse.png
SINGLE_0229,apilonar,"- Reunirse o juntarse muchas personas en un sitio.
- Reunir objetos formando montones.",https://raw.githubusercontent.com/MariaaPinzon/ImagesEvaluatingMLLM/refs/heads/main/GPT/IdiomsSingleImage/singleImage_apilonar.png
SINGLE_0230,aplanchada,"estado de decaimiento, desánimo",https://raw.githubusercontent.com/MariaaPinzon/ImagesEvaluatingMLLM/refs/heads/main/GPT/IdiomsSingleImage/singleImage_aplanchada.png
SINGLE_0231,aplanchado,"- Referido a una persona, que no tiene ánimos o ganas de hacer algo.
- Pastel de masa de hojaldre cubierta con una delgada capa de merengue.",https://raw.githubusercontent.com/MariaaPinzon/ImagesEvaluatingMLLM/refs/heads/main/GPT/IdiomsSingleImage/singleImage_aplanchado.png
SINGLE_0232,aplicador,"Palito de plástico cuyos extremos están forrados en algodón, que se usa para el aseo personal.",https://raw.githubusercontent.com/MariaaPinzon/ImagesEvaluatingMLLM/refs/heads/main/GPT/IdiomsSingleImage/singleImage_aplicador.png
SINGLE_0233,aporreada,Golpe recibido por una caída accidental.,https://raw.githubusercontent.com/MariaaPinzon/ImagesEvaluatingMLLM/refs/heads/main/GPT/IdiomsSingleImage/singleImage_aporreada.png
SINGLE_0234,aporreadura,"herida, marca o lesión que queda como consecuencia de un porrazo",https://raw.githubusercontent.com/MariaaPinzon/ImagesEvaluatingMLLM/refs/heads/main/GPT/IdiomsSingleImage/singleImage_aporreadura.png
SINGLE_0235,aporrear,"- Golpearse o lastimarse alguien accidentalmente.
- hacer reñir a los gallos de pelea, calzándoles botainas en las espuelas para que no se hieran o se maten
- golpearse, lastimarse
- Golpear la ropa enjabonada para quitarle lo sucio.",https://raw.githubusercontent.com/MariaaPinzon/ImagesEvaluatingMLLM/refs/heads/main/GPT/IdiomsSingleImage/singleImage_aporrear.png
SINGLE_0236,aporriada,"golpe, magulladura",https://raw.githubusercontent.com/MariaaPinzon/ImagesEvaluatingMLLM/refs/heads/main/GPT/IdiomsSingleImage/singleImage_aporriada.png
SINGLE_0237,aporriadura,"herida, marca o lesión que queda como consecuencia de un porrazo",https://raw.githubusercontent.com/MariaaPinzon/ImagesEvaluatingMLLM/refs/heads/main/GPT/IdiomsSingleImage/singleImage_aporriadura.png
SINGLE_0238,aporriar,"- hacer reñir a los gallos de pelea, calzándoles botainas en las espuelas para que no se hieran o se maten
- golpearse, lastimarse",https://raw.githubusercontent.com/MariaaPinzon/ImagesEvaluatingMLLM/refs/heads/main/GPT/IdiomsSingleImage/singleImage_aporriar.png
SINGLE_0239,aporrión,Golpe muy fuerte que sufre una persona al caerse o chocarse contra algo.,https://raw.githubusercontent.com/MariaaPinzon/ImagesEvaluatingMLLM/refs/heads/main/GPT/IdiomsSingleImage/singleImage_aporri%C3%B3n.png
SINGLE_0240,aportante,"Persona que hace pagos o aportes a entidades, en beneficio propio o de otras personas.",https://raw.githubusercontent.com/MariaaPinzon/ImagesEvaluatingMLLM/refs/heads/main/GPT/IdiomsSingleImage/singleImage_aportante.png
SINGLE_0241,apoyo,Primera leche que da la hembra en el ordeño.,https://raw.githubusercontent.com/MariaaPinzon/ImagesEvaluatingMLLM/refs/heads/main/GPT/IdiomsSingleImage/singleImage_apoyo.png
SINGLE_0242,apozarse,"- aposentarse el agua, quedar detenida en un sitio, formando un charco o pozo
- Referido al agua, acumularse en una hondonada formando un pozo o charco.",https://raw.githubusercontent.com/MariaaPinzon/ImagesEvaluatingMLLM/refs/heads/main/GPT/IdiomsSingleImage/singleImage_apozarse.png
SINGLE_0243,aprensible,"valle. dicho de una persona, que siente temor",https://raw.githubusercontent.com/MariaaPinzon/ImagesEvaluatingMLLM/refs/heads/main/GPT/IdiomsSingleImage/singleImage_aprensible.png
SINGLE_0244,apuntalar,e . tomar un refrigerio o licor,https://raw.githubusercontent.com/MariaaPinzon/ImagesEvaluatingMLLM/refs/heads/main/GPT/IdiomsSingleImage/singleImage_apuntalar.png
SINGLE_0245,apurruñar,apretar una persona o cosa,https://raw.githubusercontent.com/MariaaPinzon/ImagesEvaluatingMLLM/refs/heads/main/GPT/IdiomsSingleImage/singleImage_apurru%C3%B1ar.png
SINGLE_0246,apurón,"aprieto, trance difícil",https://raw.githubusercontent.com/MariaaPinzon/ImagesEvaluatingMLLM/refs/heads/main/GPT/IdiomsSingleImage/singleImage_apur%C3%B3n.png
SINGLE_0247,apuñaleada,Serie de heridas hechas violentamente con un puñal o arma semejante.,https://raw.githubusercontent.com/MariaaPinzon/ImagesEvaluatingMLLM/refs/heads/main/GPT/IdiomsSingleImage/singleImage_apu%C3%B1aleada.png
SINGLE_0248,apóstrofe,Signo gráfico que se usa para indicar la omisión de una letra o de un número.,https://raw.githubusercontent.com/MariaaPinzon/ImagesEvaluatingMLLM/refs/heads/main/GPT/IdiomsSingleImage/singleImage_ap%C3%B3strofe.png
SINGLE_0249,aquisito,Cerca de.,https://raw.githubusercontent.com/MariaaPinzon/ImagesEvaluatingMLLM/refs/heads/main/GPT/IdiomsSingleImage/singleImage_aquisito.png
SINGLE_0250,aquí entre nos,expresión con la que se confía un secreto a alguien,https://raw.githubusercontent.com/MariaaPinzon/ImagesEvaluatingMLLM/refs/heads/main/GPT/IdiomsSingleImage/singleImage_aqu%C3%AD_entre_nos.png
SINGLE_0251,arador,"Ácaro muy pequeño, de color rojo, que se adhiere a la piel de los mamíferos, causando mucho escozor.",https://raw.githubusercontent.com/MariaaPinzon/ImagesEvaluatingMLLM/refs/heads/main/GPT/IdiomsSingleImage/singleImage_arador.png
SINGLE_0252,araguato,"Referido a un color, café rojizo similar al del pelo del mono americano que tiene este nombre.",https://raw.githubusercontent.com/MariaaPinzon/ImagesEvaluatingMLLM/refs/heads/main/GPT/IdiomsSingleImage/singleImage_araguato.png
SINGLE_0253,arción,Correa de cuero que se cuelga de la silla de montar para sostener el estribo.,https://raw.githubusercontent.com/MariaaPinzon/ImagesEvaluatingMLLM/refs/heads/main/GPT/IdiomsSingleImage/singleImage_arci%C3%B3n.png
SINGLE_0254,ardencia,Sensación de ardor que se presenta desde el estómago hasta la faringe o en alguna herida.,https://raw.githubusercontent.com/MariaaPinzon/ImagesEvaluatingMLLM/refs/heads/main/GPT/IdiomsSingleImage/singleImage_ardencia.png
SINGLE_0255,ardiente,"Referido a una persona, que tiene una actividad sexual poco moderada.",https://raw.githubusercontent.com/MariaaPinzon/ImagesEvaluatingMLLM/refs/heads/main/GPT/IdiomsSingleImage/singleImage_ardiente.png
SINGLE_0256,arenilla,"Tipo de insecto díptero, diminuto y similar al jején que produce picaduras irritantes y con inflamación.",https://raw.githubusercontent.com/MariaaPinzon/ImagesEvaluatingMLLM/refs/heads/main/GPT/IdiomsSingleImage/singleImage_arenilla.png
SINGLE_0257,arepa,Por casualidad o buena suerte.,https://raw.githubusercontent.com/MariaaPinzon/ImagesEvaluatingMLLM/refs/heads/main/GPT/IdiomsSingleImage/singleImage_arepa.png
SINGLE_0258,arepera,"- mujer que realiza prácticas lesbianas
- Mujer homosexual.",https://raw.githubusercontent.com/MariaaPinzon/ImagesEvaluatingMLLM/refs/heads/main/GPT/IdiomsSingleImage/singleImage_arepera.png
SINGLE_0259,arepero,"Referido a una persona, que tiene buena suerte.",https://raw.githubusercontent.com/MariaaPinzon/ImagesEvaluatingMLLM/refs/heads/main/GPT/IdiomsSingleImage/singleImage_arepero.png
SINGLE_0260,areta,"Arete, adorno que se pone especialmente en la oreja y puede ser colgante o no.",https://raw.githubusercontent.com/MariaaPinzon/ImagesEvaluatingMLLM/refs/heads/main/GPT/IdiomsSingleImage/singleImage_areta.png
SINGLE_0261,argollado,que está comprometido en matrimonio y usa como prenda una argolla,https://raw.githubusercontent.com/MariaaPinzon/ImagesEvaluatingMLLM/refs/heads/main/GPT/IdiomsSingleImage/singleImage_argollado.png
SINGLE_0262,argollar,"- Poner argollas o un espiral de plástico a un conjunto de hojas por uno de los lados para sujetarlas.
- Engañar a alguien en un negocio, aprovechándose de su ingenuidad.",https://raw.githubusercontent.com/MariaaPinzon/ImagesEvaluatingMLLM/refs/heads/main/GPT/IdiomsSingleImage/singleImage_argollar.png
SINGLE_0263,argollero,"engañador, que trata de sacar ventaja",https://raw.githubusercontent.com/MariaaPinzon/ImagesEvaluatingMLLM/refs/heads/main/GPT/IdiomsSingleImage/singleImage_argollero.png
SINGLE_0264,arisco,"Referido a una persona o un animal, miedoso, nervioso.",https://raw.githubusercontent.com/MariaaPinzon/ImagesEvaluatingMLLM/refs/heads/main/GPT/IdiomsSingleImage/singleImage_arisco.png
SINGLE_0265,arito,Arete en forma de aro.,https://raw.githubusercontent.com/MariaaPinzon/ImagesEvaluatingMLLM/refs/heads/main/GPT/IdiomsSingleImage/singleImage_arito.png
SINGLE_0266,armar el pedo,"iniciar un lío, una gresca",https://raw.githubusercontent.com/MariaaPinzon/ImagesEvaluatingMLLM/refs/heads/main/GPT/IdiomsSingleImage/singleImage_armar_el_pedo.png
SINGLE_0267,armatroste,Aparato u objeto grande y de poca utilidad.,https://raw.githubusercontent.com/MariaaPinzon/ImagesEvaluatingMLLM/refs/heads/main/GPT/IdiomsSingleImage/singleImage_armatroste.png
SINGLE_0268,arniada,"Sopa cuyo ingrediente principal es el maíz blanco molido y se le agrega maíz, coles, arracacha, repollo y habas.",https://raw.githubusercontent.com/MariaaPinzon/ImagesEvaluatingMLLM/refs/heads/main/GPT/IdiomsSingleImage/singleImage_arniada.png
SINGLE_0269,arracachada,"Tontería, bobada",https://raw.githubusercontent.com/MariaaPinzon/ImagesEvaluatingMLLM/refs/heads/main/GPT/IdiomsSingleImage/singleImage_arracachada.png
SINGLE_0270,arrancamuelas,Caramelo de melcocha y coco de consistencia dura que al morderlo se pega en los dientes.,https://raw.githubusercontent.com/MariaaPinzon/ImagesEvaluatingMLLM/refs/heads/main/GPT/IdiomsSingleImage/singleImage_arrancamuelas.png
SINGLE_0271,arranchado,"individuo, militar o civil que come y duerme dentro del cuartel",https://raw.githubusercontent.com/MariaaPinzon/ImagesEvaluatingMLLM/refs/heads/main/GPT/IdiomsSingleImage/singleImage_arranchado.png
SINGLE_0272,arrancharse,Resistirse una persona o un animal a hacer algo.,https://raw.githubusercontent.com/MariaaPinzon/ImagesEvaluatingMLLM/refs/heads/main/GPT/IdiomsSingleImage/singleImage_arrancharse.png
SINGLE_0273,arreador,"Látigo con mango corto y tira de cuero larga, que se usa para arrear el ganado.",https://raw.githubusercontent.com/MariaaPinzon/ImagesEvaluatingMLLM/refs/heads/main/GPT/IdiomsSingleImage/singleImage_arreador.png
SINGLE_0274,arrechar,"- Enfurecer a alguien.
- Entrar en un estado de excitación sexual.",https://raw.githubusercontent.com/MariaaPinzon/ImagesEvaluatingMLLM/refs/heads/main/GPT/IdiomsSingleImage/singleImage_arrechar.png
SINGLE_0275,arrecharse,"enojarse, enfurecerse",https://raw.githubusercontent.com/MariaaPinzon/ImagesEvaluatingMLLM/refs/heads/main/GPT/IdiomsSingleImage/singleImage_arrecharse.png
SINGLE_0276,arrechera,"- Irritación o enojo violentos.
- Estado de excitación sexual.
- fuerte apetito sexual",https://raw.githubusercontent.com/MariaaPinzon/ImagesEvaluatingMLLM/refs/heads/main/GPT/IdiomsSingleImage/singleImage_arrechera.png
SINGLE_0277,arrechón,"Bebida alcohólica fermentada de la caña de azúcar, preparada con cola granulada, huevo de codorniz, borojó, leche, miel y aromatizantes, a la que se le atribuyen propiedades afrodisíacas.",https://raw.githubusercontent.com/MariaaPinzon/ImagesEvaluatingMLLM/refs/heads/main/GPT/IdiomsSingleImage/singleImage_arrech%C3%B3n.png
SINGLE_0278,arregionado,"Referido a una persona, que está furiosa, de mal genio.",https://raw.githubusercontent.com/MariaaPinzon/ImagesEvaluatingMLLM/refs/heads/main/GPT/IdiomsSingleImage/singleImage_arregionado.png
SINGLE_0279,arremedar,Imitar a alguien.,https://raw.githubusercontent.com/MariaaPinzon/ImagesEvaluatingMLLM/refs/heads/main/GPT/IdiomsSingleImage/singleImage_arremedar.png
SINGLE_0280,arrempujar,Empujar.,https://raw.githubusercontent.com/MariaaPinzon/ImagesEvaluatingMLLM/refs/heads/main/GPT/IdiomsSingleImage/singleImage_arrempujar.png
SINGLE_0281,arremuesco,"- Persona que no trabaja y vive a expensas de otros.
- Pareja sentimental, novio.
- Persona, especialmente un niño, que molesta mucho.",https://raw.githubusercontent.com/MariaaPinzon/ImagesEvaluatingMLLM/refs/heads/main/GPT/IdiomsSingleImage/singleImage_arremuesco.png
SINGLE_0282,arreo,Traslado del ganado de un lado a otro.,https://raw.githubusercontent.com/MariaaPinzon/ImagesEvaluatingMLLM/refs/heads/main/GPT/IdiomsSingleImage/singleImage_arreo.png
SINGLE_0283,arrequintar,arreglar o componer la carga de las bestias,https://raw.githubusercontent.com/MariaaPinzon/ImagesEvaluatingMLLM/refs/heads/main/GPT/IdiomsSingleImage/singleImage_arrequintar.png
SINGLE_0284,arrevolverado,"malgeniado, de trato difícil",https://raw.githubusercontent.com/MariaaPinzon/ImagesEvaluatingMLLM/refs/heads/main/GPT/IdiomsSingleImage/singleImage_arrevolverado.png
SINGLE_0285,arrevolverarse,"Alborotarse, animarse demasiado.",https://raw.githubusercontent.com/MariaaPinzon/ImagesEvaluatingMLLM/refs/heads/main/GPT/IdiomsSingleImage/singleImage_arrevolverarse.png
SINGLE_0286,arriado,"Referido a una persona, que no cuenta con recursos económicos.",https://raw.githubusercontent.com/MariaaPinzon/ImagesEvaluatingMLLM/refs/heads/main/GPT/IdiomsSingleImage/singleImage_arriado.png
SINGLE_0287,arribar,Llegar a un lugar generalmente por vía aérea.,https://raw.githubusercontent.com/MariaaPinzon/ImagesEvaluatingMLLM/refs/heads/main/GPT/IdiomsSingleImage/singleImage_arribar.png
SINGLE_0288,arrimadero,Muelle al que se acercan las canoas a lo largo de los ríos.,https://raw.githubusercontent.com/MariaaPinzon/ImagesEvaluatingMLLM/refs/heads/main/GPT/IdiomsSingleImage/singleImage_arrimadero.png
SINGLE_0289,arrimado,"Referido a una persona, que se aloja en una casa ajena y vive de los recursos del dueño.",https://raw.githubusercontent.com/MariaaPinzon/ImagesEvaluatingMLLM/refs/heads/main/GPT/IdiomsSingleImage/singleImage_arrimado.png
SINGLE_0290,arrimar,Ir donde una persona o a un sitio.,https://raw.githubusercontent.com/MariaaPinzon/ImagesEvaluatingMLLM/refs/heads/main/GPT/IdiomsSingleImage/singleImage_arrimar.png
SINGLE_0291,arriscar,"- doblar o doblarse algo hacia arriba
- Lograr o ser capaz de hacer algo.",https://raw.githubusercontent.com/MariaaPinzon/ImagesEvaluatingMLLM/refs/heads/main/GPT/IdiomsSingleImage/singleImage_arriscar.png
SINGLE_0292,arrivolverado,"malgeniado, de trato difícil",https://raw.githubusercontent.com/MariaaPinzon/ImagesEvaluatingMLLM/refs/heads/main/GPT/IdiomsSingleImage/singleImage_arrivolverado.png
SINGLE_0293,arrozudo,"Referido a una persona, que tiene la piel erizada como reacción a un hecho inesperado, o a la sensación de miedo o de frío.",https://raw.githubusercontent.com/MariaaPinzon/ImagesEvaluatingMLLM/refs/heads/main/GPT/IdiomsSingleImage/singleImage_arrozudo.png
SINGLE_0294,arrumbarse,"oxidarse una vasija de cobre, soltar rumbo",https://raw.githubusercontent.com/MariaaPinzon/ImagesEvaluatingMLLM/refs/heads/main/GPT/IdiomsSingleImage/singleImage_arrumbarse.png
SINGLE_0295,arrume,"pila, montón",https://raw.githubusercontent.com/MariaaPinzon/ImagesEvaluatingMLLM/refs/heads/main/GPT/IdiomsSingleImage/singleImage_arrume.png
SINGLE_0296,arrunche,"Demostración de afecto de una pareja en una cama o sofá, abrazándose y mimándose.",https://raw.githubusercontent.com/MariaaPinzon/ImagesEvaluatingMLLM/refs/heads/main/GPT/IdiomsSingleImage/singleImage_arrunche.png
SINGLE_0297,arrutanao,"Referido a una persona, que está arruinado.",https://raw.githubusercontent.com/MariaaPinzon/ImagesEvaluatingMLLM/refs/heads/main/GPT/IdiomsSingleImage/singleImage_arrutanao.png
SINGLE_0298,artillero,"En el fútbol, jugador que anota muchos goles.",https://raw.githubusercontent.com/MariaaPinzon/ImagesEvaluatingMLLM/refs/heads/main/GPT/IdiomsSingleImage/singleImage_artillero.png
SINGLE_0299,artista,"Referido a una persona, engreída y vanidosa.",https://raw.githubusercontent.com/MariaaPinzon/ImagesEvaluatingMLLM/refs/heads/main/GPT/IdiomsSingleImage/singleImage_artista.png
SINGLE_0300,aruñar,Lastimar la piel rasgándola con las uñas.,https://raw.githubusercontent.com/MariaaPinzon/ImagesEvaluatingMLLM/refs/heads/main/GPT/IdiomsSingleImage/singleImage_aru%C3%B1ar.png
SINGLE_0301,aruñón,Herida superficial que se hace con las uñas o algún elemento puntiagudo.,https://raw.githubusercontent.com/MariaaPinzon/ImagesEvaluatingMLLM/refs/heads/main/GPT/IdiomsSingleImage/singleImage_aru%C3%B1%C3%B3n.png
SINGLE_0302,asadero,Restaurante en el que se vende pollo o carnes a la brasa.,https://raw.githubusercontent.com/MariaaPinzon/ImagesEvaluatingMLLM/refs/heads/main/GPT/IdiomsSingleImage/singleImage_asadero.png
SINGLE_0303,asaltacunas,Persona que suele seducir a otra más joven.,https://raw.githubusercontent.com/MariaaPinzon/ImagesEvaluatingMLLM/refs/heads/main/GPT/IdiomsSingleImage/singleImage_asaltacunas.png
SINGLE_0304,aserruchar,cortar con serrucho,https://raw.githubusercontent.com/MariaaPinzon/ImagesEvaluatingMLLM/refs/heads/main/GPT/IdiomsSingleImage/singleImage_aserruchar.png
SINGLE_0305,aserrío,aserradero,https://raw.githubusercontent.com/MariaaPinzon/ImagesEvaluatingMLLM/refs/heads/main/GPT/IdiomsSingleImage/singleImage_aserr%C3%ADo.png
SINGLE_0306,asistencia,establecimiento público donde se sirven comidas,https://raw.githubusercontent.com/MariaaPinzon/ImagesEvaluatingMLLM/refs/heads/main/GPT/IdiomsSingleImage/singleImage_asistencia.png
SINGLE_0307,asistir,"residir, habitar",https://raw.githubusercontent.com/MariaaPinzon/ImagesEvaluatingMLLM/refs/heads/main/GPT/IdiomsSingleImage/singleImage_asistir.png
SINGLE_0308,asocio,En compañía de.,https://raw.githubusercontent.com/MariaaPinzon/ImagesEvaluatingMLLM/refs/heads/main/GPT/IdiomsSingleImage/singleImage_asocio.png
SINGLE_0309,asolapado,"Referido a una persona, que esconde sus actos y pensamientos.",https://raw.githubusercontent.com/MariaaPinzon/ImagesEvaluatingMLLM/refs/heads/main/GPT/IdiomsSingleImage/singleImage_asolapado.png
SINGLE_0310,asoleada,Exposición al sol por un tiempo prolongado.,https://raw.githubusercontent.com/MariaaPinzon/ImagesEvaluatingMLLM/refs/heads/main/GPT/IdiomsSingleImage/singleImage_asoleada.png
SINGLE_0311,asolear,Tomar el sol.,https://raw.githubusercontent.com/MariaaPinzon/ImagesEvaluatingMLLM/refs/heads/main/GPT/IdiomsSingleImage/singleImage_asolear.png
SINGLE_0312,asomadera,"Acción reiterada de asomarse a un balcón, una ventana o una puerta para contemplar algo.",https://raw.githubusercontent.com/MariaaPinzon/ImagesEvaluatingMLLM/refs/heads/main/GPT/IdiomsSingleImage/singleImage_asomadera.png
SINGLE_0313,aspavientero,"Referido a una persona, que hace demostraciones exageradas de sus sentimientos.",https://raw.githubusercontent.com/MariaaPinzon/ImagesEvaluatingMLLM/refs/heads/main/GPT/IdiomsSingleImage/singleImage_aspavientero.png
SINGLE_0314,asquiento,"Referido a una persona, que es propensa o siente asco o repugnancia por algo en exceso.",https://raw.githubusercontent.com/MariaaPinzon/ImagesEvaluatingMLLM/refs/heads/main/GPT/IdiomsSingleImage/singleImage_asquiento.png
SINGLE_0315,asustada,susto,https://raw.githubusercontent.com/MariaaPinzon/ImagesEvaluatingMLLM/refs/heads/main/GPT/IdiomsSingleImage/singleImage_asustada.png
SINGLE_0316,atacuñar,"- embutirse uno de alimentos
- rellenar un hueco o espacio vacío",https://raw.githubusercontent.com/MariaaPinzon/ImagesEvaluatingMLLM/refs/heads/main/GPT/IdiomsSingleImage/singleImage_atacu%C3%B1ar.png
SINGLE_0317,atado,Provisión de comida que se lleva para consumir en las faenas del campo o en un viaje.,https://raw.githubusercontent.com/MariaaPinzon/ImagesEvaluatingMLLM/refs/heads/main/GPT/IdiomsSingleImage/singleImage_atado.png
SINGLE_0318,atafagar,Sentir angustia por exceso de trabajo excesivo o por carencia de tiempo.,https://raw.githubusercontent.com/MariaaPinzon/ImagesEvaluatingMLLM/refs/heads/main/GPT/IdiomsSingleImage/singleImage_atafagar.png
SINGLE_0319,atalayero,"Referido a una persona, maleducada e inculta.",https://raw.githubusercontent.com/MariaaPinzon/ImagesEvaluatingMLLM/refs/heads/main/GPT/IdiomsSingleImage/singleImage_atalayero.png
SINGLE_0320,ataque,Estupendo o extraordinario.,https://raw.githubusercontent.com/MariaaPinzon/ImagesEvaluatingMLLM/refs/heads/main/GPT/IdiomsSingleImage/singleImage_ataque.png
SINGLE_0321,atarantado,"Referido a una persona, distraída, no presta atención de lo que pasa en su entorno.",https://raw.githubusercontent.com/MariaaPinzon/ImagesEvaluatingMLLM/refs/heads/main/GPT/IdiomsSingleImage/singleImage_atarantado.png
SINGLE_0322,atarantarse,Apresurarse a hacer algo sin pensar en sus consecuencias.,https://raw.githubusercontent.com/MariaaPinzon/ImagesEvaluatingMLLM/refs/heads/main/GPT/IdiomsSingleImage/singleImage_atarantarse.png
SINGLE_0323,atarragarse,Comer en exceso.,https://raw.githubusercontent.com/MariaaPinzon/ImagesEvaluatingMLLM/refs/heads/main/GPT/IdiomsSingleImage/singleImage_atarragarse.png
SINGLE_0324,atarraya,Red de pesca que tiene forma redonda y se usa en los ríos y parajes de poco fondo.,https://raw.githubusercontent.com/MariaaPinzon/ImagesEvaluatingMLLM/refs/heads/main/GPT/IdiomsSingleImage/singleImage_atarraya.png
SINGLE_0325,atarrayar,pescar con atarraya,https://raw.githubusercontent.com/MariaaPinzon/ImagesEvaluatingMLLM/refs/heads/main/GPT/IdiomsSingleImage/singleImage_atarrayar.png
SINGLE_0326,atarrosarse,Confundirse o sorprenderse ante algo inesperado.,https://raw.githubusercontent.com/MariaaPinzon/ImagesEvaluatingMLLM/refs/heads/main/GPT/IdiomsSingleImage/singleImage_atarrosarse.png
SINGLE_0327,atarván,"Persona grosera, agresiva y de modales toscos.",https://raw.githubusercontent.com/MariaaPinzon/ImagesEvaluatingMLLM/refs/heads/main/GPT/IdiomsSingleImage/singleImage_atarv%C3%A1n.png
SINGLE_0328,atarzanar,"- Presionar o abrumar a alguien para que haga algo.
- Abrazar fuertemente a alguien.",https://raw.githubusercontent.com/MariaaPinzon/ImagesEvaluatingMLLM/refs/heads/main/GPT/IdiomsSingleImage/singleImage_atarzanar.png
SINGLE_0329,ataviar,Portar grandes cantidades de algo.,https://raw.githubusercontent.com/MariaaPinzon/ImagesEvaluatingMLLM/refs/heads/main/GPT/IdiomsSingleImage/singleImage_ataviar.png
SINGLE_0330,atembado,"Tonto, que actúa con poca inteligencia o poco entendimiento.",https://raw.githubusercontent.com/MariaaPinzon/ImagesEvaluatingMLLM/refs/heads/main/GPT/IdiomsSingleImage/singleImage_atembado.png
SINGLE_0331,atembar,"embobar, atontar",https://raw.githubusercontent.com/MariaaPinzon/ImagesEvaluatingMLLM/refs/heads/main/GPT/IdiomsSingleImage/singleImage_atembar.png
SINGLE_0332,atembarse,"- Confundirse, desconcertarse.
- Desanimarse o acobardarse.",https://raw.githubusercontent.com/MariaaPinzon/ImagesEvaluatingMLLM/refs/heads/main/GPT/IdiomsSingleImage/singleImage_atembarse.png
SINGLE_0333,atenerse,Hacer recaer sobre otros las obligaciones o responsabilidades propias.,https://raw.githubusercontent.com/MariaaPinzon/ImagesEvaluatingMLLM/refs/heads/main/GPT/IdiomsSingleImage/singleImage_atenerse.png
SINGLE_0334,atenido,"Referido a una persona, que descarga sobre otros sus propias obligaciones.",https://raw.githubusercontent.com/MariaaPinzon/ImagesEvaluatingMLLM/refs/heads/main/GPT/IdiomsSingleImage/singleImage_atenido.png
SINGLE_0335,atesar,Exigir duramente a alguien que realice una tarea o cumpla con sus deberes.,https://raw.githubusercontent.com/MariaaPinzon/ImagesEvaluatingMLLM/refs/heads/main/GPT/IdiomsSingleImage/singleImage_atesar.png
SINGLE_0336,atierrar,rodear con tierra el pie de las plantas cultivadas formando un pequeño promontorio alrededor de ellas,https://raw.githubusercontent.com/MariaaPinzon/ImagesEvaluatingMLLM/refs/heads/main/GPT/IdiomsSingleImage/singleImage_atierrar.png
SINGLE_0337,atisbón,"fisgón, atisbador",https://raw.githubusercontent.com/MariaaPinzon/ImagesEvaluatingMLLM/refs/heads/main/GPT/IdiomsSingleImage/singleImage_atisb%C3%B3n.png
SINGLE_0338,atorador,Alimento con el que es fácil atorarse.,https://raw.githubusercontent.com/MariaaPinzon/ImagesEvaluatingMLLM/refs/heads/main/GPT/IdiomsSingleImage/singleImage_atorador.png
SINGLE_0339,atorarse,"Referido a una persona o un animal, ahogarse con algo que le obstaculiza la garganta.",https://raw.githubusercontent.com/MariaaPinzon/ImagesEvaluatingMLLM/refs/heads/main/GPT/IdiomsSingleImage/singleImage_atorarse.png
SINGLE_0340,atortolado,"Referido a una persona, asustada, atemorizada.",https://raw.githubusercontent.com/MariaaPinzon/ImagesEvaluatingMLLM/refs/heads/main/GPT/IdiomsSingleImage/singleImage_atortolado.png
SINGLE_0341,atortolarse,"azorarse, ponerse nervioso",https://raw.githubusercontent.com/MariaaPinzon/ImagesEvaluatingMLLM/refs/heads/main/GPT/IdiomsSingleImage/singleImage_atortolarse.png
SINGLE_0342,atotumarse,"atolondrarse, aturdirse momentáneamente",https://raw.githubusercontent.com/MariaaPinzon/ImagesEvaluatingMLLM/refs/heads/main/GPT/IdiomsSingleImage/singleImage_atotumarse.png
SINGLE_0343,atrabancado,Complicado o enmarañado.,https://raw.githubusercontent.com/MariaaPinzon/ImagesEvaluatingMLLM/refs/heads/main/GPT/IdiomsSingleImage/singleImage_atrabancado.png
SINGLE_0344,atracacunas,Persona que suele seducir a otra más jóven.,https://raw.githubusercontent.com/MariaaPinzon/ImagesEvaluatingMLLM/refs/heads/main/GPT/IdiomsSingleImage/singleImage_atracacunas.png
SINGLE_0345,atraviesa,cosecha menor que se obtiene fuera de las épocas de las cosechas principales,https://raw.githubusercontent.com/MariaaPinzon/ImagesEvaluatingMLLM/refs/heads/main/GPT/IdiomsSingleImage/singleImage_atraviesa.png
SINGLE_0346,atrincar,"trincar, atar fuertemente",https://raw.githubusercontent.com/MariaaPinzon/ImagesEvaluatingMLLM/refs/heads/main/GPT/IdiomsSingleImage/singleImage_atrincar.png
SINGLE_0347,atronado,"Referido a una persona, que es torpe o falto de habilidad.",https://raw.githubusercontent.com/MariaaPinzon/ImagesEvaluatingMLLM/refs/heads/main/GPT/IdiomsSingleImage/singleImage_atronado.png
SINGLE_0348,atufado,"Referido a una persona, que hace las cosas con rapidez o afanado.",https://raw.githubusercontent.com/MariaaPinzon/ImagesEvaluatingMLLM/refs/heads/main/GPT/IdiomsSingleImage/singleImage_atufado.png
SINGLE_0349,atulampado,"Tonto, que actúa con poca inteligencia o poco entendimiento.",https://raw.githubusercontent.com/MariaaPinzon/ImagesEvaluatingMLLM/refs/heads/main/GPT/IdiomsSingleImage/singleImage_atulampado.png
SINGLE_0350,atulampar,"Aturdir, desorientar.",https://raw.githubusercontent.com/MariaaPinzon/ImagesEvaluatingMLLM/refs/heads/main/GPT/IdiomsSingleImage/singleImage_atulampar.png
SINGLE_0351,aturugarse,Llenarse o atiborrarse alguien o algo.,https://raw.githubusercontent.com/MariaaPinzon/ImagesEvaluatingMLLM/refs/heads/main/GPT/IdiomsSingleImage/singleImage_aturugarse.png
SINGLE_0352,atutado,"Referido a alguien o a algo, cargado a las espaldas, sobre los hombros.",https://raw.githubusercontent.com/MariaaPinzon/ImagesEvaluatingMLLM/refs/heads/main/GPT/IdiomsSingleImage/singleImage_atutado.png
SINGLE_0353,auca,Niño muerto sin bautizar.,https://raw.githubusercontent.com/MariaaPinzon/ImagesEvaluatingMLLM/refs/heads/main/GPT/IdiomsSingleImage/singleImage_auca.png
SINGLE_0354,auchar,Asar la carne adobada en una parrilla.,https://raw.githubusercontent.com/MariaaPinzon/ImagesEvaluatingMLLM/refs/heads/main/GPT/IdiomsSingleImage/singleImage_auchar.png
SINGLE_0355,auditaje,Inspección de la contabilidad de una entidad hecha por un tercero para recopilar información y verificar que haya cumplido con las normas contables.,https://raw.githubusercontent.com/MariaaPinzon/ImagesEvaluatingMLLM/refs/heads/main/GPT/IdiomsSingleImage/singleImage_auditaje.png
SINGLE_0356,aulagas,Problemas o inconvenientes.,https://raw.githubusercontent.com/MariaaPinzon/ImagesEvaluatingMLLM/refs/heads/main/GPT/IdiomsSingleImage/singleImage_aulagas.png
SINGLE_0357,autoferro,"Vagón del ferrocarril, autopropulsado en el que se transportan pasajeros.",https://raw.githubusercontent.com/MariaaPinzon/ImagesEvaluatingMLLM/refs/heads/main/GPT/IdiomsSingleImage/singleImage_autoferro.png
SINGLE_0358,autopartes,Conjunto de piezas que componen un automóvil y se pueden vender individualmente.,https://raw.githubusercontent.com/MariaaPinzon/ImagesEvaluatingMLLM/refs/heads/main/GPT/IdiomsSingleImage/singleImage_autopartes.png
SINGLE_0359,averaguado,"Referido a la ropa húmeda, que se llena de puntos negros por dejarse varios días sin tender o no ventilarse bien.",https://raw.githubusercontent.com/MariaaPinzon/ImagesEvaluatingMLLM/refs/heads/main/GPT/IdiomsSingleImage/singleImage_averaguado.png
SINGLE_0360,averigüetas,"- Indagación intensa a varias personas sobre los pormenores de un asunto
- Referido a una persona, que suele fisgonear la vida de otros.",https://raw.githubusercontent.com/MariaaPinzon/ImagesEvaluatingMLLM/refs/heads/main/GPT/IdiomsSingleImage/singleImage_averig%C3%BCetas.png
SINGLE_0361,avionada,Acción en la que se toma provecho de los demás para sacar un beneficio propio.,https://raw.githubusercontent.com/MariaaPinzon/ImagesEvaluatingMLLM/refs/heads/main/GPT/IdiomsSingleImage/singleImage_avionada.png
SINGLE_0362,avispón,"- avispado, despierto, vivo
- dulce de maíz con miel, en forma de bola",https://raw.githubusercontent.com/MariaaPinzon/ImagesEvaluatingMLLM/refs/heads/main/GPT/IdiomsSingleImage/singleImage_avisp%C3%B3n.png
SINGLE_0363,avivatada,acción propia del avivato,https://raw.githubusercontent.com/MariaaPinzon/ImagesEvaluatingMLLM/refs/heads/main/GPT/IdiomsSingleImage/singleImage_avivatada.png
SINGLE_0364,avivato,"Referido a una persona, que es hábil para sacar provecho de los demás y de las circunstancias en beneficio propio sin preocuparse de los daños a terceros.",https://raw.githubusercontent.com/MariaaPinzon/ImagesEvaluatingMLLM/refs/heads/main/GPT/IdiomsSingleImage/singleImage_avivato.png
SINGLE_0365,avío,"- Provisión de comida que se lleva para consumir en las faenas del campo o en un viaje.
- Plato preparado y servido envuelto en hojas de bijao o plátano que consta de diferentes tipos de carnes, acompañado de plátano, papa o yuca y huevo.",https://raw.githubusercontent.com/MariaaPinzon/ImagesEvaluatingMLLM/refs/heads/main/GPT/IdiomsSingleImage/singleImage_av%C3%ADo.png
SINGLE_0366,ayahuasca,Bebida medicinal y ritual con propiedades psicotrópicas que se prepara mediante la cocción de esta planta.,https://raw.githubusercontent.com/MariaaPinzon/ImagesEvaluatingMLLM/refs/heads/main/GPT/IdiomsSingleImage/singleImage_ayahuasca.png
SINGLE_0367,ayayais,"Se usa para indicar lamento, queja, arrepentimiento.",https://raw.githubusercontent.com/MariaaPinzon/ImagesEvaluatingMLLM/refs/heads/main/GPT/IdiomsSingleImage/singleImage_ayayais.png
SINGLE_0368,ayuntar,poner el yugo a los bueyes,https://raw.githubusercontent.com/MariaaPinzon/ImagesEvaluatingMLLM/refs/heads/main/GPT/IdiomsSingleImage/singleImage_ayuntar.png
SINGLE_0369,azafate,"- bandeja
- Bandeja de diversos materiales, que tiene los bordes elevados y se usa para transportar objetos.",https://raw.githubusercontent.com/MariaaPinzon/ImagesEvaluatingMLLM/refs/heads/main/GPT/IdiomsSingleImage/singleImage_azafate.png
SINGLE_0370,azafato,bandeja,https://raw.githubusercontent.com/MariaaPinzon/ImagesEvaluatingMLLM/refs/heads/main/GPT/IdiomsSingleImage/singleImage_azafato.png
SINGLE_0371,azaroso,"Referido a una situación, que produce miedo o nervios.",https://raw.githubusercontent.com/MariaaPinzon/ImagesEvaluatingMLLM/refs/heads/main/GPT/IdiomsSingleImage/singleImage_azaroso.png
SINGLE_0372,azogado,"dicho de una persona, muy inquieta",https://raw.githubusercontent.com/MariaaPinzon/ImagesEvaluatingMLLM/refs/heads/main/GPT/IdiomsSingleImage/singleImage_azogado.png
SINGLE_0373,azorada,Impresión repentina causada por miedo o temor.,https://raw.githubusercontent.com/MariaaPinzon/ImagesEvaluatingMLLM/refs/heads/main/GPT/IdiomsSingleImage/singleImage_azorada.png
SINGLE_0374,azucararse,cristalizarse el azúcar de algún dulce,https://raw.githubusercontent.com/MariaaPinzon/ImagesEvaluatingMLLM/refs/heads/main/GPT/IdiomsSingleImage/singleImage_azucararse.png
SINGLE_0375,azúcar,Azúcar refinada dispuesta en cubos pequeños.,https://raw.githubusercontent.com/MariaaPinzon/ImagesEvaluatingMLLM/refs/heads/main/GPT/IdiomsSingleImage/singleImage_az%C3%BAcar.png
SINGLE_0376,añales,Muchos años.,https://raw.githubusercontent.com/MariaaPinzon/ImagesEvaluatingMLLM/refs/heads/main/GPT/IdiomsSingleImage/singleImage_a%C3%B1ales.png
SINGLE_0377,añangotarse,ponerse en cuclillas,https://raw.githubusercontent.com/MariaaPinzon/ImagesEvaluatingMLLM/refs/heads/main/GPT/IdiomsSingleImage/singleImage_a%C3%B1angotarse.png
SINGLE_0378,añingotarse,ponerse en cuclillas,https://raw.githubusercontent.com/MariaaPinzon/ImagesEvaluatingMLLM/refs/heads/main/GPT/IdiomsSingleImage/singleImage_a%C3%B1ingotarse.png
SINGLE_0379,babilejo,"palustre, herramienta de albañilería que consta de una pala triangular con un mango y se usa para extender la mezcla",https://raw.githubusercontent.com/MariaaPinzon/ImagesEvaluatingMLLM/refs/heads/main/GPT/IdiomsSingleImage/singleImage_babilejo.png
SINGLE_0380,babilla,Mujer fea.,https://raw.githubusercontent.com/MariaaPinzon/ImagesEvaluatingMLLM/refs/heads/main/GPT/IdiomsSingleImage/singleImage_babilla.png
SINGLE_0381,bacanería,"algo extraordinario, maravilloso",https://raw.githubusercontent.com/MariaaPinzon/ImagesEvaluatingMLLM/refs/heads/main/GPT/IdiomsSingleImage/singleImage_bacaner%C3%ADa.png
SINGLE_0382,bacano,"- Referido a una cosa o situación, estupenda o muy buena.
- dicho de una situación o cosa, excelente, muy buena",https://raw.githubusercontent.com/MariaaPinzon/ImagesEvaluatingMLLM/refs/heads/main/GPT/IdiomsSingleImage/singleImage_bacano.png
SINGLE_0383,bacenilla,"Recipiente cilíndrico, portátil, más ancho que alto, con un asa, que se utiliza para evacuar los excrementos.",https://raw.githubusercontent.com/MariaaPinzon/ImagesEvaluatingMLLM/refs/heads/main/GPT/IdiomsSingleImage/singleImage_bacenilla.png
SINGLE_0384,bachaco,Hormiga reina de gran tamaño y fuertes mandíbulas que se consume frita.,https://raw.githubusercontent.com/MariaaPinzon/ImagesEvaluatingMLLM/refs/heads/main/GPT/IdiomsSingleImage/singleImage_bachaco.png
SINGLE_0385,bacán,"- Forma de tratamiento usada entre amigos o compañeros.
- Hombre bueno, simpático y amable.",https://raw.githubusercontent.com/MariaaPinzon/ImagesEvaluatingMLLM/refs/heads/main/GPT/IdiomsSingleImage/singleImage_bac%C3%A1n.png
SINGLE_0386,badulaque,"persona inútil, falta de carácter",https://raw.githubusercontent.com/MariaaPinzon/ImagesEvaluatingMLLM/refs/heads/main/GPT/IdiomsSingleImage/singleImage_badulaque.png
SINGLE_0387,bagacear,desacreditar o despreciar a una persona,https://raw.githubusercontent.com/MariaaPinzon/ImagesEvaluatingMLLM/refs/heads/main/GPT/IdiomsSingleImage/singleImage_bagacear.png
SINGLE_0388,bahareque,"Material elaborado con barro y paja que se usa para rellenar y dar consistencia a una estructura de palos entretejidos utilizada en la construcción, especialmente de paredes de casas rústicas.",https://raw.githubusercontent.com/MariaaPinzon/ImagesEvaluatingMLLM/refs/heads/main/GPT/IdiomsSingleImage/singleImage_bahareque.png
SINGLE_0389,bahía,"Zona complementaria de una vía entre la calzada y la acera, en la que pueden estacionar los vehículos.",https://raw.githubusercontent.com/MariaaPinzon/ImagesEvaluatingMLLM/refs/heads/main/GPT/IdiomsSingleImage/singleImage_bah%C3%ADa.png
SINGLE_0390,bailar,"En el fútbol, esquivar hábilmente al adversario con movimientos rápidos.",https://raw.githubusercontent.com/MariaaPinzon/ImagesEvaluatingMLLM/refs/heads/main/GPT/IdiomsSingleImage/singleImage_bailar.png
SINGLE_0391,bajalenguas,Implemento médico de madera que se utiliza para hacer bajar la lengua y poder observar mejor la cavidad bucal.,https://raw.githubusercontent.com/MariaaPinzon/ImagesEvaluatingMLLM/refs/heads/main/GPT/IdiomsSingleImage/singleImage_bajalenguas.png
SINGLE_0392,bajar bandera,iniciar las ventas de un día,https://raw.githubusercontent.com/MariaaPinzon/ImagesEvaluatingMLLM/refs/heads/main/GPT/IdiomsSingleImage/singleImage_bajar_bandera.png
SINGLE_0393,bajareque,pared de palos entretejidos con cañas y barro,https://raw.githubusercontent.com/MariaaPinzon/ImagesEvaluatingMLLM/refs/heads/main/GPT/IdiomsSingleImage/singleImage_bajareque.png
SINGLE_0394,balaca,"Cinta, generalmente elástica, que se usa para sujetar el pelo hacia atrás o como adorno.",https://raw.githubusercontent.com/MariaaPinzon/ImagesEvaluatingMLLM/refs/heads/main/GPT/IdiomsSingleImage/singleImage_balaca.png
SINGLE_0395,balache,"Posibilidad de hacer algo, oportunidad.",https://raw.githubusercontent.com/MariaaPinzon/ImagesEvaluatingMLLM/refs/heads/main/GPT/IdiomsSingleImage/singleImage_balache.png
SINGLE_0396,balastro,"- Dispositivo eléctrico que regula el encendido de las luces fluorescentes.
- Conjunto de verduras, hortalizas y granos con los que se preparan algunas sopas.",https://raw.githubusercontent.com/MariaaPinzon/ImagesEvaluatingMLLM/refs/heads/main/GPT/IdiomsSingleImage/singleImage_balastro.png
SINGLE_0397,balay,"- Canasto de borde muy bajo, elaborado con fibras vegetales y que sirve especialmente para guardar el cazabe.
- Cedazo de fibra vegetal que se usa para cerner harina.",https://raw.githubusercontent.com/MariaaPinzon/ImagesEvaluatingMLLM/refs/heads/main/GPT/IdiomsSingleImage/singleImage_balay.png
SINGLE_0398,balcón,"Referido a algo, digno de ver u oír.",https://raw.githubusercontent.com/MariaaPinzon/ImagesEvaluatingMLLM/refs/heads/main/GPT/IdiomsSingleImage/singleImage_balc%C3%B3n.png
SINGLE_0399,baldío,"Referido a un terreno urbano, que todavía no se ha edificado y generalmente se encuentra abandonado.",https://raw.githubusercontent.com/MariaaPinzon/ImagesEvaluatingMLLM/refs/heads/main/GPT/IdiomsSingleImage/singleImage_bald%C3%ADo.png
SINGLE_0400,balear,Disparar a alguien o a algo de manera repetida con un arma de fuego.,https://raw.githubusercontent.com/MariaaPinzon/ImagesEvaluatingMLLM/refs/heads/main/GPT/IdiomsSingleImage/singleImage_balear.png
SINGLE_0401,balero,"- Juguete con que se practica este juego.
- Juego que consiste en lanzar y dejar caer una bola perforada para que se ensarte en la punta de un palo amarrado a ella.",https://raw.githubusercontent.com/MariaaPinzon/ImagesEvaluatingMLLM/refs/heads/main/GPT/IdiomsSingleImage/singleImage_balero.png
SINGLE_0402,balinera,Dispositivo mecánico de forma redonda con varios cuerpos esféricos incrustados que facilitan el rodamiento de un objeto.,https://raw.githubusercontent.com/MariaaPinzon/ImagesEvaluatingMLLM/refs/heads/main/GPT/IdiomsSingleImage/singleImage_balinera.png
SINGLE_0403,balneario,"Lugar turístico, generalmente situado junto al mar o un río, en el que se ofrece distracción al visitante.",https://raw.githubusercontent.com/MariaaPinzon/ImagesEvaluatingMLLM/refs/heads/main/GPT/IdiomsSingleImage/singleImage_balneario.png
SINGLE_0404,balota,Cada una de las esferas numeradas que se utilizan en los sorteos.,https://raw.githubusercontent.com/MariaaPinzon/ImagesEvaluatingMLLM/refs/heads/main/GPT/IdiomsSingleImage/singleImage_balota.png
SINGLE_0405,balso,"Madera extraída del árbol del mismo nombre que se caracteriza, principalmente, por ser muy liviana y emplearse para la elaboración de objetos.",https://raw.githubusercontent.com/MariaaPinzon/ImagesEvaluatingMLLM/refs/heads/main/GPT/IdiomsSingleImage/singleImage_balso.png
SINGLE_0406,balsámica,Aguardiente casero hecho hecho con caña de azúcar sin refinar.,https://raw.githubusercontent.com/MariaaPinzon/ImagesEvaluatingMLLM/refs/heads/main/GPT/IdiomsSingleImage/singleImage_bals%C3%A1mica.png
SINGLE_0407,balurdo,"Referido a una persona, inculta e ignorante.",https://raw.githubusercontent.com/MariaaPinzon/ImagesEvaluatingMLLM/refs/heads/main/GPT/IdiomsSingleImage/singleImage_balurdo.png
SINGLE_0408,bamba,Caucho recubierto de tela que se usa para sujetar el pelo en una cola.,https://raw.githubusercontent.com/MariaaPinzon/ImagesEvaluatingMLLM/refs/heads/main/GPT/IdiomsSingleImage/singleImage_bamba.png
SINGLE_0409,bambaludo,"Referido a una persona, que es mayor de edad, pero que no es hábil para ningún trabajo.",https://raw.githubusercontent.com/MariaaPinzon/ImagesEvaluatingMLLM/refs/heads/main/GPT/IdiomsSingleImage/singleImage_bambaludo.png
SINGLE_0410,bambazú,Malestar general que produce decaimiento.,https://raw.githubusercontent.com/MariaaPinzon/ImagesEvaluatingMLLM/refs/heads/main/GPT/IdiomsSingleImage/singleImage_bambaz%C3%BA.png
SINGLE_0411,bambinazo,"En el béisbol, batazo fuerte que excede los límites del campo.",https://raw.githubusercontent.com/MariaaPinzon/ImagesEvaluatingMLLM/refs/heads/main/GPT/IdiomsSingleImage/singleImage_bambinazo.png
SINGLE_0412,bambuquear,"- Hacer que una persona vaya de un lado a otro buscando conseguir algo, sin lograrlo.
- bailar bambuco o interpretarlo",https://raw.githubusercontent.com/MariaaPinzon/ImagesEvaluatingMLLM/refs/heads/main/GPT/IdiomsSingleImage/singleImage_bambuquear.png
SINGLE_0413,bambuquero,del bambuco o relacionado con él,https://raw.githubusercontent.com/MariaaPinzon/ImagesEvaluatingMLLM/refs/heads/main/GPT/IdiomsSingleImage/singleImage_bambuquero.png
SINGLE_0414,bananiar,Dilatar o hacer compleja la solución de un asunto.,https://raw.githubusercontent.com/MariaaPinzon/ImagesEvaluatingMLLM/refs/heads/main/GPT/IdiomsSingleImage/singleImage_bananiar.png
SINGLE_0415,banderear,"- Poner en evidencia a alguien.
- Burlarse de una persona en público o ponerla en ridículo.",https://raw.githubusercontent.com/MariaaPinzon/ImagesEvaluatingMLLM/refs/heads/main/GPT/IdiomsSingleImage/singleImage_banderear.png
SINGLE_0416,banderearse,"mostrarse, exhibirse",https://raw.githubusercontent.com/MariaaPinzon/ImagesEvaluatingMLLM/refs/heads/main/GPT/IdiomsSingleImage/singleImage_banderearse.png
SINGLE_0417,bandola,"Instrumento musical redondo, pequeño y con cuatro cuerdas dobles que se hacen sonar con una pieza en forma de uña.",https://raw.githubusercontent.com/MariaaPinzon/ImagesEvaluatingMLLM/refs/heads/main/GPT/IdiomsSingleImage/singleImage_bandola.png
SINGLE_0418,bangaña,Recipiente de uso doméstico hecho del fruto del totumo para guardar diferentes alimentos o cargar líquidos.,https://raw.githubusercontent.com/MariaaPinzon/ImagesEvaluatingMLLM/refs/heads/main/GPT/IdiomsSingleImage/singleImage_banga%C3%B1a.png
SINGLE_0419,bao,Vapor que exhalan las personas o animales cuando hay temperaturas bajas en el ambiente.,https://raw.githubusercontent.com/MariaaPinzon/ImagesEvaluatingMLLM/refs/heads/main/GPT/IdiomsSingleImage/singleImage_bao.png
SINGLE_0420,baquiano,Persona que conoce muy bien una región y sirve de guía.,https://raw.githubusercontent.com/MariaaPinzon/ImagesEvaluatingMLLM/refs/heads/main/GPT/IdiomsSingleImage/singleImage_baquiano.png
SINGLE_0421,bar,Mueble que se usa para guardar bebidas alcohólicas.,https://raw.githubusercontent.com/MariaaPinzon/ImagesEvaluatingMLLM/refs/heads/main/GPT/IdiomsSingleImage/singleImage_bar.png
SINGLE_0422,barajustar,"Quitar, separar con fuerza, arrancar.",https://raw.githubusercontent.com/MariaaPinzon/ImagesEvaluatingMLLM/refs/heads/main/GPT/IdiomsSingleImage/singleImage_barajustar.png
SINGLE_0423,barajuste,Estampida o huída de una res o del ganado.,https://raw.githubusercontent.com/MariaaPinzon/ImagesEvaluatingMLLM/refs/heads/main/GPT/IdiomsSingleImage/singleImage_barajuste.png
SINGLE_0424,baratero,Persona que vende mercancía a bajo precio.,https://raw.githubusercontent.com/MariaaPinzon/ImagesEvaluatingMLLM/refs/heads/main/GPT/IdiomsSingleImage/singleImage_baratero.png
SINGLE_0425,barbasqueado,"Referido a una persona, borracha.",https://raw.githubusercontent.com/MariaaPinzon/ImagesEvaluatingMLLM/refs/heads/main/GPT/IdiomsSingleImage/singleImage_barbasqueado.png
SINGLE_0426,barbasquear,Pescar mediante el uso de la planta del barbasco que se macera y se sumerge en el agua para intoxicar a los peces y atraparlos cuando suben a la superficie.,https://raw.githubusercontent.com/MariaaPinzon/ImagesEvaluatingMLLM/refs/heads/main/GPT/IdiomsSingleImage/singleImage_barbasquear.png
SINGLE_0427,barbuchas,"Hombre que lleva barba, generalmente, abundante y descuidada.",https://raw.githubusercontent.com/MariaaPinzon/ImagesEvaluatingMLLM/refs/heads/main/GPT/IdiomsSingleImage/singleImage_barbuchas.png
SINGLE_0428,bareque,pared de palos entretejidos con cañas y barro,https://raw.githubusercontent.com/MariaaPinzon/ImagesEvaluatingMLLM/refs/heads/main/GPT/IdiomsSingleImage/singleImage_bareque.png
SINGLE_0429,barequear,"En minería, sacar el oro de un yacimiento usando una batea para lavar la arena y lograr que se desprenda.",https://raw.githubusercontent.com/MariaaPinzon/ImagesEvaluatingMLLM/refs/heads/main/GPT/IdiomsSingleImage/singleImage_barequear.png
SINGLE_0430,barequeo,"En la minería, extracción manual de metales preciosos de los ríos, lavando la arena para separar y recoger dichos metales.",https://raw.githubusercontent.com/MariaaPinzon/ImagesEvaluatingMLLM/refs/heads/main/GPT/IdiomsSingleImage/singleImage_barequeo.png
SINGLE_0431,barequera,Vasija poco profunda y circular que se usa para barequear.,https://raw.githubusercontent.com/MariaaPinzon/ImagesEvaluatingMLLM/refs/heads/main/GPT/IdiomsSingleImage/singleImage_barequera.png
SINGLE_0432,barequero,"Persona que trabaja en la minería artesanal, extrayendo manualmente los metales y piedras preciosas sin ayuda de maquinaria pesada.",https://raw.githubusercontent.com/MariaaPinzon/ImagesEvaluatingMLLM/refs/heads/main/GPT/IdiomsSingleImage/singleImage_barequero.png
SINGLE_0433,bareta,cigarrillo de marihuana,https://raw.githubusercontent.com/MariaaPinzon/ImagesEvaluatingMLLM/refs/heads/main/GPT/IdiomsSingleImage/singleImage_bareta.png
SINGLE_0434,baretero,que fuma marihuana,https://raw.githubusercontent.com/MariaaPinzon/ImagesEvaluatingMLLM/refs/heads/main/GPT/IdiomsSingleImage/singleImage_baretero.png
SINGLE_0435,bareto,Cigarrillo de marihuana.,https://raw.githubusercontent.com/MariaaPinzon/ImagesEvaluatingMLLM/refs/heads/main/GPT/IdiomsSingleImage/singleImage_bareto.png
SINGLE_0436,barquilla,Cono de galleta en el que se sirven las bolas de helado.,https://raw.githubusercontent.com/MariaaPinzon/ImagesEvaluatingMLLM/refs/heads/main/GPT/IdiomsSingleImage/singleImage_barquilla.png
SINGLE_0437,barredura,"en la minería, conjunto de operaciones para recoger todo el oro contenido en determinado lugar de un aluvión",https://raw.githubusercontent.com/MariaaPinzon/ImagesEvaluatingMLLM/refs/heads/main/GPT/IdiomsSingleImage/singleImage_barredura.png
SINGLE_0438,barretón,Herramienta de labranza formada por un mango de madera y una paleta de hierro usada para abrir huecos.,https://raw.githubusercontent.com/MariaaPinzon/ImagesEvaluatingMLLM/refs/heads/main/GPT/IdiomsSingleImage/singleImage_barret%C3%B3n.png
SINGLE_0439,barrial,Lugar lleno de barro.,https://raw.githubusercontent.com/MariaaPinzon/ImagesEvaluatingMLLM/refs/heads/main/GPT/IdiomsSingleImage/singleImage_barrial.png
SINGLE_0440,barrigón,Niño de corta edad.,https://raw.githubusercontent.com/MariaaPinzon/ImagesEvaluatingMLLM/refs/heads/main/GPT/IdiomsSingleImage/singleImage_barrig%C3%B3n.png
SINGLE_0441,barrilete,"Juguete de armazón liviana recubierta de tela, papel o plástico y una cola, que se eleva cuando hay viento y controlamos a través de un hilo grueso.",https://raw.githubusercontent.com/MariaaPinzon/ImagesEvaluatingMLLM/refs/heads/main/GPT/IdiomsSingleImage/singleImage_barrilete.png
SINGLE_0442,barulaque,"Referido a un hombre joven, ocioso, que ocupa su tiempo en actividades no productivas.",https://raw.githubusercontent.com/MariaaPinzon/ImagesEvaluatingMLLM/refs/heads/main/GPT/IdiomsSingleImage/singleImage_barulaque.png
SINGLE_0443,bastimento,"- Conjunto de verduras, hortalizas y granos con los que se preparan algunas sopas.
- Provisión de comida que se lleva para consumir en las faenas del campo o en un viaje.",https://raw.githubusercontent.com/MariaaPinzon/ImagesEvaluatingMLLM/refs/heads/main/GPT/IdiomsSingleImage/singleImage_bastimento.png
SINGLE_0444,basuco,"cigarrillo de fuertes efectos alucinógenos, preparado a base de una mezcla de cocaína, marihuana y otras sustancias",https://raw.githubusercontent.com/MariaaPinzon/ImagesEvaluatingMLLM/refs/heads/main/GPT/IdiomsSingleImage/singleImage_basuco.png
SINGLE_0445,basuquear,fumar cigarrillo de basuco,https://raw.githubusercontent.com/MariaaPinzon/ImagesEvaluatingMLLM/refs/heads/main/GPT/IdiomsSingleImage/singleImage_basuquear.png
SINGLE_0446,basuquero,persona adicta al basuco o que comercia con este alucinógeno,https://raw.githubusercontent.com/MariaaPinzon/ImagesEvaluatingMLLM/refs/heads/main/GPT/IdiomsSingleImage/singleImage_basuquero.png
SINGLE_0447,bataclana,Prostituta.,https://raw.githubusercontent.com/MariaaPinzon/ImagesEvaluatingMLLM/refs/heads/main/GPT/IdiomsSingleImage/singleImage_bataclana.png
SINGLE_0448,batanear,Molestar o causar disgusto a alguien,https://raw.githubusercontent.com/MariaaPinzon/ImagesEvaluatingMLLM/refs/heads/main/GPT/IdiomsSingleImage/singleImage_batanear.png
SINGLE_0449,batata,pantorrilla,https://raw.githubusercontent.com/MariaaPinzon/ImagesEvaluatingMLLM/refs/heads/main/GPT/IdiomsSingleImage/singleImage_batata.png
SINGLE_0450,bate,"Hombre bien parecido, atractivo físicamente.",https://raw.githubusercontent.com/MariaaPinzon/ImagesEvaluatingMLLM/refs/heads/main/GPT/IdiomsSingleImage/singleImage_bate.png
SINGLE_0451,batearse,Besarse y acariciarse con intensidad.,https://raw.githubusercontent.com/MariaaPinzon/ImagesEvaluatingMLLM/refs/heads/main/GPT/IdiomsSingleImage/singleImage_batearse.png
SINGLE_0452,batería,conjunto de utensilios destinados a la fabricación de miel o panela,https://raw.githubusercontent.com/MariaaPinzon/ImagesEvaluatingMLLM/refs/heads/main/GPT/IdiomsSingleImage/singleImage_bater%C3%ADa.png
SINGLE_0453,batola,"Prenda de vestir femenina de una sola pieza, larga y sin botones.",https://raw.githubusercontent.com/MariaaPinzon/ImagesEvaluatingMLLM/refs/heads/main/GPT/IdiomsSingleImage/singleImage_batola.png
SINGLE_0454,batuso,"Referido a una persona, llena de barro o de lodo, generalmente en las extremidades inferiores.",https://raw.githubusercontent.com/MariaaPinzon/ImagesEvaluatingMLLM/refs/heads/main/GPT/IdiomsSingleImage/singleImage_batuso.png
SINGLE_0455,batán,"conjunto de productos ordinarios de lana, como mantas, cobijas, colchones o ruanas",https://raw.githubusercontent.com/MariaaPinzon/ImagesEvaluatingMLLM/refs/heads/main/GPT/IdiomsSingleImage/singleImage_bat%C3%A1n.png
SINGLE_0456,bayetilla,Trozo de tela suave que se usa para limpiar.,https://raw.githubusercontent.com/MariaaPinzon/ImagesEvaluatingMLLM/refs/heads/main/GPT/IdiomsSingleImage/singleImage_bayetilla.png
SINGLE_0457,bazo,Dolor abdominal transitorio ocasionado por la actividad física.,https://raw.githubusercontent.com/MariaaPinzon/ImagesEvaluatingMLLM/refs/heads/main/GPT/IdiomsSingleImage/singleImage_bazo.png
SINGLE_0458,bazuco,"Cigarrillo preparado con base de cocaína y otras sustancias que produce alucinaciones, agresividad y delirio de persecución.",https://raw.githubusercontent.com/MariaaPinzon/ImagesEvaluatingMLLM/refs/heads/main/GPT/IdiomsSingleImage/singleImage_bazuco.png
SINGLE_0459,bazuquear,fumar cigarrillo de basuco,https://raw.githubusercontent.com/MariaaPinzon/ImagesEvaluatingMLLM/refs/heads/main/GPT/IdiomsSingleImage/singleImage_bazuquear.png
SINGLE_0460,bazuquero,Persona adicta al bazuco.,https://raw.githubusercontent.com/MariaaPinzon/ImagesEvaluatingMLLM/refs/heads/main/GPT/IdiomsSingleImage/singleImage_bazuquero.png
SINGLE_0461,bebeco,"Referido a una persona o animal, que tiene el pelo y la piel blanca por falta de pigmentación.",https://raw.githubusercontent.com/MariaaPinzon/ImagesEvaluatingMLLM/refs/heads/main/GPT/IdiomsSingleImage/singleImage_bebeco.png
SINGLE_0462,bebedera,"Consumo prolongado, frecuente y en exceso de bebidas alcohólicas.",https://raw.githubusercontent.com/MariaaPinzon/ImagesEvaluatingMLLM/refs/heads/main/GPT/IdiomsSingleImage/singleImage_bebedera.png
SINGLE_0463,beber como una guapucha,beber mucho,https://raw.githubusercontent.com/MariaaPinzon/ImagesEvaluatingMLLM/refs/heads/main/GPT/IdiomsSingleImage/singleImage_beber_como_una_guapucha.png
SINGLE_0464,bebeta,reunión en la que se toma mucha bebida alcohólica,https://raw.githubusercontent.com/MariaaPinzon/ImagesEvaluatingMLLM/refs/heads/main/GPT/IdiomsSingleImage/singleImage_bebeta.png
SINGLE_0465,beich,De color café claro.,https://raw.githubusercontent.com/MariaaPinzon/ImagesEvaluatingMLLM/refs/heads/main/GPT/IdiomsSingleImage/singleImage_beich.png
SINGLE_0466,bejuco,"que está disgustado, de mal humor o encolerizado. s",https://raw.githubusercontent.com/MariaaPinzon/ImagesEvaluatingMLLM/refs/heads/main/GPT/IdiomsSingleImage/singleImage_bejuco.png
SINGLE_0467,belfo,"Referido a una persona, que tiene el maxilar inferior prominente.",https://raw.githubusercontent.com/MariaaPinzon/ImagesEvaluatingMLLM/refs/heads/main/GPT/IdiomsSingleImage/singleImage_belfo.png
SINGLE_0468,bemba,"- Boca de labios gruesos y abultados.
- Labio grueso y prominente, generalmente el inferior.",https://raw.githubusercontent.com/MariaaPinzon/ImagesEvaluatingMLLM/refs/heads/main/GPT/IdiomsSingleImage/singleImage_bemba.png
SINGLE_0469,bembear,"Hacer un gesto con los labios para indicar reprobación, desprecio o burla.",https://raw.githubusercontent.com/MariaaPinzon/ImagesEvaluatingMLLM/refs/heads/main/GPT/IdiomsSingleImage/singleImage_bembear.png
SINGLE_0470,bembudo,"Referido a una persona, que tiene labios gruesos.",https://raw.githubusercontent.com/MariaaPinzon/ImagesEvaluatingMLLM/refs/heads/main/GPT/IdiomsSingleImage/singleImage_bembudo.png
SINGLE_0471,bembón,"Referido a una persona, que tiene labios gruesos.",https://raw.githubusercontent.com/MariaaPinzon/ImagesEvaluatingMLLM/refs/heads/main/GPT/IdiomsSingleImage/singleImage_bemb%C3%B3n.png
SINGLE_0472,benjamín,Aparato con una rosca metálica en uno de sus extremos que se acopla a una roseta y sirve para conectar dos enchufes.,https://raw.githubusercontent.com/MariaaPinzon/ImagesEvaluatingMLLM/refs/heads/main/GPT/IdiomsSingleImage/singleImage_benjam%C3%ADn.png
SINGLE_0473,beriberi,"Vibración intensa de un vehículo automotor, producida especialmente por fallas en la alineación de sus ruedas.",https://raw.githubusercontent.com/MariaaPinzon/ImagesEvaluatingMLLM/refs/heads/main/GPT/IdiomsSingleImage/singleImage_beriberi.png
SINGLE_0474,berma,"En una carretera, bordes usados para el tránsito de peatones, animales y vehículos de emergencia.",https://raw.githubusercontent.com/MariaaPinzon/ImagesEvaluatingMLLM/refs/heads/main/GPT/IdiomsSingleImage/singleImage_berma.png
SINGLE_0475,berraquillo,"- Jugo elaborado con borojó, cangrejo, huevo de codorniz, bebidas alcohólicas, entre otros ingredientes que se le atribuyen propiedades afrodisíacas.
- Látigo hecho con un trozo de madera delgada y nudoso, muy resistente, lleva sujeto en uno de sus extremos una correa de cuero sin curtir.",https://raw.githubusercontent.com/MariaaPinzon/ImagesEvaluatingMLLM/refs/heads/main/GPT/IdiomsSingleImage/singleImage_berraquillo.png
SINGLE_0476,berreadera,"Llanto continuo y molesto, especialmente el de los niños.",https://raw.githubusercontent.com/MariaaPinzon/ImagesEvaluatingMLLM/refs/heads/main/GPT/IdiomsSingleImage/singleImage_berreadera.png
SINGLE_0477,berrenchín,Olor corporal avinagrado y penetrante por falta de aseo.,https://raw.githubusercontent.com/MariaaPinzon/ImagesEvaluatingMLLM/refs/heads/main/GPT/IdiomsSingleImage/singleImage_berrench%C3%ADn.png
SINGLE_0478,berrietas,"Referido a una persona, que llora mucho.",https://raw.githubusercontent.com/MariaaPinzon/ImagesEvaluatingMLLM/refs/heads/main/GPT/IdiomsSingleImage/singleImage_berrietas.png
SINGLE_0479,berrinche,"- Rabieta fuerte pero pasajera, especialmente en los niños.
- Olor a orina fuerte y concentrada.",https://raw.githubusercontent.com/MariaaPinzon/ImagesEvaluatingMLLM/refs/heads/main/GPT/IdiomsSingleImage/singleImage_berrinche.png
SINGLE_0480,berrinchín,"olor desagradable que, por desaseo, exhala una persona",https://raw.githubusercontent.com/MariaaPinzon/ImagesEvaluatingMLLM/refs/heads/main/GPT/IdiomsSingleImage/singleImage_berrinch%C3%ADn.png
SINGLE_0481,berriondo,"- persona mal intencionada
- persona audaz, valiente",https://raw.githubusercontent.com/MariaaPinzon/ImagesEvaluatingMLLM/refs/heads/main/GPT/IdiomsSingleImage/singleImage_berriondo.png
SINGLE_0482,berrión,niño llorón,https://raw.githubusercontent.com/MariaaPinzon/ImagesEvaluatingMLLM/refs/heads/main/GPT/IdiomsSingleImage/singleImage_berri%C3%B3n.png
SINGLE_0483,berroche,"- Desorden, brusquedad, juego.
- Aire alegre de la tambora, en el que una baqueta golpea el cuero y la otra la madera, creando un sonido particular que invita al baile.",https://raw.githubusercontent.com/MariaaPinzon/ImagesEvaluatingMLLM/refs/heads/main/GPT/IdiomsSingleImage/singleImage_berroche.png
SINGLE_0484,biao,Comida que se empaca envuelta en hojas de plátano y se lleva fuera de casa.,https://raw.githubusercontent.com/MariaaPinzon/ImagesEvaluatingMLLM/refs/heads/main/GPT/IdiomsSingleImage/singleImage_biao.png
SINGLE_0485,bichento,que es enfermizo,https://raw.githubusercontent.com/MariaaPinzon/ImagesEvaluatingMLLM/refs/heads/main/GPT/IdiomsSingleImage/singleImage_bichento.png
SINGLE_0486,bichirón,"que vagabundea, que va de una parte a otra",https://raw.githubusercontent.com/MariaaPinzon/ImagesEvaluatingMLLM/refs/heads/main/GPT/IdiomsSingleImage/singleImage_bichir%C3%B3n.png
SINGLE_0487,bichuraco,Cualquier objeto al que no se le denomina por su nombre específico porque no se sabe o no se recuerda.,https://raw.githubusercontent.com/MariaaPinzon/ImagesEvaluatingMLLM/refs/heads/main/GPT/IdiomsSingleImage/singleImage_bichuraco.png
SINGLE_0488,bichuria,conjunto de menudencias de cabrito y oveja,https://raw.githubusercontent.com/MariaaPinzon/ImagesEvaluatingMLLM/refs/heads/main/GPT/IdiomsSingleImage/singleImage_bichuria.png
SINGLE_0489,bichuría,"Plato que se prepara con vísceras de cordero, el marrano u oveja, con arroz mezclado con arveja, tomate, cebolla, ajo y pimentón.",https://raw.githubusercontent.com/MariaaPinzon/ImagesEvaluatingMLLM/refs/heads/main/GPT/IdiomsSingleImage/singleImage_bichur%C3%ADa.png
SINGLE_0490,bienmesabe,dulce de leche cuajada y hervida con panela,https://raw.githubusercontent.com/MariaaPinzon/ImagesEvaluatingMLLM/refs/heads/main/GPT/IdiomsSingleImage/singleImage_bienmesabe.png
SINGLE_0491,bifamiliar,"Referido a una vivienda, que está construida pegada a otra por uno de sus costados, pero son independientes.",https://raw.githubusercontent.com/MariaaPinzon/ImagesEvaluatingMLLM/refs/heads/main/GPT/IdiomsSingleImage/singleImage_bifamiliar.png
SINGLE_0492,bifé,"Mueble donde se guardan implementos de comedor como platos, vasos y manteles.",https://raw.githubusercontent.com/MariaaPinzon/ImagesEvaluatingMLLM/refs/heads/main/GPT/IdiomsSingleImage/singleImage_bif%C3%A9.png
SINGLE_0493,bija,Substancia de color rojo intenso que se usa como colorante o condimento y que se obtiene de la pulpa de las semillas de esta planta.,https://raw.githubusercontent.com/MariaaPinzon/ImagesEvaluatingMLLM/refs/heads/main/GPT/IdiomsSingleImage/singleImage_bija.png
SINGLE_0494,billullo,dinero,https://raw.githubusercontent.com/MariaaPinzon/ImagesEvaluatingMLLM/refs/heads/main/GPT/IdiomsSingleImage/singleImage_billullo.png
SINGLE_0495,billuyo,Dinero.,https://raw.githubusercontent.com/MariaaPinzon/ImagesEvaluatingMLLM/refs/heads/main/GPT/IdiomsSingleImage/singleImage_billuyo.png
SINGLE_0496,bilocho,"Referido a una persona, que tiene los ojos desviados de su posición normal.",https://raw.githubusercontent.com/MariaaPinzon/ImagesEvaluatingMLLM/refs/heads/main/GPT/IdiomsSingleImage/singleImage_bilocho.png
SINGLE_0497,bimba,Hombre homosexual.,https://raw.githubusercontent.com/MariaaPinzon/ImagesEvaluatingMLLM/refs/heads/main/GPT/IdiomsSingleImage/singleImage_bimba.png
SINGLE_0498,bimbo,Pavo.,https://raw.githubusercontent.com/MariaaPinzon/ImagesEvaluatingMLLM/refs/heads/main/GPT/IdiomsSingleImage/singleImage_bimbo.png
SINGLE_0499,birimbí,"- Especie de natilla que se hace con maíz molido fermentado, panela, coco y canela.
- Colada que se hace con maíz pilado fermentado, endulzado con panela, aromatizada con hojas de naranjo, canela y clavo, se puede mezclar con leche y servir frío o caliente.",https://raw.githubusercontent.com/MariaaPinzon/ImagesEvaluatingMLLM/refs/heads/main/GPT/IdiomsSingleImage/singleImage_birimb%C3%AD.png
SINGLE_0500,birra,Cerveza.,https://raw.githubusercontent.com/MariaaPinzon/ImagesEvaluatingMLLM/refs/heads/main/GPT/IdiomsSingleImage/singleImage_birra.png
SINGLE_0501,birria,"Afición incontrolable por un juego, deporte o pasatiempo.",https://raw.githubusercontent.com/MariaaPinzon/ImagesEvaluatingMLLM/refs/heads/main/GPT/IdiomsSingleImage/singleImage_birria.png
SINGLE_0502,birrioso,"Referido a una persona, aficionada en exceso a algún deporte o pasatiempo.",https://raw.githubusercontent.com/MariaaPinzon/ImagesEvaluatingMLLM/refs/heads/main/GPT/IdiomsSingleImage/singleImage_birrioso.png
SINGLE_0503,bisagra,Órgano sexual femenino.,https://raw.githubusercontent.com/MariaaPinzon/ImagesEvaluatingMLLM/refs/heads/main/GPT/IdiomsSingleImage/singleImage_bisagra.png
SINGLE_0504,biscorneto,"bizco, que padece estrabismo",https://raw.githubusercontent.com/MariaaPinzon/ImagesEvaluatingMLLM/refs/heads/main/GPT/IdiomsSingleImage/singleImage_biscorneto.png
SINGLE_0505,bisolejo,"Referido a una persona, que tiene los ojos desviados de su posición normal.",https://raw.githubusercontent.com/MariaaPinzon/ImagesEvaluatingMLLM/refs/heads/main/GPT/IdiomsSingleImage/singleImage_bisolejo.png
SINGLE_0506,bitoque,cánula que se asegura en el extremo del tubo para aplicar los enemas,https://raw.githubusercontent.com/MariaaPinzon/ImagesEvaluatingMLLM/refs/heads/main/GPT/IdiomsSingleImage/singleImage_bitoque.png
SINGLE_0507,bitute,"Comida, alimento.",https://raw.githubusercontent.com/MariaaPinzon/ImagesEvaluatingMLLM/refs/heads/main/GPT/IdiomsSingleImage/singleImage_bitute.png
SINGLE_0508,bizcochería,"Establecimiento donde se venden bizcochos, tortas.",https://raw.githubusercontent.com/MariaaPinzon/ImagesEvaluatingMLLM/refs/heads/main/GPT/IdiomsSingleImage/singleImage_bizcocher%C3%ADa.png
SINGLE_0509,bizcorneto,"- Referido a una persona, que padece de estrabismo.
- bizco, que padece estrabismo",https://raw.githubusercontent.com/MariaaPinzon/ImagesEvaluatingMLLM/refs/heads/main/GPT/IdiomsSingleImage/singleImage_bizcorneto.png
SINGLE_0510,blablablá,Ser poco serio en las afirmaciones.,https://raw.githubusercontent.com/MariaaPinzon/ImagesEvaluatingMLLM/refs/heads/main/GPT/IdiomsSingleImage/singleImage_blablabl%C3%A1.png
SINGLE_0511,blof,"Falsa apariencia, alarde.",https://raw.githubusercontent.com/MariaaPinzon/ImagesEvaluatingMLLM/refs/heads/main/GPT/IdiomsSingleImage/singleImage_blof.png
SINGLE_0512,blower,Cepillado de cabello con cepillo y secador.,https://raw.githubusercontent.com/MariaaPinzon/ImagesEvaluatingMLLM/refs/heads/main/GPT/IdiomsSingleImage/singleImage_blower.png
SINGLE_0513,blumas,Prenda interior femenina que cubre generalmente desde la cintura hasta la ingle.,https://raw.githubusercontent.com/MariaaPinzon/ImagesEvaluatingMLLM/refs/heads/main/GPT/IdiomsSingleImage/singleImage_blumas.png
SINGLE_0514,bluyines,"pantalón de tela gruesa, generalmente azul, utilizado como prenda informal",https://raw.githubusercontent.com/MariaaPinzon/ImagesEvaluatingMLLM/refs/heads/main/GPT/IdiomsSingleImage/singleImage_bluyines.png
SINGLE_0515,bluyín,Pantalón de tela gruesa y generalmente de color azul.,https://raw.githubusercontent.com/MariaaPinzon/ImagesEvaluatingMLLM/refs/heads/main/GPT/IdiomsSingleImage/singleImage_bluy%C3%ADn.png
SINGLE_0516,bocana,"Para algunos pueblos nativos de la Amazonía colombiana, el oriente, el punto cardinal hacia el que ven dirigirse las desembocaduras de los ríos y quebradas en este territorio.",https://raw.githubusercontent.com/MariaaPinzon/ImagesEvaluatingMLLM/refs/heads/main/GPT/IdiomsSingleImage/singleImage_bocana.png
SINGLE_0517,bocel,"Listón, generalmente cromado, que se usa para proteger algunas partes de la carrocería del automóvil.",https://raw.githubusercontent.com/MariaaPinzon/ImagesEvaluatingMLLM/refs/heads/main/GPT/IdiomsSingleImage/singleImage_bocel.png
SINGLE_0518,bocelería,Conjunto de molduras cromadas que adornan un vehículo.,https://raw.githubusercontent.com/MariaaPinzon/ImagesEvaluatingMLLM/refs/heads/main/GPT/IdiomsSingleImage/singleImage_boceler%C3%ADa.png
SINGLE_0519,boconear,"fanfarronear, decir baladronadas",https://raw.githubusercontent.com/MariaaPinzon/ImagesEvaluatingMLLM/refs/heads/main/GPT/IdiomsSingleImage/singleImage_boconear.png
SINGLE_0520,bocín,"en el juego de tejo, artefacto que sirve de blanco, compuesto de un aro de metal, rodeado de mechas explosivas que estallan al contacto con los tejos",https://raw.githubusercontent.com/MariaaPinzon/ImagesEvaluatingMLLM/refs/heads/main/GPT/IdiomsSingleImage/singleImage_boc%C3%ADn.png
SINGLE_0521,bodegaje,Almacenamiento de bienes o mercancías en locales o bodegas.,https://raw.githubusercontent.com/MariaaPinzon/ImagesEvaluatingMLLM/refs/heads/main/GPT/IdiomsSingleImage/singleImage_bodegaje.png
SINGLE_0522,bogadera,"Bebida fría que se prepara con agua de panela, canela y limón.",https://raw.githubusercontent.com/MariaaPinzon/ImagesEvaluatingMLLM/refs/heads/main/GPT/IdiomsSingleImage/singleImage_bogadera.png
SINGLE_0523,bogar,"- Beber con avidez, rápidamente y sin detenerse.
- beber con avidez y sin detenerse",https://raw.githubusercontent.com/MariaaPinzon/ImagesEvaluatingMLLM/refs/heads/main/GPT/IdiomsSingleImage/singleImage_bogar.png
SINGLE_0524,boje,"blando, podrido",https://raw.githubusercontent.com/MariaaPinzon/ImagesEvaluatingMLLM/refs/heads/main/GPT/IdiomsSingleImage/singleImage_boje.png
SINGLE_0525,bojote,"- persona gorda
- Paquete envuelto de manera descuidada, sin forma.",https://raw.githubusercontent.com/MariaaPinzon/ImagesEvaluatingMLLM/refs/heads/main/GPT/IdiomsSingleImage/singleImage_bojote.png
SINGLE_0526,bolate,confusión por causa del movimiento desordenado de las personas,https://raw.githubusercontent.com/MariaaPinzon/ImagesEvaluatingMLLM/refs/heads/main/GPT/IdiomsSingleImage/singleImage_bolate.png
SINGLE_0527,bolañero,"Referido a una persona, maleducada e inculta.",https://raw.githubusercontent.com/MariaaPinzon/ImagesEvaluatingMLLM/refs/heads/main/GPT/IdiomsSingleImage/singleImage_bola%C3%B1ero.png
SINGLE_0528,bolear,despedir a alguien de un empleo,https://raw.githubusercontent.com/MariaaPinzon/ImagesEvaluatingMLLM/refs/heads/main/GPT/IdiomsSingleImage/singleImage_bolear.png
SINGLE_0529,bolera,Expresa molestia o fastidio.,https://raw.githubusercontent.com/MariaaPinzon/ImagesEvaluatingMLLM/refs/heads/main/GPT/IdiomsSingleImage/singleImage_bolera.png
SINGLE_0530,bolero,Boca y labios grandes y gruesos.,https://raw.githubusercontent.com/MariaaPinzon/ImagesEvaluatingMLLM/refs/heads/main/GPT/IdiomsSingleImage/singleImage_bolero.png
SINGLE_0531,boli,Jugo de fruta congelado que se vende en bolsas plásticas pequeñas.,https://raw.githubusercontent.com/MariaaPinzon/ImagesEvaluatingMLLM/refs/heads/main/GPT/IdiomsSingleImage/singleImage_boli.png
SINGLE_0532,bolinillo,Instrumento de cocina que consta de un palo y una rueda dentada en la punta que se usa para batir especialmente el chocolate.,https://raw.githubusercontent.com/MariaaPinzon/ImagesEvaluatingMLLM/refs/heads/main/GPT/IdiomsSingleImage/singleImage_bolinillo.png
SINGLE_0533,bolión,De una vez.,https://raw.githubusercontent.com/MariaaPinzon/ImagesEvaluatingMLLM/refs/heads/main/GPT/IdiomsSingleImage/singleImage_boli%C3%B3n.png
SINGLE_0534,bololó,Alboroto de gente reunida que se divierte o pelea.,https://raw.githubusercontent.com/MariaaPinzon/ImagesEvaluatingMLLM/refs/heads/main/GPT/IdiomsSingleImage/singleImage_bolol%C3%B3.png
SINGLE_0535,bolsicona,mujer que usa el bolsicón,https://raw.githubusercontent.com/MariaaPinzon/ImagesEvaluatingMLLM/refs/heads/main/GPT/IdiomsSingleImage/singleImage_bolsicona.png
SINGLE_0536,bolsicón,enaguas de tela de algodón,https://raw.githubusercontent.com/MariaaPinzon/ImagesEvaluatingMLLM/refs/heads/main/GPT/IdiomsSingleImage/singleImage_bolsic%C3%B3n.png
SINGLE_0537,bolsiquear,"- esculcar subrepticiamente los bolsillos de alguien
- Hurtar dinero u objetos de valor registrando sigilosamente los bolsillos o el bolso de la víctima.",https://raw.githubusercontent.com/MariaaPinzon/ImagesEvaluatingMLLM/refs/heads/main/GPT/IdiomsSingleImage/singleImage_bolsiquear.png
SINGLE_0538,bolsudo,Persona muy ingenua o sin iniciativa.,https://raw.githubusercontent.com/MariaaPinzon/ImagesEvaluatingMLLM/refs/heads/main/GPT/IdiomsSingleImage/singleImage_bolsudo.png
SINGLE_0539,bolsón,"- Persona tonta, sin inteligencia o iniciativa.
- tonto, sin inteligencia",https://raw.githubusercontent.com/MariaaPinzon/ImagesEvaluatingMLLM/refs/heads/main/GPT/IdiomsSingleImage/singleImage_bols%C3%B3n.png
SINGLE_0540,bombacho,"Referido a una prenda de vestir, que es ancha y generalmente estrecha en sus terminaciones.",https://raw.githubusercontent.com/MariaaPinzon/ImagesEvaluatingMLLM/refs/heads/main/GPT/IdiomsSingleImage/singleImage_bombacho.png
SINGLE_0541,bombada,"alud, mole de agua, tierra o piedras que se precipitan desde una altura",https://raw.githubusercontent.com/MariaaPinzon/ImagesEvaluatingMLLM/refs/heads/main/GPT/IdiomsSingleImage/singleImage_bombada.png
SINGLE_0542,bonche,"tumulto, desorden, algarabía, disturbio",https://raw.githubusercontent.com/MariaaPinzon/ImagesEvaluatingMLLM/refs/heads/main/GPT/IdiomsSingleImage/singleImage_bonche.png
SINGLE_0543,bongo,"- recipiente de madera o metal, de forma esférica y de poco fondo, empleado en las labores caseras
- Embarcación rústica, larga y plana utilizada como medio de transporte fluvial de personas o de cargas.
- Recipiente grande de plástico que se usa para almacenar agua, acumular ropa sucia o depositar basura.",https://raw.githubusercontent.com/MariaaPinzon/ImagesEvaluatingMLLM/refs/heads/main/GPT/IdiomsSingleImage/singleImage_bongo.png
SINGLE_0544,bonitico,"- Referido a una persona, que se estima por ser cariñosa o amorosa.
- Llamado piadoso a Dios.",https://raw.githubusercontent.com/MariaaPinzon/ImagesEvaluatingMLLM/refs/heads/main/GPT/IdiomsSingleImage/singleImage_bonitico.png
SINGLE_0545,boqueto,"- Referido a una persona, que tiene labio leporino.
- que tiene labio leporino",https://raw.githubusercontent.com/MariaaPinzon/ImagesEvaluatingMLLM/refs/heads/main/GPT/IdiomsSingleImage/singleImage_boqueto.png
SINGLE_0546,boquiar,Agonizar.,https://raw.githubusercontent.com/MariaaPinzon/ImagesEvaluatingMLLM/refs/heads/main/GPT/IdiomsSingleImage/singleImage_boquiar.png
SINGLE_0547,boquiduro,"Referido a una persona, mentirosa que oculta la verdad de los hechos aún bajo presión.",https://raw.githubusercontent.com/MariaaPinzon/ImagesEvaluatingMLLM/refs/heads/main/GPT/IdiomsSingleImage/singleImage_boquiduro.png
SINGLE_0548,boquiflojo,"Referido a una persona, que crea y difunde chismes o rumores.",https://raw.githubusercontent.com/MariaaPinzon/ImagesEvaluatingMLLM/refs/heads/main/GPT/IdiomsSingleImage/singleImage_boquiflojo.png
SINGLE_0549,boquinche,"- que tiene labio leporino
- Referido a una persona, que tiene labio leporino.",https://raw.githubusercontent.com/MariaaPinzon/ImagesEvaluatingMLLM/refs/heads/main/GPT/IdiomsSingleImage/singleImage_boquinche.png
SINGLE_0550,boquineto,"Referido a una persona, que tiene labio leporino.",https://raw.githubusercontent.com/MariaaPinzon/ImagesEvaluatingMLLM/refs/heads/main/GPT/IdiomsSingleImage/singleImage_boquineto.png
SINGLE_0551,boquisabroso,"Referido a una persona, que tiene gusto y paladar exquisito por la comida.",https://raw.githubusercontent.com/MariaaPinzon/ImagesEvaluatingMLLM/refs/heads/main/GPT/IdiomsSingleImage/singleImage_boquisabroso.png
SINGLE_0552,boquisucio,"Referido a una persona, que usa frecuentemente groserías o que dice obscenidades.",https://raw.githubusercontent.com/MariaaPinzon/ImagesEvaluatingMLLM/refs/heads/main/GPT/IdiomsSingleImage/singleImage_boquisucio.png
SINGLE_0553,boquín,que tiene labio leporino,https://raw.githubusercontent.com/MariaaPinzon/ImagesEvaluatingMLLM/refs/heads/main/GPT/IdiomsSingleImage/singleImage_boqu%C3%ADn.png
SINGLE_0554,bordón,"- Hijo menor de la familia.
- Palo largo y delgado que tiene en su punta una tira larga y flexible de cuero.",https://raw.githubusercontent.com/MariaaPinzon/ImagesEvaluatingMLLM/refs/heads/main/GPT/IdiomsSingleImage/singleImage_bord%C3%B3n.png
SINGLE_0555,boroló,"desorden, barullo",https://raw.githubusercontent.com/MariaaPinzon/ImagesEvaluatingMLLM/refs/heads/main/GPT/IdiomsSingleImage/singleImage_borol%C3%B3.png
SINGLE_0556,borondo,Paseo corto y casual que se hace caminando o en vehículo.,https://raw.githubusercontent.com/MariaaPinzon/ImagesEvaluatingMLLM/refs/heads/main/GPT/IdiomsSingleImage/singleImage_borondo.png
SINGLE_0557,boruga,Prostituta.,https://raw.githubusercontent.com/MariaaPinzon/ImagesEvaluatingMLLM/refs/heads/main/GPT/IdiomsSingleImage/singleImage_boruga.png
SINGLE_0558,botalón,"Poste clavado en el suelo que se usa para amarrar el ganado al que se va a amansar, herrar, curar o sacrificar.",https://raw.githubusercontent.com/MariaaPinzon/ImagesEvaluatingMLLM/refs/heads/main/GPT/IdiomsSingleImage/singleImage_botal%C3%B3n.png
SINGLE_0559,botaratas,"Referido a una persona, que gasta mucho dinero, generoso.",https://raw.githubusercontent.com/MariaaPinzon/ImagesEvaluatingMLLM/refs/heads/main/GPT/IdiomsSingleImage/singleImage_botaratas.png
SINGLE_0560,botarate,"despilfarrador, que gasta mucho dinero",https://raw.githubusercontent.com/MariaaPinzon/ImagesEvaluatingMLLM/refs/heads/main/GPT/IdiomsSingleImage/singleImage_botarate.png
SINGLE_0561,botilito,"Recipiente pequeño, generalmente de plástico, que se usa para transportar líquidos.",https://raw.githubusercontent.com/MariaaPinzon/ImagesEvaluatingMLLM/refs/heads/main/GPT/IdiomsSingleImage/singleImage_botilito.png
SINGLE_0562,bramadera,bravera o respiradero de los hornos,https://raw.githubusercontent.com/MariaaPinzon/ImagesEvaluatingMLLM/refs/heads/main/GPT/IdiomsSingleImage/singleImage_bramadera.png
SINGLE_0563,bramadero,"Poste clavado en el suelo que se usa para amarrar el ganado al que se va a amansar, herrar, curar o sacrificar.",https://raw.githubusercontent.com/MariaaPinzon/ImagesEvaluatingMLLM/refs/heads/main/GPT/IdiomsSingleImage/singleImage_bramadero.png
SINGLE_0564,bravero,"Referido a una persona, propensa a discusiones y peleas.",https://raw.githubusercontent.com/MariaaPinzon/ImagesEvaluatingMLLM/refs/heads/main/GPT/IdiomsSingleImage/singleImage_bravero.png
SINGLE_0565,braviar,Buscar pelea.,https://raw.githubusercontent.com/MariaaPinzon/ImagesEvaluatingMLLM/refs/heads/main/GPT/IdiomsSingleImage/singleImage_braviar.png
SINGLE_0566,briqué,Pequeño encendedor de bolsillo con el que se encienden principalmente cigarrillos.,https://raw.githubusercontent.com/MariaaPinzon/ImagesEvaluatingMLLM/refs/heads/main/GPT/IdiomsSingleImage/singleImage_briqu%C3%A9.png
SINGLE_0567,brisar,Lloviznar.,https://raw.githubusercontent.com/MariaaPinzon/ImagesEvaluatingMLLM/refs/heads/main/GPT/IdiomsSingleImage/singleImage_brisar.png
SINGLE_0568,bronquinoso,"Referido a una persona, que es conflictiva e incita a la pelea por causas leves.",https://raw.githubusercontent.com/MariaaPinzon/ImagesEvaluatingMLLM/refs/heads/main/GPT/IdiomsSingleImage/singleImage_bronquinoso.png
SINGLE_0569,brujiar,Enfermar a alguien física o espiritualmente mediante hechizos.,https://raw.githubusercontent.com/MariaaPinzon/ImagesEvaluatingMLLM/refs/heads/main/GPT/IdiomsSingleImage/singleImage_brujiar.png
SINGLE_0570,buchaca,Cada uno de los seis agujeros que tienen las mesas en que se juega uno de los tipos de billar.,https://raw.githubusercontent.com/MariaaPinzon/ImagesEvaluatingMLLM/refs/heads/main/GPT/IdiomsSingleImage/singleImage_buchaca.png
SINGLE_0571,buchipluma,"Referido a una persona, que presume de algo que no posee o de una capacidad que no tiene.",https://raw.githubusercontent.com/MariaaPinzon/ImagesEvaluatingMLLM/refs/heads/main/GPT/IdiomsSingleImage/singleImage_buchipluma.png
SINGLE_0572,buchácara,Juego de billar que consiste en introducir 15 bolas numeradas en seis troneras o buchacas impulsadas por la bola denominada atacadora.,https://raw.githubusercontent.com/MariaaPinzon/ImagesEvaluatingMLLM/refs/heads/main/GPT/IdiomsSingleImage/singleImage_buch%C3%A1cara.png
SINGLE_0573,buchón,"- Barrigón.
- Niño de corta edad.",https://raw.githubusercontent.com/MariaaPinzon/ImagesEvaluatingMLLM/refs/heads/main/GPT/IdiomsSingleImage/singleImage_buch%C3%B3n.png
SINGLE_0574,buenamente,Inútilmente o innecesariamente,https://raw.githubusercontent.com/MariaaPinzon/ImagesEvaluatingMLLM/refs/heads/main/GPT/IdiomsSingleImage/singleImage_buenamente.png
SINGLE_0575,buenamoza,"Ictericia o coloración amarillenta de la piel y las mucosas, producida por malestares hepáticos.",https://raw.githubusercontent.com/MariaaPinzon/ImagesEvaluatingMLLM/refs/heads/main/GPT/IdiomsSingleImage/singleImage_buenamoza.png
SINGLE_0576,buenavida,Persona que disfruta vivir bien y sin preocupaciones.,https://raw.githubusercontent.com/MariaaPinzon/ImagesEvaluatingMLLM/refs/heads/main/GPT/IdiomsSingleImage/singleImage_buenavida.png
SINGLE_0577,buenón,"Referido a una persona, atractiva, deseable.",https://raw.githubusercontent.com/MariaaPinzon/ImagesEvaluatingMLLM/refs/heads/main/GPT/IdiomsSingleImage/singleImage_buen%C3%B3n.png
SINGLE_0578,bufeo,"Delfín de agua dulce, de hasta 1.6 m longitud, con coloración gris, hocico similar al del delfín marino y aleta dorsal triangular",https://raw.githubusercontent.com/MariaaPinzon/ImagesEvaluatingMLLM/refs/heads/main/GPT/IdiomsSingleImage/singleImage_bufeo.png
SINGLE_0579,buitrón,Conducto por donde sale el humo de un horno o chimenea.,https://raw.githubusercontent.com/MariaaPinzon/ImagesEvaluatingMLLM/refs/heads/main/GPT/IdiomsSingleImage/singleImage_buitr%C3%B3n.png
SINGLE_0580,bujú,Puñetazo muy fuerte que se da a alguien en la espalda o en el estómago.,https://raw.githubusercontent.com/MariaaPinzon/ImagesEvaluatingMLLM/refs/heads/main/GPT/IdiomsSingleImage/singleImage_buj%C3%BA.png
SINGLE_0581,bulla,Crear falsas expectativas.,https://raw.githubusercontent.com/MariaaPinzon/ImagesEvaluatingMLLM/refs/heads/main/GPT/IdiomsSingleImage/singleImage_bulla.png
SINGLE_0582,bullaranga,"Desorden, bulla persistente.",https://raw.githubusercontent.com/MariaaPinzon/ImagesEvaluatingMLLM/refs/heads/main/GPT/IdiomsSingleImage/singleImage_bullaranga.png
SINGLE_0583,bullerengue,"Baile ejecutado por mujeres al ritmo de palmas, acompañada de tambores y canto coral.",https://raw.githubusercontent.com/MariaaPinzon/ImagesEvaluatingMLLM/refs/heads/main/GPT/IdiomsSingleImage/singleImage_bullerengue.png
SINGLE_0584,bulloso,"Referido a una persona o a un lugar, ruidosos, escandalosos.",https://raw.githubusercontent.com/MariaaPinzon/ImagesEvaluatingMLLM/refs/heads/main/GPT/IdiomsSingleImage/singleImage_bulloso.png
SINGLE_0585,bullugo,Cantidad de dinero que sobresale del bolsillo.,https://raw.githubusercontent.com/MariaaPinzon/ImagesEvaluatingMLLM/refs/heads/main/GPT/IdiomsSingleImage/singleImage_bullugo.png
SINGLE_0586,bulteador,hombre que trabaja llevando a cuestas bultos u otras cargas,https://raw.githubusercontent.com/MariaaPinzon/ImagesEvaluatingMLLM/refs/heads/main/GPT/IdiomsSingleImage/singleImage_bulteador.png
SINGLE_0587,bunde,"- Composición de la región del Tolima, de tono melancólico.
- Ritmo de origen africano de las comunidades del litoral pacífico usado en los ritos fúnebres.",https://raw.githubusercontent.com/MariaaPinzon/ImagesEvaluatingMLLM/refs/heads/main/GPT/IdiomsSingleImage/singleImage_bunde.png
SINGLE_0588,burear,"- Hacer enfurecer un perro provocándolo innecesariamente.
- Burlarse de alguien.",https://raw.githubusercontent.com/MariaaPinzon/ImagesEvaluatingMLLM/refs/heads/main/GPT/IdiomsSingleImage/singleImage_burear.png
SINGLE_0589,burriador,"juguete infantil que consiste en una hoja de lata de forma circular y dentada, con dos hoyos equidistantes del centro por los cuales pasa una cuerda delgada que atorzalada y luego estirada y aflojada rítmicamente, zumba",https://raw.githubusercontent.com/MariaaPinzon/ImagesEvaluatingMLLM/refs/heads/main/GPT/IdiomsSingleImage/singleImage_burriador.png
SINGLE_0590,burundanga,"Droga que actúa rápidamente sobre el cerebro y produce pérdida de memoria y la voluntad, que se le da a una persona para robarle.",https://raw.githubusercontent.com/MariaaPinzon/ImagesEvaluatingMLLM/refs/heads/main/GPT/IdiomsSingleImage/singleImage_burundanga.png
SINGLE_0591,burusa,Porción pequeña de un alimento.,https://raw.githubusercontent.com/MariaaPinzon/ImagesEvaluatingMLLM/refs/heads/main/GPT/IdiomsSingleImage/singleImage_burusa.png
SINGLE_0592,buscaniguas,Artefacto pirotécnico en forma de cohete sin varilla que cuando se lanza estalla a ras de piso.,https://raw.githubusercontent.com/MariaaPinzon/ImagesEvaluatingMLLM/refs/heads/main/GPT/IdiomsSingleImage/singleImage_buscaniguas.png
SINGLE_0593,buscapleitos,Persona que causa peleas y discusiones.,https://raw.githubusercontent.com/MariaaPinzon/ImagesEvaluatingMLLM/refs/heads/main/GPT/IdiomsSingleImage/singleImage_buscapleitos.png
SINGLE_0594,buscarle el pierde,a alguien o a algo . señalar características negativas de una persona o cosa para obtener algún propósito,https://raw.githubusercontent.com/MariaaPinzon/ImagesEvaluatingMLLM/refs/heads/main/GPT/IdiomsSingleImage/singleImage_buscarle_el_pierde.png
SINGLE_0595,buseto,Bus.,https://raw.githubusercontent.com/MariaaPinzon/ImagesEvaluatingMLLM/refs/heads/main/GPT/IdiomsSingleImage/singleImage_buseto.png
SINGLE_0596,bustona,"Referido a una mujer, que tiene el busto grande.",https://raw.githubusercontent.com/MariaaPinzon/ImagesEvaluatingMLLM/refs/heads/main/GPT/IdiomsSingleImage/singleImage_bustona.png
SINGLE_0597,butaca,"Asiento individual, sin espaldar ni brazos, de poca altura y generalmente de madera.",https://raw.githubusercontent.com/MariaaPinzon/ImagesEvaluatingMLLM/refs/heads/main/GPT/IdiomsSingleImage/singleImage_butaca.png
SINGLE_0598,butatón,Hinchazón que se produce al golpearse en alguna parte del cuerpo.,https://raw.githubusercontent.com/MariaaPinzon/ImagesEvaluatingMLLM/refs/heads/main/GPT/IdiomsSingleImage/singleImage_butat%C3%B3n.png
SINGLE_0599,buziraco,El diablo.,https://raw.githubusercontent.com/MariaaPinzon/ImagesEvaluatingMLLM/refs/heads/main/GPT/IdiomsSingleImage/singleImage_buziraco.png
SINGLE_0600,bómper,Pieza del automóvil situada en la parte delantera y trasera que sirve para amortiguar los golpes.,https://raw.githubusercontent.com/MariaaPinzon/ImagesEvaluatingMLLM/refs/heads/main/GPT/IdiomsSingleImage/singleImage_b%C3%B3mper.png
SINGLE_0601,cabecipelado,"Referido a una persona, con el pelo rapado.",https://raw.githubusercontent.com/MariaaPinzon/ImagesEvaluatingMLLM/refs/heads/main/GPT/IdiomsSingleImage/singleImage_cabecipelado.png
SINGLE_0602,cabecizoco,"Referido a una persona, calva.",https://raw.githubusercontent.com/MariaaPinzon/ImagesEvaluatingMLLM/refs/heads/main/GPT/IdiomsSingleImage/singleImage_cabecizoco.png
SINGLE_0603,cabellar,empezar a salir la mazorca de maíz,https://raw.githubusercontent.com/MariaaPinzon/ImagesEvaluatingMLLM/refs/heads/main/GPT/IdiomsSingleImage/singleImage_cabellar.png
SINGLE_0604,cabestrear,"- Guiar a un animal de un sitio a otro por medio del cabestro.
- Manipular a alguien.",https://raw.githubusercontent.com/MariaaPinzon/ImagesEvaluatingMLLM/refs/heads/main/GPT/IdiomsSingleImage/singleImage_cabestrear.png
SINGLE_0605,cabestro,Cuerda que se amarra a la jáquima de una bestia y la punta se lleva en la mano para conducirlo a algún sitio.,https://raw.githubusercontent.com/MariaaPinzon/ImagesEvaluatingMLLM/refs/heads/main/GPT/IdiomsSingleImage/singleImage_cabestro.png
SINGLE_0606,cabildo,Concejo de los líderes y las máximas autoridades de una comunidad indígena.,https://raw.githubusercontent.com/MariaaPinzon/ImagesEvaluatingMLLM/refs/heads/main/GPT/IdiomsSingleImage/singleImage_cabildo.png
SINGLE_0607,cabinero,Persona encargada de atender a los pasajeros y la tripulación durante un vuelo.,https://raw.githubusercontent.com/MariaaPinzon/ImagesEvaluatingMLLM/refs/heads/main/GPT/IdiomsSingleImage/singleImage_cabinero.png
SINGLE_0608,cabrestón,Persona tonta o de poco entendimiento.,https://raw.githubusercontent.com/MariaaPinzon/ImagesEvaluatingMLLM/refs/heads/main/GPT/IdiomsSingleImage/singleImage_cabrest%C3%B3n.png
SINGLE_0609,cabrilla,"- timón, volante
- Volante de un vehículo, especialmente del automóvil.",https://raw.githubusercontent.com/MariaaPinzon/ImagesEvaluatingMLLM/refs/heads/main/GPT/IdiomsSingleImage/singleImage_cabrilla.png
SINGLE_0610,cabrito,"Forma de preparar el pescado bocachico, relleno de verduras sofritas, se envuelve en hojas de bijao, se amarra con pita y se asa al carbón.",https://raw.githubusercontent.com/MariaaPinzon/ImagesEvaluatingMLLM/refs/heads/main/GPT/IdiomsSingleImage/singleImage_cabrito.png
SINGLE_0611,cabrón,stder. chivo viejo,https://raw.githubusercontent.com/MariaaPinzon/ImagesEvaluatingMLLM/refs/heads/main/GPT/IdiomsSingleImage/singleImage_cabr%C3%B3n.png
SINGLE_0612,cabuco,"- Referido a una persona, torpe, ignorante.
- Referido a una persona, hijo de un indígena y de un blanco.",https://raw.githubusercontent.com/MariaaPinzon/ImagesEvaluatingMLLM/refs/heads/main/GPT/IdiomsSingleImage/singleImage_cabuco.png
SINGLE_0613,caca,"- expresión que se usa para referirse a una persona de manera despectiva. ¡ese tipo es una caca
- expresión que se usa para apartar a los niños de algo sucio, peligroso o delicado. ¡caca niño, quítese de ahí",https://raw.githubusercontent.com/MariaaPinzon/ImagesEvaluatingMLLM/refs/heads/main/GPT/IdiomsSingleImage/singleImage_caca.png
SINGLE_0614,cacaotero,"- Relacionado con el cultivo y la industria del cacao y el chocolate.
- Persona que cultiva y negocia con el cacao o con el chocolate.",https://raw.githubusercontent.com/MariaaPinzon/ImagesEvaluatingMLLM/refs/heads/main/GPT/IdiomsSingleImage/singleImage_cacaotero.png
SINGLE_0615,cachacero,"- Referido a una persona, que consume frecuentemenete cachaza u otras bebidas embriagantes.
- Referido a una persona, que se dedica a la venta de bebidas embriagantes, especialmente de cachaza.",https://raw.githubusercontent.com/MariaaPinzon/ImagesEvaluatingMLLM/refs/heads/main/GPT/IdiomsSingleImage/singleImage_cachacero.png
SINGLE_0616,cachaco,"- Referido a una persona o algo, que procede de las familias tradicionales de Bogotá y que se distingue por su dicción o sus maneras particulares de comportarse.
- Persona del interior del país, especialmente de Bogotá.",https://raw.githubusercontent.com/MariaaPinzon/ImagesEvaluatingMLLM/refs/heads/main/GPT/IdiomsSingleImage/singleImage_cachaco.png
SINGLE_0617,cachada,cornada de un animal,https://raw.githubusercontent.com/MariaaPinzon/ImagesEvaluatingMLLM/refs/heads/main/GPT/IdiomsSingleImage/singleImage_cachada.png
SINGLE_0618,cachaloa,"- Prostituta.
- En la época colonial, moneda de aluminio de bordes ondeados en la que en un lado estaba el valor y en el otro las iniciales de la compañía francesa.",https://raw.githubusercontent.com/MariaaPinzon/ImagesEvaluatingMLLM/refs/heads/main/GPT/IdiomsSingleImage/singleImage_cachaloa.png
SINGLE_0619,cachamenta,conjunto de cuernos de algunos animales,https://raw.githubusercontent.com/MariaaPinzon/ImagesEvaluatingMLLM/refs/heads/main/GPT/IdiomsSingleImage/singleImage_cachamenta.png
SINGLE_0620,cachanga,Calzado artesanal en forma de sandalia hecha de lona y suela de cabuya,https://raw.githubusercontent.com/MariaaPinzon/ImagesEvaluatingMLLM/refs/heads/main/GPT/IdiomsSingleImage/singleImage_cachanga.png
SINGLE_0621,cachapa,"Tipo de arepa elaborada con maíz tierno, y que se sirve generalmente rellena de queso fresco.",https://raw.githubusercontent.com/MariaaPinzon/ImagesEvaluatingMLLM/refs/heads/main/GPT/IdiomsSingleImage/singleImage_cachapa.png
SINGLE_0622,cachapear,"cambiar una marca hecha a una res con el hierro candente por otra, con el fin de robarla",https://raw.githubusercontent.com/MariaaPinzon/ImagesEvaluatingMLLM/refs/heads/main/GPT/IdiomsSingleImage/singleImage_cachapear.png
SINGLE_0623,cachar,"- pillar, sorprender
- En el beisbol y deportes similares, jugar de receptor.",https://raw.githubusercontent.com/MariaaPinzon/ImagesEvaluatingMLLM/refs/heads/main/GPT/IdiomsSingleImage/singleImage_cachar.png
SINGLE_0624,cachareto,"Referido a un caballo o animales similares, con una oreja torcida o caída.",https://raw.githubusercontent.com/MariaaPinzon/ImagesEvaluatingMLLM/refs/heads/main/GPT/IdiomsSingleImage/singleImage_cachareto.png
SINGLE_0625,cacharrea,tratar de arreglar algún aparato sin ser muy experto en el oficio. estuvo cacharreando con la cicla,https://raw.githubusercontent.com/MariaaPinzon/ImagesEvaluatingMLLM/refs/heads/main/GPT/IdiomsSingleImage/singleImage_cacharrea.png
SINGLE_0626,cacharrear,"Tratar de arreglar, armar o usar algún aparato o programa informático sin ser un profesional en el oficio.",https://raw.githubusercontent.com/MariaaPinzon/ImagesEvaluatingMLLM/refs/heads/main/GPT/IdiomsSingleImage/singleImage_cacharrear.png
SINGLE_0627,cacharrero,"Persona a la que le gusta arreglar, armar, usar o experimentar con aparatos o programas informáticos sin ser profesional en el oficio.",https://raw.githubusercontent.com/MariaaPinzon/ImagesEvaluatingMLLM/refs/heads/main/GPT/IdiomsSingleImage/singleImage_cacharrero.png
SINGLE_0628,cacharro,"- Acontecimiento especial o gracioso digno de ser contado como anécdota.
- Automóvil viejo, deteriorado y que funciona mal.",https://raw.githubusercontent.com/MariaaPinzon/ImagesEvaluatingMLLM/refs/heads/main/GPT/IdiomsSingleImage/singleImage_cacharro.png
SINGLE_0629,cachaza,"- Licor destilado de la caña de azúcar.
- desfachatez, descaro",https://raw.githubusercontent.com/MariaaPinzon/ImagesEvaluatingMLLM/refs/heads/main/GPT/IdiomsSingleImage/singleImage_cachaza.png
SINGLE_0630,cachencho,"dicho de una persona, que por su edad se encuentra chocho",https://raw.githubusercontent.com/MariaaPinzon/ImagesEvaluatingMLLM/refs/heads/main/GPT/IdiomsSingleImage/singleImage_cachencho.png
SINGLE_0631,cachezudo,"Fino, con mucha distinción o elegancia.",https://raw.githubusercontent.com/MariaaPinzon/ImagesEvaluatingMLLM/refs/heads/main/GPT/IdiomsSingleImage/singleImage_cachezudo.png
SINGLE_0632,cachicado,"Referido al cabello, trasquilado o disparejo.",https://raw.githubusercontent.com/MariaaPinzon/ImagesEvaluatingMLLM/refs/heads/main/GPT/IdiomsSingleImage/singleImage_cachicado.png
SINGLE_0633,cachicar,"- Cortar de forma dispareja el cabello.
- Retirar con los dientes la carne que queda adherida a un hueso hasta dejarlo limpio.",https://raw.githubusercontent.com/MariaaPinzon/ImagesEvaluatingMLLM/refs/heads/main/GPT/IdiomsSingleImage/singleImage_cachicar.png
SINGLE_0634,cachichí,Hacer trampa o engañar.,https://raw.githubusercontent.com/MariaaPinzon/ImagesEvaluatingMLLM/refs/heads/main/GPT/IdiomsSingleImage/singleImage_cachich%C3%AD.png
SINGLE_0635,cachifa,Empleada del servicio doméstico.,https://raw.githubusercontent.com/MariaaPinzon/ImagesEvaluatingMLLM/refs/heads/main/GPT/IdiomsSingleImage/singleImage_cachifa.png
SINGLE_0636,cachifo,"- muchacho, adolescente
- Persona joven, adolescente.",https://raw.githubusercontent.com/MariaaPinzon/ImagesEvaluatingMLLM/refs/heads/main/GPT/IdiomsSingleImage/singleImage_cachifo.png
SINGLE_0637,cachilapo,"vehículo pequeño, carpado, utilizado para transportar personas, animales y bultos de regular tamaño",https://raw.githubusercontent.com/MariaaPinzon/ImagesEvaluatingMLLM/refs/heads/main/GPT/IdiomsSingleImage/singleImage_cachilapo.png
SINGLE_0638,cachimona,"tubo de lata con orificios, utilizado para echar los dados",https://raw.githubusercontent.com/MariaaPinzon/ImagesEvaluatingMLLM/refs/heads/main/GPT/IdiomsSingleImage/singleImage_cachimona.png
SINGLE_0639,cachimonis,modalidad de pago en efectivo y de inmediato,https://raw.githubusercontent.com/MariaaPinzon/ImagesEvaluatingMLLM/refs/heads/main/GPT/IdiomsSingleImage/singleImage_cachimonis.png
SINGLE_0640,cachiporro,"A mediados del siglo xx, miembro o simpatizante del Partido Liberal colombiano.",https://raw.githubusercontent.com/MariaaPinzon/ImagesEvaluatingMLLM/refs/heads/main/GPT/IdiomsSingleImage/singleImage_cachiporro.png
SINGLE_0641,cachitanta,"Arepa delgada de maíz blanco molido, acompañante de guisos y sopas.",https://raw.githubusercontent.com/MariaaPinzon/ImagesEvaluatingMLLM/refs/heads/main/GPT/IdiomsSingleImage/singleImage_cachitanta.png
SINGLE_0642,cachivera,Trayecto de un río en el que el caudal fluye con violencia por el estrechamiento o la inclinación de su cauce.,https://raw.githubusercontent.com/MariaaPinzon/ImagesEvaluatingMLLM/refs/heads/main/GPT/IdiomsSingleImage/singleImage_cachivera.png
SINGLE_0643,cachorrear,"buscar peleas, pendencias",https://raw.githubusercontent.com/MariaaPinzon/ImagesEvaluatingMLLM/refs/heads/main/GPT/IdiomsSingleImage/singleImage_cachorrear.png
SINGLE_0644,cachudo,"dicho de un animal, que tiene los cuernos grandes",https://raw.githubusercontent.com/MariaaPinzon/ImagesEvaluatingMLLM/refs/heads/main/GPT/IdiomsSingleImage/singleImage_cachudo.png
SINGLE_0645,cachumbo,Mechón de pelo crespo con forma de espiral.,https://raw.githubusercontent.com/MariaaPinzon/ImagesEvaluatingMLLM/refs/heads/main/GPT/IdiomsSingleImage/singleImage_cachumbo.png
SINGLE_0646,cachín,"Arepa aplanada, de maíz blanco molido, queso, sal y azúcar, asada en horno de leña.",https://raw.githubusercontent.com/MariaaPinzon/ImagesEvaluatingMLLM/refs/heads/main/GPT/IdiomsSingleImage/singleImage_cach%C3%ADn.png
SINGLE_0647,cacorrada,"- acción propia del cacorro
- trivialidad, tontería",https://raw.githubusercontent.com/MariaaPinzon/ImagesEvaluatingMLLM/refs/heads/main/GPT/IdiomsSingleImage/singleImage_cacorrada.png
SINGLE_0648,cacota,Cáscaras o residuos que quedan después del proceso de despulpar el café.,https://raw.githubusercontent.com/MariaaPinzon/ImagesEvaluatingMLLM/refs/heads/main/GPT/IdiomsSingleImage/singleImage_cacota.png
SINGLE_0649,cacreco,"Referido a una persona, envejecida que padece achaques.",https://raw.githubusercontent.com/MariaaPinzon/ImagesEvaluatingMLLM/refs/heads/main/GPT/IdiomsSingleImage/singleImage_cacreco.png
SINGLE_0650,caderón,"Referido a una persona, con caderas prominentes, especialmente las mujeres.",https://raw.githubusercontent.com/MariaaPinzon/ImagesEvaluatingMLLM/refs/heads/main/GPT/IdiomsSingleImage/singleImage_cader%C3%B3n.png
SINGLE_0651,caedizo,"- Techo artesanal y rústico, generalmente de construcciones muy pobres.
- Especie de bodega pequeña en la que se guardan cosas.
- Techo que sobresale de la pared.
- Sitio cubierto para resguardar algo o a alguien.",https://raw.githubusercontent.com/MariaaPinzon/ImagesEvaluatingMLLM/refs/heads/main/GPT/IdiomsSingleImage/singleImage_caedizo.png
SINGLE_0652,caer como pedrada en ojo tuerto,"dicho de algo, que ocurre de manera oportuna e inesperada",https://raw.githubusercontent.com/MariaaPinzon/ImagesEvaluatingMLLM/refs/heads/main/GPT/IdiomsSingleImage/singleImage_caer_como_pedrada_en_ojo_tuerto.png
SINGLE_0653,cafetín,café o taberna de baja condición social y dudosa reputación,https://raw.githubusercontent.com/MariaaPinzon/ImagesEvaluatingMLLM/refs/heads/main/GPT/IdiomsSingleImage/singleImage_cafet%C3%ADn.png
SINGLE_0654,caficultura,Cultivo y procesamiento del café.,https://raw.githubusercontent.com/MariaaPinzon/ImagesEvaluatingMLLM/refs/heads/main/GPT/IdiomsSingleImage/singleImage_caficultura.png
SINGLE_0655,cagado,"- Referido a una persona, que tiene mala suerte.
- Referido a una cosa, fácil de hacer.",https://raw.githubusercontent.com/MariaaPinzon/ImagesEvaluatingMLLM/refs/heads/main/GPT/IdiomsSingleImage/singleImage_cagado.png
SINGLE_0656,cagantina,Diarrea.,https://raw.githubusercontent.com/MariaaPinzon/ImagesEvaluatingMLLM/refs/heads/main/GPT/IdiomsSingleImage/singleImage_cagantina.png
SINGLE_0657,cagarruta,"Referido a algo o a alguien, especialmente un niño, que es pequeño.",https://raw.githubusercontent.com/MariaaPinzon/ImagesEvaluatingMLLM/refs/heads/main/GPT/IdiomsSingleImage/singleImage_cagarruta.png
SINGLE_0658,caguana,Bebida ligeramente fermentada y de consistencia espesa que se prepara con almidón de yuca brava y se saboriza con alguna fruta.,https://raw.githubusercontent.com/MariaaPinzon/ImagesEvaluatingMLLM/refs/heads/main/GPT/IdiomsSingleImage/singleImage_caguana.png
SINGLE_0659,caguetas,Niño pequeño.,https://raw.githubusercontent.com/MariaaPinzon/ImagesEvaluatingMLLM/refs/heads/main/GPT/IdiomsSingleImage/singleImage_caguetas.png
SINGLE_0660,cagüinga,"- En la industria panelera, utensilio que consiste en un palo largo de guadua o metálico al que se amarra una vasija metálica en el extremo, usado para revolver o traspasar la miel a otro recipiente.
- Espátula de madera usada para mezclar alimentos y despegarlos de una olla.",https://raw.githubusercontent.com/MariaaPinzon/ImagesEvaluatingMLLM/refs/heads/main/GPT/IdiomsSingleImage/singleImage_cag%C3%BCinga.png
SINGLE_0661,cagüingo,Persona sin importancia o que no tiene relevancia en una situación.,https://raw.githubusercontent.com/MariaaPinzon/ImagesEvaluatingMLLM/refs/heads/main/GPT/IdiomsSingleImage/singleImage_cag%C3%BCingo.png
SINGLE_0662,caimacán,Persona con autoridad o liderazgo.,https://raw.githubusercontent.com/MariaaPinzon/ImagesEvaluatingMLLM/refs/heads/main/GPT/IdiomsSingleImage/singleImage_caimac%C3%A1n.png
SINGLE_0663,caimanear,"Referido a un conductor, trabajar reemplazando por días a otros conductores de bus.",https://raw.githubusercontent.com/MariaaPinzon/ImagesEvaluatingMLLM/refs/heads/main/GPT/IdiomsSingleImage/singleImage_caimanear.png
SINGLE_0664,caimán,"- Pinza ancha y con dientes en ambos lados que sirve para sujetar el pelo.
- Hombre que trabaja reemplazando por días a los conductores de bus.
- individuo que substituye temporalmente a otro en su oficio o empleo",https://raw.githubusercontent.com/MariaaPinzon/ImagesEvaluatingMLLM/refs/heads/main/GPT/IdiomsSingleImage/singleImage_caim%C3%A1n.png
SINGLE_0665,caja de dientes,dentadura postiza,https://raw.githubusercontent.com/MariaaPinzon/ImagesEvaluatingMLLM/refs/heads/main/GPT/IdiomsSingleImage/singleImage_caja_de_dientes.png
SINGLE_0666,cajeta,"- Molde de aluminio en el que se acomodan los amasijos para hornearlos.
- Caja para guardar el chimó.",https://raw.githubusercontent.com/MariaaPinzon/ImagesEvaluatingMLLM/refs/heads/main/GPT/IdiomsSingleImage/singleImage_cajeta.png
SINGLE_0667,cajuela,agujero cuadrado que se deja en las paredes de los edificios para colocar un palo horizontal del andamio,https://raw.githubusercontent.com/MariaaPinzon/ImagesEvaluatingMLLM/refs/heads/main/GPT/IdiomsSingleImage/singleImage_cajuela.png
SINGLE_0668,cajulo,"Referido a una persona, poco culta, sin instrucción y de formas toscas.",https://raw.githubusercontent.com/MariaaPinzon/ImagesEvaluatingMLLM/refs/heads/main/GPT/IdiomsSingleImage/singleImage_cajulo.png
SINGLE_0669,calambombo,"hueso de la pierna. juré por los huesos de mis antepasados [ .] y por cuanto calambombo hay esparcido sobre la faz de la tierra no volver a montarme en ninguno de esos aparatos. (arango villegas, en montes, algunos aspectos del habla popular en tres escritores caldenses, 27",https://raw.githubusercontent.com/MariaaPinzon/ImagesEvaluatingMLLM/refs/heads/main/GPT/IdiomsSingleImage/singleImage_calambombo.png
SINGLE_0670,calambuco,"Recipiente de cualquier material que sirve para cargar líquidos, especialmente leche.",https://raw.githubusercontent.com/MariaaPinzon/ImagesEvaluatingMLLM/refs/heads/main/GPT/IdiomsSingleImage/singleImage_calambuco.png
SINGLE_0671,calanchín,"- Persona que negocia o firma un contrato usando su nombre para ocultar el del verdadero interesado.
- persona que, de acuerdo con terceros, actúa o interviene para que se realice una venta u otro negocio, en ocasiones ilícitos",https://raw.githubusercontent.com/MariaaPinzon/ImagesEvaluatingMLLM/refs/heads/main/GPT/IdiomsSingleImage/singleImage_calanch%C3%ADn.png
SINGLE_0672,calandraco,"flojo, descuidado, perezoso",https://raw.githubusercontent.com/MariaaPinzon/ImagesEvaluatingMLLM/refs/heads/main/GPT/IdiomsSingleImage/singleImage_calandraco.png
SINGLE_0673,calcetear,Incumplir las promesas hechas o los deberes adquiridos.,https://raw.githubusercontent.com/MariaaPinzon/ImagesEvaluatingMLLM/refs/heads/main/GPT/IdiomsSingleImage/singleImage_calcetear.png
SINGLE_0674,calceto,"Referido a una persona, desleal o que suele quedar mal o incumplir lo acordado.",https://raw.githubusercontent.com/MariaaPinzon/ImagesEvaluatingMLLM/refs/heads/main/GPT/IdiomsSingleImage/singleImage_calceto.png
SINGLE_0675,caldera,Aparato que funciona con gas o electricidad y que sirve para calentar el agua corriente de una edificación o de una vivienda.,https://raw.githubusercontent.com/MariaaPinzon/ImagesEvaluatingMLLM/refs/heads/main/GPT/IdiomsSingleImage/singleImage_caldera.png
SINGLE_0676,calentano,"- Panecillo hecho principalmente con harina de maíz.
- Referido a una persona, muy apegado a las costumbres de su región de origen.
- Referido a una persona o a algo, originaria o propia de las regiones de clima cálido de Colombia.",https://raw.githubusercontent.com/MariaaPinzon/ImagesEvaluatingMLLM/refs/heads/main/GPT/IdiomsSingleImage/singleImage_calentano.png
SINGLE_0677,calentarse,"- Enfandarse, enojarse.
- enojarse, encolerizarse",https://raw.githubusercontent.com/MariaaPinzon/ImagesEvaluatingMLLM/refs/heads/main/GPT/IdiomsSingleImage/singleImage_calentarse.png
SINGLE_0678,calentillo,Bebida aromática o infusión a base de varias hierbas que se brinda en los velorios.,https://raw.githubusercontent.com/MariaaPinzon/ImagesEvaluatingMLLM/refs/heads/main/GPT/IdiomsSingleImage/singleImage_calentillo.png
SINGLE_0679,calentura,"- Peligro.
- Enojo, ira.",https://raw.githubusercontent.com/MariaaPinzon/ImagesEvaluatingMLLM/refs/heads/main/GPT/IdiomsSingleImage/singleImage_calentura.png
SINGLE_0680,caleta,Lugar secreto usado por delincuentes para esconder personas o bienes con fines ilícitos.,https://raw.githubusercontent.com/MariaaPinzon/ImagesEvaluatingMLLM/refs/heads/main/GPT/IdiomsSingleImage/singleImage_caleta.png
SINGLE_0681,caleto,"Referido a una persona, que tiene o que porta mucho dinero.",https://raw.githubusercontent.com/MariaaPinzon/ImagesEvaluatingMLLM/refs/heads/main/GPT/IdiomsSingleImage/singleImage_caleto.png
SINGLE_0682,calibrador,Aparato que se usa para medir la presión del aire de las llantas de un vehículo.,https://raw.githubusercontent.com/MariaaPinzon/ImagesEvaluatingMLLM/refs/heads/main/GPT/IdiomsSingleImage/singleImage_calibrador.png
SINGLE_0683,calicanto,"Masa elaborada con la mezcla de diversos materiales, que se usa para unir las piezas de una obra de mampostería.",https://raw.githubusercontent.com/MariaaPinzon/ImagesEvaluatingMLLM/refs/heads/main/GPT/IdiomsSingleImage/singleImage_calicanto.png
SINGLE_0684,calidoso,"- Afable, cálido en el trato.
- Muy bueno en el oficio o tarea en la que se desempeña.",https://raw.githubusercontent.com/MariaaPinzon/ImagesEvaluatingMLLM/refs/heads/main/GPT/IdiomsSingleImage/singleImage_calidoso.png
SINGLE_0685,calientahuevos,"Referido a una persona, que le gusta provocar a alguien el deseo sexual sin llegar a concretarse el acto.",https://raw.githubusercontent.com/MariaaPinzon/ImagesEvaluatingMLLM/refs/heads/main/GPT/IdiomsSingleImage/singleImage_calientahuevos.png
SINGLE_0686,calilla,Tabaco largo y delgado.,https://raw.githubusercontent.com/MariaaPinzon/ImagesEvaluatingMLLM/refs/heads/main/GPT/IdiomsSingleImage/singleImage_calilla.png
SINGLE_0687,callana,"Especie de plato grande hecho de barro, empleado para asar arepas, tortillas o tostar granos.",https://raw.githubusercontent.com/MariaaPinzon/ImagesEvaluatingMLLM/refs/heads/main/GPT/IdiomsSingleImage/singleImage_callana.png
SINGLE_0688,calmado,"tranquilo, lento en el obrar, pacífico",https://raw.githubusercontent.com/MariaaPinzon/ImagesEvaluatingMLLM/refs/heads/main/GPT/IdiomsSingleImage/singleImage_calmado.png
SINGLE_0689,calostra,"calostro, primera leche que da la hembra después de parida",https://raw.githubusercontent.com/MariaaPinzon/ImagesEvaluatingMLLM/refs/heads/main/GPT/IdiomsSingleImage/singleImage_calostra.png
SINGLE_0690,calostre,"calostro, primera leche que da la hembra después de parida",https://raw.githubusercontent.com/MariaaPinzon/ImagesEvaluatingMLLM/refs/heads/main/GPT/IdiomsSingleImage/singleImage_calostre.png
SINGLE_0691,calungo,"dicho del perro o del cerdo, que no tiene pelo",https://raw.githubusercontent.com/MariaaPinzon/ImagesEvaluatingMLLM/refs/heads/main/GPT/IdiomsSingleImage/singleImage_calungo.png
SINGLE_0692,calvazo,"Golpe en seco que se da o se recibe en la cabeza, con la palma de la mano.",https://raw.githubusercontent.com/MariaaPinzon/ImagesEvaluatingMLLM/refs/heads/main/GPT/IdiomsSingleImage/singleImage_calvazo.png
SINGLE_0693,calvear,Rapar o cortar a alguien el pelo.,https://raw.githubusercontent.com/MariaaPinzon/ImagesEvaluatingMLLM/refs/heads/main/GPT/IdiomsSingleImage/singleImage_calvear.png
SINGLE_0694,calzonarias,"Par de tiras, generalmente elásticas, que sirven para sostener de los hombros el pantalón o alguna otra prenda de vestir.",https://raw.githubusercontent.com/MariaaPinzon/ImagesEvaluatingMLLM/refs/heads/main/GPT/IdiomsSingleImage/singleImage_calzonarias.png
SINGLE_0695,calzoncillos,Prenda interior masculina que llega a los tobillos.,https://raw.githubusercontent.com/MariaaPinzon/ImagesEvaluatingMLLM/refs/heads/main/GPT/IdiomsSingleImage/singleImage_calzoncillos.png
SINGLE_0696,camaján,"Persona que viste de forma extravagante y vistosa, presumido y fanfarrón.",https://raw.githubusercontent.com/MariaaPinzon/ImagesEvaluatingMLLM/refs/heads/main/GPT/IdiomsSingleImage/singleImage_camaj%C3%A1n.png
SINGLE_0697,camandulero,"Referido a una persona, que frecuenta mucho las iglesias y los oficios religiosos.",https://raw.githubusercontent.com/MariaaPinzon/ImagesEvaluatingMLLM/refs/heads/main/GPT/IdiomsSingleImage/singleImage_camandulero.png
SINGLE_0698,camarico,obsequio de los campesinos al párroco,https://raw.githubusercontent.com/MariaaPinzon/ImagesEvaluatingMLLM/refs/heads/main/GPT/IdiomsSingleImage/singleImage_camarico.png
SINGLE_0699,camarón,Pequeña gratificación monetaria que se le da a alguien por sus servicios.,https://raw.githubusercontent.com/MariaaPinzon/ImagesEvaluatingMLLM/refs/heads/main/GPT/IdiomsSingleImage/singleImage_camar%C3%B3n.png
SINGLE_0700,camastrón,Persona alta y corpulenta.,https://raw.githubusercontent.com/MariaaPinzon/ImagesEvaluatingMLLM/refs/heads/main/GPT/IdiomsSingleImage/singleImage_camastr%C3%B3n.png
SINGLE_0701,cambambero,"Persona que organiza e interviene en cualquier actividad, generalmente las fiestas o la diversión.",https://raw.githubusercontent.com/MariaaPinzon/ImagesEvaluatingMLLM/refs/heads/main/GPT/IdiomsSingleImage/singleImage_cambambero.png
SINGLE_0702,cambiazo,"Modalidad de robo en el que una tarjeta de crédito o débito es cambiada por una falsa, al realizar una transacción en un cajero electrónico o una compra.",https://raw.githubusercontent.com/MariaaPinzon/ImagesEvaluatingMLLM/refs/heads/main/GPT/IdiomsSingleImage/singleImage_cambiazo.png
SINGLE_0703,cambulera,cárcel,https://raw.githubusercontent.com/MariaaPinzon/ImagesEvaluatingMLLM/refs/heads/main/GPT/IdiomsSingleImage/singleImage_cambulera.png
SINGLE_0704,camelludo,difícil,https://raw.githubusercontent.com/MariaaPinzon/ImagesEvaluatingMLLM/refs/heads/main/GPT/IdiomsSingleImage/singleImage_camelludo.png
SINGLE_0705,camellón,Vía pública caracterizada por su amplitud y por estar rodeada de árboles.,https://raw.githubusercontent.com/MariaaPinzon/ImagesEvaluatingMLLM/refs/heads/main/GPT/IdiomsSingleImage/singleImage_camell%C3%B3n.png
SINGLE_0706,camilla,armazón de madera o guadua para el secamiento del café al sol,https://raw.githubusercontent.com/MariaaPinzon/ImagesEvaluatingMLLM/refs/heads/main/GPT/IdiomsSingleImage/singleImage_camilla.png
SINGLE_0707,caminada,"Recorrido largo y extenuante, que se hace a pie.",https://raw.githubusercontent.com/MariaaPinzon/ImagesEvaluatingMLLM/refs/heads/main/GPT/IdiomsSingleImage/singleImage_caminada.png
SINGLE_0708,caminarle,a alguien o a algo,https://raw.githubusercontent.com/MariaaPinzon/ImagesEvaluatingMLLM/refs/heads/main/GPT/IdiomsSingleImage/singleImage_caminarle.png
SINGLE_0709,camionado,Cantidad de carga que tiene un camión.,https://raw.githubusercontent.com/MariaaPinzon/ImagesEvaluatingMLLM/refs/heads/main/GPT/IdiomsSingleImage/singleImage_camionado.png
SINGLE_0710,camisa,"Prenda para dormir, holgada, que cubre el cuerpo y llega hasta abajo de la rodilla.",https://raw.githubusercontent.com/MariaaPinzon/ImagesEvaluatingMLLM/refs/heads/main/GPT/IdiomsSingleImage/singleImage_camisa.png
SINGLE_0711,camonina,"- Trampa o engaño.
- Lo que se repite con una insistencia que molesta, fastidia.",https://raw.githubusercontent.com/MariaaPinzon/ImagesEvaluatingMLLM/refs/heads/main/GPT/IdiomsSingleImage/singleImage_camonina.png
SINGLE_0712,camostre,Mujer fea.,https://raw.githubusercontent.com/MariaaPinzon/ImagesEvaluatingMLLM/refs/heads/main/GPT/IdiomsSingleImage/singleImage_camostre.png
SINGLE_0713,campechana,Hamaca hecha con tiras de cuero.,https://raw.githubusercontent.com/MariaaPinzon/ImagesEvaluatingMLLM/refs/heads/main/GPT/IdiomsSingleImage/singleImage_campechana.png
SINGLE_0714,campeche,Persona que vive en el campo y realiza las labores propias de él.,https://raw.githubusercontent.com/MariaaPinzon/ImagesEvaluatingMLLM/refs/heads/main/GPT/IdiomsSingleImage/singleImage_campeche.png
SINGLE_0715,cana,"- cárcel
- Cárcel.",https://raw.githubusercontent.com/MariaaPinzon/ImagesEvaluatingMLLM/refs/heads/main/GPT/IdiomsSingleImage/singleImage_cana.png
SINGLE_0716,canaguay,"dicho del gallo de pelea, de color blanco y canela",https://raw.githubusercontent.com/MariaaPinzon/ImagesEvaluatingMLLM/refs/heads/main/GPT/IdiomsSingleImage/singleImage_canaguay.png
SINGLE_0717,canalear,Cambiar varias veces de canal de televisión con el control.,https://raw.githubusercontent.com/MariaaPinzon/ImagesEvaluatingMLLM/refs/heads/main/GPT/IdiomsSingleImage/singleImage_canalear.png
SINGLE_0718,canalero,"Referido a una persona, que acostumbra aprovecharse de los demás.",https://raw.githubusercontent.com/MariaaPinzon/ImagesEvaluatingMLLM/refs/heads/main/GPT/IdiomsSingleImage/singleImage_canalero.png
SINGLE_0719,canalete,Remo con el que se impulsan las embarcaciones tradicionales.,https://raw.githubusercontent.com/MariaaPinzon/ImagesEvaluatingMLLM/refs/heads/main/GPT/IdiomsSingleImage/singleImage_canalete.png
SINGLE_0720,canalón,"- Técnica usada para la extracción de minerales, que consiste en limpiar el material sacado con el agua almacenada en piscinas artificiales, a través del recorrido que hace por un canal para que se sedimente el mineral.
- En la minería, canal de madera o metal que sirve para separar los desechos del mineral.",https://raw.githubusercontent.com/MariaaPinzon/ImagesEvaluatingMLLM/refs/heads/main/GPT/IdiomsSingleImage/singleImage_canal%C3%B3n.png
SINGLE_0721,cananguchal,"Terreno pantanoso que no se deseca en ninguna época del año y que tiene abundante vegetación, especialmente palmas.",https://raw.githubusercontent.com/MariaaPinzon/ImagesEvaluatingMLLM/refs/heads/main/GPT/IdiomsSingleImage/singleImage_cananguchal.png
SINGLE_0722,canar,Blanquearse el cabello de una persona.,https://raw.githubusercontent.com/MariaaPinzon/ImagesEvaluatingMLLM/refs/heads/main/GPT/IdiomsSingleImage/singleImage_canar.png
SINGLE_0723,canastear,coquetear con las empleadas del servicio doméstico,https://raw.githubusercontent.com/MariaaPinzon/ImagesEvaluatingMLLM/refs/heads/main/GPT/IdiomsSingleImage/singleImage_canastear.png
SINGLE_0724,cancanear,"Tartamudear, hablar con pronunciación entrecortada.",https://raw.githubusercontent.com/MariaaPinzon/ImagesEvaluatingMLLM/refs/heads/main/GPT/IdiomsSingleImage/singleImage_cancanear.png
SINGLE_0725,cancaneo,Tartamudeo.,https://raw.githubusercontent.com/MariaaPinzon/ImagesEvaluatingMLLM/refs/heads/main/GPT/IdiomsSingleImage/singleImage_cancaneo.png
SINGLE_0726,cancaniar,gastar el dinero en forma ostentosa,https://raw.githubusercontent.com/MariaaPinzon/ImagesEvaluatingMLLM/refs/heads/main/GPT/IdiomsSingleImage/singleImage_cancaniar.png
SINGLE_0727,cancañá,Clavícula.,https://raw.githubusercontent.com/MariaaPinzon/ImagesEvaluatingMLLM/refs/heads/main/GPT/IdiomsSingleImage/singleImage_canca%C3%B1%C3%A1.png
SINGLE_0728,cancharina,"Golosina en polvo de maíz tostado y molido con leche en polvo y azúcar, que se consume principalmente en horas de la tarde.",https://raw.githubusercontent.com/MariaaPinzon/ImagesEvaluatingMLLM/refs/heads/main/GPT/IdiomsSingleImage/singleImage_cancharina.png
SINGLE_0729,canchero,"Referido a una persona, con mucha habilidad para alguna tarea.",https://raw.githubusercontent.com/MariaaPinzon/ImagesEvaluatingMLLM/refs/heads/main/GPT/IdiomsSingleImage/singleImage_canchero.png
SINGLE_0730,canchoso,"Referido a un perro, que no es de raza.",https://raw.githubusercontent.com/MariaaPinzon/ImagesEvaluatingMLLM/refs/heads/main/GPT/IdiomsSingleImage/singleImage_canchoso.png
SINGLE_0731,candelear,"- acompañar a otro en coqueteos o amoríos
- embriagarse, achisparse",https://raw.githubusercontent.com/MariaaPinzon/ImagesEvaluatingMLLM/refs/heads/main/GPT/IdiomsSingleImage/singleImage_candelear.png
SINGLE_0732,candidatizar,Proponer a alguien en un concurso o en una contienda electoral.,https://raw.githubusercontent.com/MariaaPinzon/ImagesEvaluatingMLLM/refs/heads/main/GPT/IdiomsSingleImage/singleImage_candidatizar.png
SINGLE_0733,candonga,Arete en forma de aro.,https://raw.githubusercontent.com/MariaaPinzon/ImagesEvaluatingMLLM/refs/heads/main/GPT/IdiomsSingleImage/singleImage_candonga.png
SINGLE_0734,canela,"fuerza, vigor, valentía",https://raw.githubusercontent.com/MariaaPinzon/ImagesEvaluatingMLLM/refs/heads/main/GPT/IdiomsSingleImage/singleImage_canela.png
SINGLE_0735,canelazo,"Bebida hecha con aguardiente, agua de panela y canela.",https://raw.githubusercontent.com/MariaaPinzon/ImagesEvaluatingMLLM/refs/heads/main/GPT/IdiomsSingleImage/singleImage_canelazo.png
SINGLE_0736,canequero,"Referido a un perro o a un gato domésticos, que le gusta comer basura de la calle.",https://raw.githubusercontent.com/MariaaPinzon/ImagesEvaluatingMLLM/refs/heads/main/GPT/IdiomsSingleImage/singleImage_canequero.png
SINGLE_0737,caney,"- En la cultura cuna y embera, vivienda o centro ceremonial construída sobre pilotes a una altura de dos metros, generalmente sin paredes, piso de esterilla y techo de palma.
- Vivienda hecha de palma sin paredes, sostenida en pilotes de madera y un espacio para guardar alimentos.",https://raw.githubusercontent.com/MariaaPinzon/ImagesEvaluatingMLLM/refs/heads/main/GPT/IdiomsSingleImage/singleImage_caney.png
SINGLE_0738,cangle,trozo de tallo,https://raw.githubusercontent.com/MariaaPinzon/ImagesEvaluatingMLLM/refs/heads/main/GPT/IdiomsSingleImage/singleImage_cangle.png
SINGLE_0739,canilla,"- espinilla, parte anterior de la pierna
- Llave que va al final de una tubería para regular el paso del líquido que circula por ella.",https://raw.githubusercontent.com/MariaaPinzon/ImagesEvaluatingMLLM/refs/heads/main/GPT/IdiomsSingleImage/singleImage_canilla.png
SINGLE_0740,canillera,Pieza de tela y cuero que protege las espinillas en los deportes y algunos trabajos que lo requieren.,https://raw.githubusercontent.com/MariaaPinzon/ImagesEvaluatingMLLM/refs/heads/main/GPT/IdiomsSingleImage/singleImage_canillera.png
SINGLE_0741,canillero,"puntapié dado o recibido en las canillas, especialmente en el juego de fútbol",https://raw.githubusercontent.com/MariaaPinzon/ImagesEvaluatingMLLM/refs/heads/main/GPT/IdiomsSingleImage/singleImage_canillero.png
SINGLE_0742,canillón,"Referido a una persona, que tiene las piernas largas.",https://raw.githubusercontent.com/MariaaPinzon/ImagesEvaluatingMLLM/refs/heads/main/GPT/IdiomsSingleImage/singleImage_canill%C3%B3n.png
SINGLE_0743,canoa,"- Buscar comida gratis en alguna parte o a costa de alguien.
- especie de artesa o cajón de forma oblonga que sirve para dar de comer a los animales, también tiene otros usos
- Dar un hombre indicios de homosexualidad.",https://raw.githubusercontent.com/MariaaPinzon/ImagesEvaluatingMLLM/refs/heads/main/GPT/IdiomsSingleImage/singleImage_canoa.png
SINGLE_0744,canoera,"Especie de ducto ubicado bajo el tejado, que recoge y conduce el agua lluvia hacia el sistema de alcantarillado.",https://raw.githubusercontent.com/MariaaPinzon/ImagesEvaluatingMLLM/refs/heads/main/GPT/IdiomsSingleImage/singleImage_canoera.png
SINGLE_0745,canopy,"Deporte y pasatiempo ecológico que consiste en atravesar cañones y corrientes de agua, colgando de un cable de acero sujeto de dos árboles o de estructuras metálicas a lado y lado del paso.",https://raw.githubusercontent.com/MariaaPinzon/ImagesEvaluatingMLLM/refs/heads/main/GPT/IdiomsSingleImage/singleImage_canopy.png
SINGLE_0746,cansón,"Referido a una persona o a algo, necia, que molesta mucho.",https://raw.githubusercontent.com/MariaaPinzon/ImagesEvaluatingMLLM/refs/heads/main/GPT/IdiomsSingleImage/singleImage_cans%C3%B3n.png
SINGLE_0747,cantaleta,"Lo que se repite con una insistencia que molesta, fastidia.",https://raw.githubusercontent.com/MariaaPinzon/ImagesEvaluatingMLLM/refs/heads/main/GPT/IdiomsSingleImage/singleImage_cantaleta.png
SINGLE_0748,cantaletear,"Regañar de forma insistente a una persona, hasta causarle molestia.",https://raw.githubusercontent.com/MariaaPinzon/ImagesEvaluatingMLLM/refs/heads/main/GPT/IdiomsSingleImage/singleImage_cantaletear.png
SINGLE_0749,cantaletoso,"Referido a una persona, que repite con insistencia algo que fastidia.",https://raw.githubusercontent.com/MariaaPinzon/ImagesEvaluatingMLLM/refs/heads/main/GPT/IdiomsSingleImage/singleImage_cantaletoso.png
SINGLE_0750,cantarilla,"Rifa de objetos, generalmente, de poco valor que se hace pregonando por la calle.",https://raw.githubusercontent.com/MariaaPinzon/ImagesEvaluatingMLLM/refs/heads/main/GPT/IdiomsSingleImage/singleImage_cantarilla.png
SINGLE_0751,cantúa,"Mujer voluptuosa, de caderas anchas y grandes glúteos.",https://raw.githubusercontent.com/MariaaPinzon/ImagesEvaluatingMLLM/refs/heads/main/GPT/IdiomsSingleImage/singleImage_cant%C3%BAa.png
SINGLE_0752,capacho,"Envoltorio de algunos frutos como el coco, la uchuva o el maíz.",https://raw.githubusercontent.com/MariaaPinzon/ImagesEvaluatingMLLM/refs/heads/main/GPT/IdiomsSingleImage/singleImage_capacho.png
SINGLE_0753,capada,Castración de un hombre o animal macho.,https://raw.githubusercontent.com/MariaaPinzon/ImagesEvaluatingMLLM/refs/heads/main/GPT/IdiomsSingleImage/singleImage_capada.png
SINGLE_0754,capamicos,"tunante, pícaro, hábil por sus mañas y resabios",https://raw.githubusercontent.com/MariaaPinzon/ImagesEvaluatingMLLM/refs/heads/main/GPT/IdiomsSingleImage/singleImage_capamicos.png
SINGLE_0755,capar,faltar a clase los estudiantes,https://raw.githubusercontent.com/MariaaPinzon/ImagesEvaluatingMLLM/refs/heads/main/GPT/IdiomsSingleImage/singleImage_capar.png
SINGLE_0756,capar clase,Dejar de asistir deliberadamente a una sesión académica en el colegio o la universidad.,https://raw.githubusercontent.com/MariaaPinzon/ImagesEvaluatingMLLM/refs/heads/main/GPT/IdiomsSingleImage/singleImage_capar_clase.png
SINGLE_0757,capear,llamar de lejos con la mano a una persona,https://raw.githubusercontent.com/MariaaPinzon/ImagesEvaluatingMLLM/refs/heads/main/GPT/IdiomsSingleImage/singleImage_capear.png
SINGLE_0758,capellanía,servidumbre,https://raw.githubusercontent.com/MariaaPinzon/ImagesEvaluatingMLLM/refs/heads/main/GPT/IdiomsSingleImage/singleImage_capellan%C3%ADa.png
SINGLE_0759,caperuza,"- en las lámparas de querosene, tejido sedoso en forma de un pequeño globo o bolsita que funciona como mecha y produce la luz al ponerse incandescente
- En las lámparas de combustible líquido y en otros aparatos de alumbrado, globo incandescente o cubierta que produce o regula la fuente luminosa.",https://raw.githubusercontent.com/MariaaPinzon/ImagesEvaluatingMLLM/refs/heads/main/GPT/IdiomsSingleImage/singleImage_caperuza.png
SINGLE_0760,capisayo,"Ruana alargada, típica de los pueblos indígenas.",https://raw.githubusercontent.com/MariaaPinzon/ImagesEvaluatingMLLM/refs/heads/main/GPT/IdiomsSingleImage/singleImage_capisayo.png
SINGLE_0761,capo,Persona que es líder en un equipo o en una actividad.,https://raw.githubusercontent.com/MariaaPinzon/ImagesEvaluatingMLLM/refs/heads/main/GPT/IdiomsSingleImage/singleImage_capo.png
SINGLE_0762,caponearse,"henderse algo, agrietarse, por ejemplo, una pared",https://raw.githubusercontent.com/MariaaPinzon/ImagesEvaluatingMLLM/refs/heads/main/GPT/IdiomsSingleImage/singleImage_caponearse.png
SINGLE_0763,caporo,Macho de la iguana.,https://raw.githubusercontent.com/MariaaPinzon/ImagesEvaluatingMLLM/refs/heads/main/GPT/IdiomsSingleImage/singleImage_caporo.png
SINGLE_0764,capote,"capa superior del suelo, muy fértil, ya que está formada por la descomposición de materias orgánicas",https://raw.githubusercontent.com/MariaaPinzon/ImagesEvaluatingMLLM/refs/heads/main/GPT/IdiomsSingleImage/singleImage_capote.png
SINGLE_0765,capotear,"carear, hacer picar los gallos de riña por otro que se lleva en las manos, para adiestrarlos y para probar su bravura",https://raw.githubusercontent.com/MariaaPinzon/ImagesEvaluatingMLLM/refs/heads/main/GPT/IdiomsSingleImage/singleImage_capotear.png
SINGLE_0766,capotera,"bolsa o talega de viaje hecha de cuerdas, generalmente de fique, cuyos extremos se cierran con cuerdas que se atan para facilitar su transporte en la espalda o al hombro",https://raw.githubusercontent.com/MariaaPinzon/ImagesEvaluatingMLLM/refs/heads/main/GPT/IdiomsSingleImage/singleImage_capotera.png
SINGLE_0767,capri,Pantalón de mujer que llega hasta la pantorrilla.,https://raw.githubusercontent.com/MariaaPinzon/ImagesEvaluatingMLLM/refs/heads/main/GPT/IdiomsSingleImage/singleImage_capri.png
SINGLE_0768,capul,Porción de cabello que cae sobre el rostro formando una línea recta paralela a las cejas.,https://raw.githubusercontent.com/MariaaPinzon/ImagesEvaluatingMLLM/refs/heads/main/GPT/IdiomsSingleImage/singleImage_capul.png
SINGLE_0769,caquear,robar cosas de poco valor,https://raw.githubusercontent.com/MariaaPinzon/ImagesEvaluatingMLLM/refs/heads/main/GPT/IdiomsSingleImage/singleImage_caquear.png
SINGLE_0770,carabina,mezcla de dos bebidas alcohólicas o de una bebida alcohólica con gaseosa,https://raw.githubusercontent.com/MariaaPinzon/ImagesEvaluatingMLLM/refs/heads/main/GPT/IdiomsSingleImage/singleImage_carabina.png
SINGLE_0771,carabinero,Miembro de la policía uniformada que presta su servicio de guardia montado a caballo y especialmente en sectores rurales.,https://raw.githubusercontent.com/MariaaPinzon/ImagesEvaluatingMLLM/refs/heads/main/GPT/IdiomsSingleImage/singleImage_carabinero.png
SINGLE_0772,carachento,"- que padece de carate o de alguna enfermedad cutánea semejante
- Referido a una persona, que sufre de sarna.",https://raw.githubusercontent.com/MariaaPinzon/ImagesEvaluatingMLLM/refs/heads/main/GPT/IdiomsSingleImage/singleImage_carachento.png
SINGLE_0773,caracho,"indica asombro, sorpresa",https://raw.githubusercontent.com/MariaaPinzon/ImagesEvaluatingMLLM/refs/heads/main/GPT/IdiomsSingleImage/singleImage_caracho.png
SINGLE_0774,carachoso,que padece de carate o alguna enfermedad cutánea,https://raw.githubusercontent.com/MariaaPinzon/ImagesEvaluatingMLLM/refs/heads/main/GPT/IdiomsSingleImage/singleImage_carachoso.png
SINGLE_0775,caradenalga,persona de cara grande,https://raw.githubusercontent.com/MariaaPinzon/ImagesEvaluatingMLLM/refs/heads/main/GPT/IdiomsSingleImage/singleImage_caradenalga.png
SINGLE_0776,carajada,Algo sin importancia.,https://raw.githubusercontent.com/MariaaPinzon/ImagesEvaluatingMLLM/refs/heads/main/GPT/IdiomsSingleImage/singleImage_carajada.png
SINGLE_0777,carajear,usar la voz,https://raw.githubusercontent.com/MariaaPinzon/ImagesEvaluatingMLLM/refs/heads/main/GPT/IdiomsSingleImage/singleImage_carajear.png
SINGLE_0778,carajito,"- Persona inmadura y descortés.
- Niño que no ha cumplido siete años.",https://raw.githubusercontent.com/MariaaPinzon/ImagesEvaluatingMLLM/refs/heads/main/GPT/IdiomsSingleImage/singleImage_carajito.png
SINGLE_0779,carajo,"En una conversación, persona a la que no se nombra para menospreciarla o desvalorizarla.",https://raw.githubusercontent.com/MariaaPinzon/ImagesEvaluatingMLLM/refs/heads/main/GPT/IdiomsSingleImage/singleImage_carajo.png
SINGLE_0780,caramañola,Botella de material plástico que los ciclistas llevan en su bicicleta con los líquidos para su hidratación.,https://raw.githubusercontent.com/MariaaPinzon/ImagesEvaluatingMLLM/refs/heads/main/GPT/IdiomsSingleImage/singleImage_carama%C3%B1ola.png
SINGLE_0781,carameleo,Engaño que se hace a alguien para no resolver o dilatar un asunto.,https://raw.githubusercontent.com/MariaaPinzon/ImagesEvaluatingMLLM/refs/heads/main/GPT/IdiomsSingleImage/singleImage_carameleo.png
SINGLE_0782,caramelita,"Colación hecha de maicena, panela, leche y huevos.",https://raw.githubusercontent.com/MariaaPinzon/ImagesEvaluatingMLLM/refs/heads/main/GPT/IdiomsSingleImage/singleImage_caramelita.png
SINGLE_0783,caranga,"Chinche, insecto parásito de color rojo oscuro que chupa la sangre produciendo picaduras irritantes.",https://raw.githubusercontent.com/MariaaPinzon/ImagesEvaluatingMLLM/refs/heads/main/GPT/IdiomsSingleImage/singleImage_caranga.png
SINGLE_0784,carantanta,Costra que se forma en las paredes de la paila o de la olla al cocer el maíz.,https://raw.githubusercontent.com/MariaaPinzon/ImagesEvaluatingMLLM/refs/heads/main/GPT/IdiomsSingleImage/singleImage_carantanta.png
SINGLE_0785,carapacho,"Restos mortales de los animales, especialmente el esqueleto y el cuero que se desecan al sol.",https://raw.githubusercontent.com/MariaaPinzon/ImagesEvaluatingMLLM/refs/heads/main/GPT/IdiomsSingleImage/singleImage_carapacho.png
SINGLE_0786,caratejo,"Referido a una persona, que sufre de carate o de una enfermedad epidérmica similar.",https://raw.githubusercontent.com/MariaaPinzon/ImagesEvaluatingMLLM/refs/heads/main/GPT/IdiomsSingleImage/singleImage_caratejo.png
SINGLE_0787,caraza,desvergüenza,https://raw.githubusercontent.com/MariaaPinzon/ImagesEvaluatingMLLM/refs/heads/main/GPT/IdiomsSingleImage/singleImage_caraza.png
SINGLE_0788,carbonera,mina de hulla,https://raw.githubusercontent.com/MariaaPinzon/ImagesEvaluatingMLLM/refs/heads/main/GPT/IdiomsSingleImage/singleImage_carbonera.png
SINGLE_0789,carbón,"- Enfermedad infecciosa que ataca al ganado y provoca la inflamación de los músculos y mortalidad elevada.
- carbunco, enfermedad contagiosa del ganado",https://raw.githubusercontent.com/MariaaPinzon/ImagesEvaluatingMLLM/refs/heads/main/GPT/IdiomsSingleImage/singleImage_carb%C3%B3n.png
SINGLE_0790,carcacha,"Automóvil viejo, deteriorado y que funciona mal.",https://raw.githubusercontent.com/MariaaPinzon/ImagesEvaluatingMLLM/refs/heads/main/GPT/IdiomsSingleImage/singleImage_carcacha.png
SINGLE_0791,carcamán,"Referido a una persona, grande.",https://raw.githubusercontent.com/MariaaPinzon/ImagesEvaluatingMLLM/refs/heads/main/GPT/IdiomsSingleImage/singleImage_carcam%C3%A1n.png
SINGLE_0792,carear,"- Enfrentar a dos gallos, sujetándolos con las manos como forma de entrenamiento, para ver la capacidad de pelea.
- Incitar a dos personas para que peleen.
- enfrentar dos gallos de pelea sujetándolos entre las manos",https://raw.githubusercontent.com/MariaaPinzon/ImagesEvaluatingMLLM/refs/heads/main/GPT/IdiomsSingleImage/singleImage_carear.png
SINGLE_0793,carenalga,persona de cara grande,https://raw.githubusercontent.com/MariaaPinzon/ImagesEvaluatingMLLM/refs/heads/main/GPT/IdiomsSingleImage/singleImage_carenalga.png
SINGLE_0794,careo,"Prueba de la capacidad de combate de dos gallos de pelea, que se hace enfrentándolos mientras dos personas los mantienen sujetos con las manos.",https://raw.githubusercontent.com/MariaaPinzon/ImagesEvaluatingMLLM/refs/heads/main/GPT/IdiomsSingleImage/singleImage_careo.png
SINGLE_0795,cargada,"Referido a un animal hembra, preñada.",https://raw.githubusercontent.com/MariaaPinzon/ImagesEvaluatingMLLM/refs/heads/main/GPT/IdiomsSingleImage/singleImage_cargada.png
SINGLE_0796,cargaderas,tirantas,https://raw.githubusercontent.com/MariaaPinzon/ImagesEvaluatingMLLM/refs/heads/main/GPT/IdiomsSingleImage/singleImage_cargaderas.png
SINGLE_0797,cargar con los motetes,irse de un lugar generalmente por alguna razón negativa,https://raw.githubusercontent.com/MariaaPinzon/ImagesEvaluatingMLLM/refs/heads/main/GPT/IdiomsSingleImage/singleImage_cargar_con_los_motetes.png
SINGLE_0798,cargazón,"mercancía de clase inferior, de mala calidad",https://raw.githubusercontent.com/MariaaPinzon/ImagesEvaluatingMLLM/refs/heads/main/GPT/IdiomsSingleImage/singleImage_cargaz%C3%B3n.png
SINGLE_0799,cari,"Referido a un animal, que pertenece al sexo masculino.",https://raw.githubusercontent.com/MariaaPinzon/ImagesEvaluatingMLLM/refs/heads/main/GPT/IdiomsSingleImage/singleImage_cari.png
SINGLE_0800,cariagrio,que tiene cara de enfado o de cólera,https://raw.githubusercontent.com/MariaaPinzon/ImagesEvaluatingMLLM/refs/heads/main/GPT/IdiomsSingleImage/singleImage_cariagrio.png
SINGLE_0801,caricontento,que está risueño,https://raw.githubusercontent.com/MariaaPinzon/ImagesEvaluatingMLLM/refs/heads/main/GPT/IdiomsSingleImage/singleImage_caricontento.png
SINGLE_0802,cariliso,"Referido a una persona, desvergonzada, descarada, o que es negligente en su actuar.",https://raw.githubusercontent.com/MariaaPinzon/ImagesEvaluatingMLLM/refs/heads/main/GPT/IdiomsSingleImage/singleImage_cariliso.png
SINGLE_0803,carioco,"- Espuma que se emplea para los juegos de Carnaval de Negros y Blancos.
- Referido a un gallo o gallina, que no tiene plumas en el cuello.",https://raw.githubusercontent.com/MariaaPinzon/ImagesEvaluatingMLLM/refs/heads/main/GPT/IdiomsSingleImage/singleImage_carioco.png
SINGLE_0804,caripambo,"Referido a una persona, que tiene la cara aplanada.",https://raw.githubusercontent.com/MariaaPinzon/ImagesEvaluatingMLLM/refs/heads/main/GPT/IdiomsSingleImage/singleImage_caripambo.png
SINGLE_0805,caripelado,"- persona de poca importancia
- adolescente",https://raw.githubusercontent.com/MariaaPinzon/ImagesEvaluatingMLLM/refs/heads/main/GPT/IdiomsSingleImage/singleImage_caripelado.png
SINGLE_0806,carisellazo,"- Lanzamiento de una moneda a cara o sello para decidir aleatoriamente un asunto o el curso de una acción.
- Decisión tomada al azar, sin plena certeza.",https://raw.githubusercontent.com/MariaaPinzon/ImagesEvaluatingMLLM/refs/heads/main/GPT/IdiomsSingleImage/singleImage_carisellazo.png
SINGLE_0807,carisello,lanzamiento de una moneda al aire para someter una decisión al azar,https://raw.githubusercontent.com/MariaaPinzon/ImagesEvaluatingMLLM/refs/heads/main/GPT/IdiomsSingleImage/singleImage_carisello.png
SINGLE_0808,carisina,Mujer que no es hábil para la preparación de alimentos.,https://raw.githubusercontent.com/MariaaPinzon/ImagesEvaluatingMLLM/refs/heads/main/GPT/IdiomsSingleImage/singleImage_carisina.png
SINGLE_0809,caritriste,taciturno o melancólico,https://raw.githubusercontent.com/MariaaPinzon/ImagesEvaluatingMLLM/refs/heads/main/GPT/IdiomsSingleImage/singleImage_caritriste.png
SINGLE_0810,cariñito,"- obsequio o regalo de poco valor
- Regalo o invitación que se hace a alguien como muestra de gratitud o afecto.",https://raw.githubusercontent.com/MariaaPinzon/ImagesEvaluatingMLLM/refs/heads/main/GPT/IdiomsSingleImage/singleImage_cari%C3%B1ito.png
SINGLE_0811,carnavalear,Asistir y divertirse en el carnaval.,https://raw.githubusercontent.com/MariaaPinzon/ImagesEvaluatingMLLM/refs/heads/main/GPT/IdiomsSingleImage/singleImage_carnavalear.png
SINGLE_0812,carpetón,"Referido a una persona, que tiene las orejas grandes y largas.",https://raw.githubusercontent.com/MariaaPinzon/ImagesEvaluatingMLLM/refs/heads/main/GPT/IdiomsSingleImage/singleImage_carpet%C3%B3n.png
SINGLE_0813,carraca,Mandíbula o quijada.,https://raw.githubusercontent.com/MariaaPinzon/ImagesEvaluatingMLLM/refs/heads/main/GPT/IdiomsSingleImage/singleImage_carraca.png
SINGLE_0814,carramanchel,Cobertizo pequeño para resguardarse de la lluvia o el sol.,https://raw.githubusercontent.com/MariaaPinzon/ImagesEvaluatingMLLM/refs/heads/main/GPT/IdiomsSingleImage/singleImage_carramanchel.png
SINGLE_0815,carramañudo,"Referido a una persona, muy delgada.",https://raw.githubusercontent.com/MariaaPinzon/ImagesEvaluatingMLLM/refs/heads/main/GPT/IdiomsSingleImage/singleImage_carrama%C3%B1udo.png
SINGLE_0816,carramán,"Referido a un animal o persona, costillas.",https://raw.githubusercontent.com/MariaaPinzon/ImagesEvaluatingMLLM/refs/heads/main/GPT/IdiomsSingleImage/singleImage_carram%C3%A1n.png
SINGLE_0817,carranchil,enfermedad cutánea caracterizada por un fuerte escozor,https://raw.githubusercontent.com/MariaaPinzon/ImagesEvaluatingMLLM/refs/heads/main/GPT/IdiomsSingleImage/singleImage_carranchil.png
SINGLE_0818,carranchiloso,que sufre de carranchil,https://raw.githubusercontent.com/MariaaPinzon/ImagesEvaluatingMLLM/refs/heads/main/GPT/IdiomsSingleImage/singleImage_carranchiloso.png
SINGLE_0819,carranchoso,"de genio receloso, hosco",https://raw.githubusercontent.com/MariaaPinzon/ImagesEvaluatingMLLM/refs/heads/main/GPT/IdiomsSingleImage/singleImage_carranchoso.png
SINGLE_0820,carranchín,"Afección contagiosa de la piel, provocada por un ácaro que produce enrojecimiento y comezón.",https://raw.githubusercontent.com/MariaaPinzon/ImagesEvaluatingMLLM/refs/heads/main/GPT/IdiomsSingleImage/singleImage_carranch%C3%ADn.png
SINGLE_0821,carrancio,"Muñeco grande elaborado con ropa y accesorios viejos, relleno de papel o aserrín y pólvora, que personifica lo negativo y que se quema en la noche del 31 de diciembre para celebrar la culminación del año.",https://raw.githubusercontent.com/MariaaPinzon/ImagesEvaluatingMLLM/refs/heads/main/GPT/IdiomsSingleImage/singleImage_carrancio.png
SINGLE_0822,carrandanga,"Gran cantidad de personas, animales o cosas.",https://raw.githubusercontent.com/MariaaPinzon/ImagesEvaluatingMLLM/refs/heads/main/GPT/IdiomsSingleImage/singleImage_carrandanga.png
SINGLE_0823,carranga,"Cádaver de un animal que muere por enfermedad, vejez o accidente y cuyo cuerpo se vendía para hacer embutidos.",https://raw.githubusercontent.com/MariaaPinzon/ImagesEvaluatingMLLM/refs/heads/main/GPT/IdiomsSingleImage/singleImage_carranga.png
SINGLE_0824,carranguero,Intérprete o cantante de música carranguera.,https://raw.githubusercontent.com/MariaaPinzon/ImagesEvaluatingMLLM/refs/heads/main/GPT/IdiomsSingleImage/singleImage_carranguero.png
SINGLE_0825,carraquear,"Producir ruido con los dientes, abriendo y cerrando la mandíbula rápidamente, a causa del frío o del miedo.",https://raw.githubusercontent.com/MariaaPinzon/ImagesEvaluatingMLLM/refs/heads/main/GPT/IdiomsSingleImage/singleImage_carraquear.png
SINGLE_0826,carrasca,"- instrumento musical, consistente en un fragmento de caña de palma, ahuecado y abierto en la parte posterior, y en la parte anterior labrado con muescas y estrías que se raspan con un alambre, hueso o palo para que suenen
- Instrumento musical de percusión hecho de una caña con ranuras que se toca raspándolas con un trinche o palo.",https://raw.githubusercontent.com/MariaaPinzon/ImagesEvaluatingMLLM/refs/heads/main/GPT/IdiomsSingleImage/singleImage_carrasca.png
SINGLE_0827,carreriado,Apresurado.,https://raw.githubusercontent.com/MariaaPinzon/ImagesEvaluatingMLLM/refs/heads/main/GPT/IdiomsSingleImage/singleImage_carreriado.png
SINGLE_0828,carreteable,Camino estrecho y de tierra.,https://raw.githubusercontent.com/MariaaPinzon/ImagesEvaluatingMLLM/refs/heads/main/GPT/IdiomsSingleImage/singleImage_carreteable.png
SINGLE_0829,carretel,"Cilindro pequeño generalmente hueco en su eje, con bordes sobresalientes en sus bases, en el que se enrolla o devana una hebra larga y delgada de un material flexible.",https://raw.githubusercontent.com/MariaaPinzon/ImagesEvaluatingMLLM/refs/heads/main/GPT/IdiomsSingleImage/singleImage_carretel.png
SINGLE_0830,carretilla,"Persona, que habla muy rápido.",https://raw.githubusercontent.com/MariaaPinzon/ImagesEvaluatingMLLM/refs/heads/main/GPT/IdiomsSingleImage/singleImage_carretilla.png
SINGLE_0831,carretillero,"Persona que vende frutas, pescado u otros alimentos en una carretilla.",https://raw.githubusercontent.com/MariaaPinzon/ImagesEvaluatingMLLM/refs/heads/main/GPT/IdiomsSingleImage/singleImage_carretillero.png
SINGLE_0832,carretudo,"- Referido a una persona, que habla en exceso y con poco contenido.
- Referido a una persona, mentirosa.",https://raw.githubusercontent.com/MariaaPinzon/ImagesEvaluatingMLLM/refs/heads/main/GPT/IdiomsSingleImage/singleImage_carretudo.png
SINGLE_0833,carriel,"Bolso de cuero con tapa y de varios compartimentos a modo de fuelle en el interior, que se lleva colgado en el hombro.",https://raw.githubusercontent.com/MariaaPinzon/ImagesEvaluatingMLLM/refs/heads/main/GPT/IdiomsSingleImage/singleImage_carriel.png
SINGLE_0834,carrilera,"Vía formada por dos rieles paralelos por los que se desplaza un vehículo, especialmente un tren.",https://raw.githubusercontent.com/MariaaPinzon/ImagesEvaluatingMLLM/refs/heads/main/GPT/IdiomsSingleImage/singleImage_carrilera.png
SINGLE_0835,carrizo,"- Baile tradicional en que el principal instrumento musical es el carrizo.
- Pasto alto de la rivera de los ríos, de tronco hueco muy utilizado para la elaboración de manufacturas, especialmente instrumentos musicales.",https://raw.githubusercontent.com/MariaaPinzon/ImagesEvaluatingMLLM/refs/heads/main/GPT/IdiomsSingleImage/singleImage_carrizo.png
SINGLE_0836,carromato,Carro viejo.,https://raw.githubusercontent.com/MariaaPinzon/ImagesEvaluatingMLLM/refs/heads/main/GPT/IdiomsSingleImage/singleImage_carromato.png
SINGLE_0837,carroza,Vehículo que transporta el féretro en el que se lleva al difunto al cementerio.,https://raw.githubusercontent.com/MariaaPinzon/ImagesEvaluatingMLLM/refs/heads/main/GPT/IdiomsSingleImage/singleImage_carroza.png
SINGLE_0838,carrucha,"Juego infantil que consiste en un disco giratorio con dos orificios a través de los cuales se pasan dos cuerdas, se gira hasta enrollar las cuerdas y al acercar y separar las manos se produce un zumbido.",https://raw.githubusercontent.com/MariaaPinzon/ImagesEvaluatingMLLM/refs/heads/main/GPT/IdiomsSingleImage/singleImage_carrucha.png
SINGLE_0839,carrumia,"mugre, especialmente de los pies",https://raw.githubusercontent.com/MariaaPinzon/ImagesEvaluatingMLLM/refs/heads/main/GPT/IdiomsSingleImage/singleImage_carrumia.png
SINGLE_0840,cartelear,Poner en evidencia a alguien en las redes sociales divulgando algo que puede ser polémico.,https://raw.githubusercontent.com/MariaaPinzon/ImagesEvaluatingMLLM/refs/heads/main/GPT/IdiomsSingleImage/singleImage_cartelear.png
SINGLE_0841,cartelera,"Trabajo escolar que se realiza en una cartulina grande o un papel similar, en el que se escriben datos para exponer o ilustrar un tema.",https://raw.githubusercontent.com/MariaaPinzon/ImagesEvaluatingMLLM/refs/heads/main/GPT/IdiomsSingleImage/singleImage_cartelera.png
SINGLE_0842,cartuchera,"Bolsa o estuche pequeño que se usa para guardar útiles escolares, utensilios de aseo personal o cosméticos.",https://raw.githubusercontent.com/MariaaPinzon/ImagesEvaluatingMLLM/refs/heads/main/GPT/IdiomsSingleImage/singleImage_cartuchera.png
SINGLE_0843,carura,"Precio alto de algún producto, bien o servicio.",https://raw.githubusercontent.com/MariaaPinzon/ImagesEvaluatingMLLM/refs/heads/main/GPT/IdiomsSingleImage/singleImage_carura.png
SINGLE_0844,carángano,"Instrumento tradicional que consiste en un trozo de guadua con cuñas en cada uno de sus extremos, sobre el que se tensionan cuerdas del mismo material y que se percuten con un palillo haciendo las veces de un bajo.",https://raw.githubusercontent.com/MariaaPinzon/ImagesEvaluatingMLLM/refs/heads/main/GPT/IdiomsSingleImage/singleImage_car%C3%A1ngano.png
SINGLE_0845,carón,"- Referido a una persona, desvergonzada, descarada, o que es negligente en su actuar.
- Referido a una persona, que tiene el rostro grande.",https://raw.githubusercontent.com/MariaaPinzon/ImagesEvaluatingMLLM/refs/heads/main/GPT/IdiomsSingleImage/singleImage_car%C3%B3n.png
SINGLE_0846,casa de material,"Vivienda hecha en cemento, ladrillo y hierro.",https://raw.githubusercontent.com/MariaaPinzon/ImagesEvaluatingMLLM/refs/heads/main/GPT/IdiomsSingleImage/singleImage_casa_de_material.png
SINGLE_0847,casa del carajo,Lugar lejano e indeterminado.,https://raw.githubusercontent.com/MariaaPinzon/ImagesEvaluatingMLLM/refs/heads/main/GPT/IdiomsSingleImage/singleImage_casa_del_carajo.png
SINGLE_0848,casaca,Camiseta que usan algunos deportistas en su práctica.,https://raw.githubusercontent.com/MariaaPinzon/ImagesEvaluatingMLLM/refs/heads/main/GPT/IdiomsSingleImage/singleImage_casaca.png
SINGLE_0849,casado,Golosina que se compone de un alimento dulce y otro salado y se comen a la vez.,https://raw.githubusercontent.com/MariaaPinzon/ImagesEvaluatingMLLM/refs/heads/main/GPT/IdiomsSingleImage/singleImage_casado.png
SINGLE_0850,casanga,matrimonio,https://raw.githubusercontent.com/MariaaPinzon/ImagesEvaluatingMLLM/refs/heads/main/GPT/IdiomsSingleImage/singleImage_casanga.png
SINGLE_0851,casaramá,"Condimento de consistencia untuosa elaborado con el jugo cocinado de la yuca brava, ají y otros aliños.",https://raw.githubusercontent.com/MariaaPinzon/ImagesEvaluatingMLLM/refs/heads/main/GPT/IdiomsSingleImage/singleImage_casaram%C3%A1.png
SINGLE_0852,cascajo,conjunto de monedas de poco valor,https://raw.githubusercontent.com/MariaaPinzon/ImagesEvaluatingMLLM/refs/heads/main/GPT/IdiomsSingleImage/singleImage_cascajo.png
SINGLE_0853,cascar,quebrantar el maíz y desprenderle el afrecho en el pilón o en una piedra especial,https://raw.githubusercontent.com/MariaaPinzon/ImagesEvaluatingMLLM/refs/heads/main/GPT/IdiomsSingleImage/singleImage_cascar.png
SINGLE_0854,cascarero,Ladrón que roba cosas de poco valor.,https://raw.githubusercontent.com/MariaaPinzon/ImagesEvaluatingMLLM/refs/heads/main/GPT/IdiomsSingleImage/singleImage_cascarero.png
SINGLE_0855,cascarilla,cascarrabias,https://raw.githubusercontent.com/MariaaPinzon/ImagesEvaluatingMLLM/refs/heads/main/GPT/IdiomsSingleImage/singleImage_cascarilla.png
SINGLE_0856,cascorvo,"Referido a una persona, que tiene las piernas arqueadas hacia afuera, quedando los pies juntos.",https://raw.githubusercontent.com/MariaaPinzon/ImagesEvaluatingMLLM/refs/heads/main/GPT/IdiomsSingleImage/singleImage_cascorvo.png
SINGLE_0857,cascúo,Golpe dado en la cabeza con los nudillos.,https://raw.githubusercontent.com/MariaaPinzon/ImagesEvaluatingMLLM/refs/heads/main/GPT/IdiomsSingleImage/singleImage_casc%C3%BAo.png
SINGLE_0858,casera,señora de la casa,https://raw.githubusercontent.com/MariaaPinzon/ImagesEvaluatingMLLM/refs/heads/main/GPT/IdiomsSingleImage/singleImage_casera.png
SINGLE_0859,casito,Por muy poco.,https://raw.githubusercontent.com/MariaaPinzon/ImagesEvaluatingMLLM/refs/heads/main/GPT/IdiomsSingleImage/singleImage_casito.png
SINGLE_0860,caspetudo,"dicho de algunas bebidas, espeso",https://raw.githubusercontent.com/MariaaPinzon/ImagesEvaluatingMLLM/refs/heads/main/GPT/IdiomsSingleImage/singleImage_caspetudo.png
SINGLE_0861,caspiroleta,"Bebida hecha a base de leche, con huevos, canela y azúcar o panela, puede llevar vino, aguardiente o brandy.",https://raw.githubusercontent.com/MariaaPinzon/ImagesEvaluatingMLLM/refs/heads/main/GPT/IdiomsSingleImage/singleImage_caspiroleta.png
SINGLE_0862,casposo,"Referido a una persona, especialmente a un niño, necio, inquieto y travieso.",https://raw.githubusercontent.com/MariaaPinzon/ImagesEvaluatingMLLM/refs/heads/main/GPT/IdiomsSingleImage/singleImage_casposo.png
SINGLE_0863,casquifloja,"Referido a una mujer, coqueta que se deja seducir sin oponer mucha resistencia.",https://raw.githubusercontent.com/MariaaPinzon/ImagesEvaluatingMLLM/refs/heads/main/GPT/IdiomsSingleImage/singleImage_casquifloja.png
SINGLE_0864,casquillero,"Referido a una persona, que le gusta provocar a alguien el deseo sexual sin llegar a concretarse el acto.",https://raw.githubusercontent.com/MariaaPinzon/ImagesEvaluatingMLLM/refs/heads/main/GPT/IdiomsSingleImage/singleImage_casquillero.png
SINGLE_0865,casquisuelta,"Referido a una mujer, coqueta que se deja seducir sin oponer mucha resistencia.",https://raw.githubusercontent.com/MariaaPinzon/ImagesEvaluatingMLLM/refs/heads/main/GPT/IdiomsSingleImage/singleImage_casquisuelta.png
SINGLE_0866,catabra,"- recipiente de fibra vegetal, en forma de canasta, que se carga a la espalda
- Tipo de canasta grande hecha de fibra vegetal, que se carga a la espalda y se usa para transportar granos, frutas y otras cosas menudas.",https://raw.githubusercontent.com/MariaaPinzon/ImagesEvaluatingMLLM/refs/heads/main/GPT/IdiomsSingleImage/singleImage_catabra.png
SINGLE_0867,catabre,"- Tipo de canasta grande hecha de fibra vegetal, que se carga a la espalda y se usa para transportar granos, frutas y otras cosas menudas.
- recipiente de fibra vegetal, en forma de canasta, que se carga a la espalda",https://raw.githubusercontent.com/MariaaPinzon/ImagesEvaluatingMLLM/refs/heads/main/GPT/IdiomsSingleImage/singleImage_catabre.png
SINGLE_0868,catanga,"- Canasto elaborado con fibras naturales para llevar al hombro o en la espalda.
- Recipiente cilíndrico tejido en fibra, con un orificio donde entran y se capturan los peces.",https://raw.githubusercontent.com/MariaaPinzon/ImagesEvaluatingMLLM/refs/heads/main/GPT/IdiomsSingleImage/singleImage_catanga.png
SINGLE_0869,catano,"anciano, viejo",https://raw.githubusercontent.com/MariaaPinzon/ImagesEvaluatingMLLM/refs/heads/main/GPT/IdiomsSingleImage/singleImage_catano.png
SINGLE_0870,cateador,"En la minería, persona que explora un terreno en busca de yacimientos.",https://raw.githubusercontent.com/MariaaPinzon/ImagesEvaluatingMLLM/refs/heads/main/GPT/IdiomsSingleImage/singleImage_cateador.png
SINGLE_0871,catear,"- Corroborar con precisión algo mediante el uso de técnicas científicas.
- En el pueblo Nasa, convocar a los miembros de la comunidad para elegir el gobernador o tomar decisiones sobre su comunidad.
- Inspeccionar un terreno en búsqueda de vetas.",https://raw.githubusercontent.com/MariaaPinzon/ImagesEvaluatingMLLM/refs/heads/main/GPT/IdiomsSingleImage/singleImage_catear.png
SINGLE_0872,cateo,Allanamiento que hace la policía a una casa.,https://raw.githubusercontent.com/MariaaPinzon/ImagesEvaluatingMLLM/refs/heads/main/GPT/IdiomsSingleImage/singleImage_cateo.png
SINGLE_0873,catiadora,Batea pequeña de madera usada en la minería artesanal para separar o lavar el oro.,https://raw.githubusercontent.com/MariaaPinzon/ImagesEvaluatingMLLM/refs/heads/main/GPT/IdiomsSingleImage/singleImage_catiadora.png
SINGLE_0874,catiar,"- Inspeccionar un terreno en búsqueda de vetas.
- Ensayar o probar algo.",https://raw.githubusercontent.com/MariaaPinzon/ImagesEvaluatingMLLM/refs/heads/main/GPT/IdiomsSingleImage/singleImage_catiar.png
SINGLE_0875,catire,"Referido a una persona, que tiene el cabello rubio.",https://raw.githubusercontent.com/MariaaPinzon/ImagesEvaluatingMLLM/refs/heads/main/GPT/IdiomsSingleImage/singleImage_catire.png
SINGLE_0876,catiro,"- que tiene el cabello rubio
- Referido a una persona, que tiene el cabello rubio.",https://raw.githubusercontent.com/MariaaPinzon/ImagesEvaluatingMLLM/refs/heads/main/GPT/IdiomsSingleImage/singleImage_catiro.png
SINGLE_0877,catramanada,Gran cantidad de personas.,https://raw.githubusercontent.com/MariaaPinzon/ImagesEvaluatingMLLM/refs/heads/main/GPT/IdiomsSingleImage/singleImage_catramanada.png
SINGLE_0878,catre,"Referido a una persona, que tiene buen o mal desempeño sexual.",https://raw.githubusercontent.com/MariaaPinzon/ImagesEvaluatingMLLM/refs/heads/main/GPT/IdiomsSingleImage/singleImage_catre.png
SINGLE_0879,caturro,"dicho de una persona, de baja estatura",https://raw.githubusercontent.com/MariaaPinzon/ImagesEvaluatingMLLM/refs/heads/main/GPT/IdiomsSingleImage/singleImage_caturro.png
SINGLE_0880,caucara,Nombre que recibe cualquier corte de carne procedente de la res.,https://raw.githubusercontent.com/MariaaPinzon/ImagesEvaluatingMLLM/refs/heads/main/GPT/IdiomsSingleImage/singleImage_caucara.png
SINGLE_0881,caucha,"Bizcochuelo elaborado con claras de huevo, harina de achira, azúcar y ralladura de limón.",https://raw.githubusercontent.com/MariaaPinzon/ImagesEvaluatingMLLM/refs/heads/main/GPT/IdiomsSingleImage/singleImage_caucha.png
SINGLE_0882,cauchera,"Horqueta de madera a cuyos extremos se sujetan las puntas de un caucho que, al estirarlo, sirve para lanzar piedras pequeñas u otros objetos.",https://raw.githubusercontent.com/MariaaPinzon/ImagesEvaluatingMLLM/refs/heads/main/GPT/IdiomsSingleImage/singleImage_cauchera.png
SINGLE_0883,cauchería,"- Oficio de cauchero.
- Plantación de árboles de caucho de los que se obtiene el látex.",https://raw.githubusercontent.com/MariaaPinzon/ImagesEvaluatingMLLM/refs/heads/main/GPT/IdiomsSingleImage/singleImage_caucher%C3%ADa.png
SINGLE_0884,caviloso,"Refrerido a una persona, que persiste en algo, terco.",https://raw.githubusercontent.com/MariaaPinzon/ImagesEvaluatingMLLM/refs/heads/main/GPT/IdiomsSingleImage/singleImage_caviloso.png
SINGLE_0885,cayetano,"- que guarda silencio acerca de algo
- indicación para que alguien guarde silencio sobre algo",https://raw.githubusercontent.com/MariaaPinzon/ImagesEvaluatingMLLM/refs/heads/main/GPT/IdiomsSingleImage/singleImage_cayetano.png
SINGLE_0886,cazabe,Especie de arepa grande y redonda elaborada con harina de yuca y tostada en una plancha.,https://raw.githubusercontent.com/MariaaPinzon/ImagesEvaluatingMLLM/refs/heads/main/GPT/IdiomsSingleImage/singleImage_cazabe.png
SINGLE_0887,cazadora,"Serpiente no venenosa de hasta 3 m de longitud, de color verde, y lomo y cabeza con escamas grandes.",https://raw.githubusercontent.com/MariaaPinzon/ImagesEvaluatingMLLM/refs/heads/main/GPT/IdiomsSingleImage/singleImage_cazadora.png
SINGLE_0888,cañada,Pequeña quebrada que se forma en una hondonada.,https://raw.githubusercontent.com/MariaaPinzon/ImagesEvaluatingMLLM/refs/heads/main/GPT/IdiomsSingleImage/singleImage_ca%C3%B1ada.png
SINGLE_0889,cañaduzal,Sembrado de caña de azúcar.,https://raw.githubusercontent.com/MariaaPinzon/ImagesEvaluatingMLLM/refs/heads/main/GPT/IdiomsSingleImage/singleImage_ca%C3%B1aduzal.png
SINGLE_0890,cañar,"decir mentiras, engañar",https://raw.githubusercontent.com/MariaaPinzon/ImagesEvaluatingMLLM/refs/heads/main/GPT/IdiomsSingleImage/singleImage_ca%C3%B1ar.png
SINGLE_0891,cañaveral,Sembradío de caña de azúcar.,https://raw.githubusercontent.com/MariaaPinzon/ImagesEvaluatingMLLM/refs/heads/main/GPT/IdiomsSingleImage/singleImage_ca%C3%B1averal.png
SINGLE_0892,cañaña,"fuerza, energía, valor",https://raw.githubusercontent.com/MariaaPinzon/ImagesEvaluatingMLLM/refs/heads/main/GPT/IdiomsSingleImage/singleImage_ca%C3%B1a%C3%B1a.png
SINGLE_0893,cañengo,"Objeto, situación o persona de la que es difícil zafarse.",https://raw.githubusercontent.com/MariaaPinzon/ImagesEvaluatingMLLM/refs/heads/main/GPT/IdiomsSingleImage/singleImage_ca%C3%B1engo.png
SINGLE_0894,"cañengo, ga","Referido a una persona, que anda con dificultad.",https://raw.githubusercontent.com/MariaaPinzon/ImagesEvaluatingMLLM/refs/heads/main/GPT/IdiomsSingleImage/singleImage_ca%C3%B1engo__ga.png
SINGLE_0895,cañero,"Referido a una persona, que dice mentiras o engaña.",https://raw.githubusercontent.com/MariaaPinzon/ImagesEvaluatingMLLM/refs/heads/main/GPT/IdiomsSingleImage/singleImage_ca%C3%B1ero.png
SINGLE_0896,cañicultor,Persona que se dedica al cultivo de la caña de azúcar.,https://raw.githubusercontent.com/MariaaPinzon/ImagesEvaluatingMLLM/refs/heads/main/GPT/IdiomsSingleImage/singleImage_ca%C3%B1icultor.png
SINGLE_0897,cedulación,Expedición de cédulas de ciudadanía.,https://raw.githubusercontent.com/MariaaPinzon/ImagesEvaluatingMLLM/refs/heads/main/GPT/IdiomsSingleImage/singleImage_cedulaci%C3%B3n.png
SINGLE_0898,cementar,Aplicar o rellenar una superficie con cemento.,https://raw.githubusercontent.com/MariaaPinzon/ImagesEvaluatingMLLM/refs/heads/main/GPT/IdiomsSingleImage/singleImage_cementar.png
SINGLE_0899,cena,"comida que se ofrece en una ocasión especial, por ejemplo, la nochebuena, el año nuevo",https://raw.githubusercontent.com/MariaaPinzon/ImagesEvaluatingMLLM/refs/heads/main/GPT/IdiomsSingleImage/singleImage_cena.png
SINGLE_0900,cenegal,Lugar lleno de cieno.,https://raw.githubusercontent.com/MariaaPinzon/ImagesEvaluatingMLLM/refs/heads/main/GPT/IdiomsSingleImage/singleImage_cenegal.png
SINGLE_0901,cenegoso,"Referido a un lugar, lleno de lodo.",https://raw.githubusercontent.com/MariaaPinzon/ImagesEvaluatingMLLM/refs/heads/main/GPT/IdiomsSingleImage/singleImage_cenegoso.png
SINGLE_0902,cenizario,"En un cementerio o una iglesia, lugar en el que se ubican cajas pequeñas que guardan las cenizas resultantes de la cremación de un cadáver.",https://raw.githubusercontent.com/MariaaPinzon/ImagesEvaluatingMLLM/refs/heads/main/GPT/IdiomsSingleImage/singleImage_cenizario.png
SINGLE_0903,centavear,vender cosas de poco valor en busca de pequeñas ganancias,https://raw.githubusercontent.com/MariaaPinzon/ImagesEvaluatingMLLM/refs/heads/main/GPT/IdiomsSingleImage/singleImage_centavear.png
SINGLE_0904,centavero,"dicho de una persona, que se preocupa mucho por las minucias del dinero",https://raw.githubusercontent.com/MariaaPinzon/ImagesEvaluatingMLLM/refs/heads/main/GPT/IdiomsSingleImage/singleImage_centavero.png
SINGLE_0905,centaviar,vender cosas de poco valor en busca de pequeñas ganancias,https://raw.githubusercontent.com/MariaaPinzon/ImagesEvaluatingMLLM/refs/heads/main/GPT/IdiomsSingleImage/singleImage_centaviar.png
SINGLE_0906,centro,"En el fútbol, jugador que se mueve particularmente por el centro de la cancha.",https://raw.githubusercontent.com/MariaaPinzon/ImagesEvaluatingMLLM/refs/heads/main/GPT/IdiomsSingleImage/singleImage_centro.png
SINGLE_0907,cerco,vara de madera que se usa en carpintería y construcción de casas,https://raw.githubusercontent.com/MariaaPinzon/ImagesEvaluatingMLLM/refs/heads/main/GPT/IdiomsSingleImage/singleImage_cerco.png
SINGLE_0908,cereza,Cáscara del grado del café maduro.,https://raw.githubusercontent.com/MariaaPinzon/ImagesEvaluatingMLLM/refs/heads/main/GPT/IdiomsSingleImage/singleImage_cereza.png
SINGLE_0909,cernidor,Utensilio formado por un aro ancho al que se sujeta una rejilla o tejido densos que sirve para separar sustancias de diferente grosor.,https://raw.githubusercontent.com/MariaaPinzon/ImagesEvaluatingMLLM/refs/heads/main/GPT/IdiomsSingleImage/singleImage_cernidor.png
SINGLE_0910,cervecear,Beber cerveza.,https://raw.githubusercontent.com/MariaaPinzon/ImagesEvaluatingMLLM/refs/heads/main/GPT/IdiomsSingleImage/singleImage_cervecear.png
SINGLE_0911,cesante,Persona que ha quedado desempleada de forma forzosa.,https://raw.githubusercontent.com/MariaaPinzon/ImagesEvaluatingMLLM/refs/heads/main/GPT/IdiomsSingleImage/singleImage_cesante.png
SINGLE_0912,chacaroso,que tiene úlceras o llagas,https://raw.githubusercontent.com/MariaaPinzon/ImagesEvaluatingMLLM/refs/heads/main/GPT/IdiomsSingleImage/singleImage_chacaroso.png
SINGLE_0913,chacarón,tonto,https://raw.githubusercontent.com/MariaaPinzon/ImagesEvaluatingMLLM/refs/heads/main/GPT/IdiomsSingleImage/singleImage_chacar%C3%B3n.png
SINGLE_0914,chacero,"Referido a una persona, que vende en una chaza o venta ambulante.",https://raw.githubusercontent.com/MariaaPinzon/ImagesEvaluatingMLLM/refs/heads/main/GPT/IdiomsSingleImage/singleImage_chacero.png
SINGLE_0915,chacho,Persona que se da ínfulas de ser el mejor y el más destacado en una actividad.,https://raw.githubusercontent.com/MariaaPinzon/ImagesEvaluatingMLLM/refs/heads/main/GPT/IdiomsSingleImage/singleImage_chacho.png
SINGLE_0916,chacra,"Terreno de poca extensión destinado a la agricultura, especialmente al cultivo de maíz.",https://raw.githubusercontent.com/MariaaPinzon/ImagesEvaluatingMLLM/refs/heads/main/GPT/IdiomsSingleImage/singleImage_chacra.png
SINGLE_0917,chafarote,Militar que actúa de forma déspota y grosera.,https://raw.githubusercontent.com/MariaaPinzon/ImagesEvaluatingMLLM/refs/heads/main/GPT/IdiomsSingleImage/singleImage_chafarote.png
SINGLE_0918,chagra,"- parcela, especialmente sembrada de maíz
- pequeña propiedad rural",https://raw.githubusercontent.com/MariaaPinzon/ImagesEvaluatingMLLM/refs/heads/main/GPT/IdiomsSingleImage/singleImage_chagra.png
SINGLE_0919,chaguala,"- zapato viejo
- cortada, generalmente en la cara o en la cabeza, producida por arma cortopunzante u otra causa
- Zapato viejo.
- Herida profunda en la cabeza o en la cara.",https://raw.githubusercontent.com/MariaaPinzon/ImagesEvaluatingMLLM/refs/heads/main/GPT/IdiomsSingleImage/singleImage_chaguala.png
SINGLE_0920,chagualo,Zapato viejo y desgastado,https://raw.githubusercontent.com/MariaaPinzon/ImagesEvaluatingMLLM/refs/heads/main/GPT/IdiomsSingleImage/singleImage_chagualo.png
SINGLE_0921,chaguar,Lavar algo rápidamente y sin mucha dedicación quedando desaseado.,https://raw.githubusercontent.com/MariaaPinzon/ImagesEvaluatingMLLM/refs/heads/main/GPT/IdiomsSingleImage/singleImage_chaguar.png
SINGLE_0922,chagüeto,"Referido a una cosa, encorvada o torcida.",https://raw.githubusercontent.com/MariaaPinzon/ImagesEvaluatingMLLM/refs/heads/main/GPT/IdiomsSingleImage/singleImage_chag%C3%BCeto.png
SINGLE_0923,chajuanado,"dicho de una persona o animal, fatigado por el calor",https://raw.githubusercontent.com/MariaaPinzon/ImagesEvaluatingMLLM/refs/heads/main/GPT/IdiomsSingleImage/singleImage_chajuanado.png
SINGLE_0924,chalanear,"- jinetear
- adiestrar caballos",https://raw.githubusercontent.com/MariaaPinzon/ImagesEvaluatingMLLM/refs/heads/main/GPT/IdiomsSingleImage/singleImage_chalanear.png
SINGLE_0925,chalequear,"- ofender, molestar, incomodar con impertinencia
- Pelar las papas sin quitarle toda la cáscara.",https://raw.githubusercontent.com/MariaaPinzon/ImagesEvaluatingMLLM/refs/heads/main/GPT/IdiomsSingleImage/singleImage_chalequear.png
SINGLE_0926,chalina,Prenda de vestir femenina más pequeña que el chal.,https://raw.githubusercontent.com/MariaaPinzon/ImagesEvaluatingMLLM/refs/heads/main/GPT/IdiomsSingleImage/singleImage_chalina.png
SINGLE_0927,chalán,"- buen jinete
- amansador de caballos de paso
- Domador de caballos.
- Persona que es experta montando a caballo.",https://raw.githubusercontent.com/MariaaPinzon/ImagesEvaluatingMLLM/refs/heads/main/GPT/IdiomsSingleImage/singleImage_chal%C3%A1n.png
SINGLE_0928,chamba,"Baya achatada, de color verde a amarillo, de pulpa crema y sabor ácido, usado para preparar jugos, sabajón, dulces.",https://raw.githubusercontent.com/MariaaPinzon/ImagesEvaluatingMLLM/refs/heads/main/GPT/IdiomsSingleImage/singleImage_chamba.png
SINGLE_0929,chambero,"- Referido a un pescado, que proviene de terreno profundo y fangoso, de apariencia negruzca y sabor terroso.
- Camarón pequeño de río o de marea.",https://raw.githubusercontent.com/MariaaPinzon/ImagesEvaluatingMLLM/refs/heads/main/GPT/IdiomsSingleImage/singleImage_chambero.png
SINGLE_0930,chambonada,"Trabajo mal hecho, sin cuidado ni esmero.",https://raw.githubusercontent.com/MariaaPinzon/ImagesEvaluatingMLLM/refs/heads/main/GPT/IdiomsSingleImage/singleImage_chambonada.png
SINGLE_0931,chambonear,"- trabajar torpemente y sin esmero en cualquier arte u oficio
- Hacer algo mal, de afán y sin esmero.",https://raw.githubusercontent.com/MariaaPinzon/ImagesEvaluatingMLLM/refs/heads/main/GPT/IdiomsSingleImage/singleImage_chambonear.png
SINGLE_0932,chambrana,Enrejado en los corredores de las casas de campo.,https://raw.githubusercontent.com/MariaaPinzon/ImagesEvaluatingMLLM/refs/heads/main/GPT/IdiomsSingleImage/singleImage_chambrana.png
SINGLE_0933,chambuque,especie de carpa elaborada rústicamente con plástico y palos,https://raw.githubusercontent.com/MariaaPinzon/ImagesEvaluatingMLLM/refs/heads/main/GPT/IdiomsSingleImage/singleImage_chambuque.png
SINGLE_0934,chambuquear,enlazar la res arrojando el lazo sin hacerlo girar,https://raw.githubusercontent.com/MariaaPinzon/ImagesEvaluatingMLLM/refs/heads/main/GPT/IdiomsSingleImage/singleImage_chambuquear.png
SINGLE_0935,chambuquiar,enlazar la res arrojando el lazo sin hacerlo girar,https://raw.githubusercontent.com/MariaaPinzon/ImagesEvaluatingMLLM/refs/heads/main/GPT/IdiomsSingleImage/singleImage_chambuquiar.png
SINGLE_0936,chambón,"Referido a una cosa o una actividad, que se hace sin cuidado y sin prestar atención a los detalles.",https://raw.githubusercontent.com/MariaaPinzon/ImagesEvaluatingMLLM/refs/heads/main/GPT/IdiomsSingleImage/singleImage_chamb%C3%B3n.png
SINGLE_0937,chamicero,lugar donde abunda la chamiza o leña menuda,https://raw.githubusercontent.com/MariaaPinzon/ImagesEvaluatingMLLM/refs/heads/main/GPT/IdiomsSingleImage/singleImage_chamicero.png
SINGLE_0938,chamo,Niño o adolescente.,https://raw.githubusercontent.com/MariaaPinzon/ImagesEvaluatingMLLM/refs/heads/main/GPT/IdiomsSingleImage/singleImage_chamo.png
SINGLE_0939,champa,"Canoa angosta de madera, impulsada por remos que se utiliza para transporte fluvial en distancias cortas o medias.",https://raw.githubusercontent.com/MariaaPinzon/ImagesEvaluatingMLLM/refs/heads/main/GPT/IdiomsSingleImage/singleImage_champa.png
SINGLE_0940,champetudo,"- Referido a una persona, soez, grosera.
- Referido a una persona, que se viste de manera extravagante.
- Referido a una persona, seguidor de la música champeta.",https://raw.githubusercontent.com/MariaaPinzon/ImagesEvaluatingMLLM/refs/heads/main/GPT/IdiomsSingleImage/singleImage_champetudo.png
SINGLE_0941,champurrear,Lavar la ropa en el río.,https://raw.githubusercontent.com/MariaaPinzon/ImagesEvaluatingMLLM/refs/heads/main/GPT/IdiomsSingleImage/singleImage_champurrear.png
SINGLE_0942,champán,"Embarcación grande de río, plana, construida de un solo tronco con capacidad para unos quince pasajeros, con cubierta en el centro para proteger la carga.",https://raw.githubusercontent.com/MariaaPinzon/ImagesEvaluatingMLLM/refs/heads/main/GPT/IdiomsSingleImage/singleImage_champ%C3%A1n.png
SINGLE_0943,chamuscón,Pequeña quemadura de la parte externa o superficial.,https://raw.githubusercontent.com/MariaaPinzon/ImagesEvaluatingMLLM/refs/heads/main/GPT/IdiomsSingleImage/singleImage_chamusc%C3%B3n.png
SINGLE_0944,chamón,Persona de piel muy negra.,https://raw.githubusercontent.com/MariaaPinzon/ImagesEvaluatingMLLM/refs/heads/main/GPT/IdiomsSingleImage/singleImage_cham%C3%B3n.png
SINGLE_0945,chancaca,Dulce hecho con panela y coco.,https://raw.githubusercontent.com/MariaaPinzon/ImagesEvaluatingMLLM/refs/heads/main/GPT/IdiomsSingleImage/singleImage_chancaca.png
SINGLE_0946,chancero,"Persona que vende chance, juego de azar.",https://raw.githubusercontent.com/MariaaPinzon/ImagesEvaluatingMLLM/refs/heads/main/GPT/IdiomsSingleImage/singleImage_chancero.png
SINGLE_0947,chanchiro,andrajo,https://raw.githubusercontent.com/MariaaPinzon/ImagesEvaluatingMLLM/refs/heads/main/GPT/IdiomsSingleImage/singleImage_chanchiro.png
SINGLE_0948,chanchullero,que hace cosas ilícitas para beneficio propio,https://raw.githubusercontent.com/MariaaPinzon/ImagesEvaluatingMLLM/refs/heads/main/GPT/IdiomsSingleImage/singleImage_chanchullero.png
SINGLE_0949,chancuco,"- Papel escrito que se consulta de manera oculta durante una prueba o examen.
- Trampa o actividad ilegal que se realiza en un negocio o actividad.
- Aguardiente casero de caña de azúcar sin refinar.",https://raw.githubusercontent.com/MariaaPinzon/ImagesEvaluatingMLLM/refs/heads/main/GPT/IdiomsSingleImage/singleImage_chancuco.png
SINGLE_0950,chancuquear,Hacer trampa o algo ilegal en una actividad.,https://raw.githubusercontent.com/MariaaPinzon/ImagesEvaluatingMLLM/refs/heads/main/GPT/IdiomsSingleImage/singleImage_chancuquear.png
SINGLE_0951,chancuquero,Persona que hace trampa en una actividad o negocio.,https://raw.githubusercontent.com/MariaaPinzon/ImagesEvaluatingMLLM/refs/heads/main/GPT/IdiomsSingleImage/singleImage_chancuquero.png
SINGLE_0952,chanda,Objeto de mala calidad.,https://raw.githubusercontent.com/MariaaPinzon/ImagesEvaluatingMLLM/refs/heads/main/GPT/IdiomsSingleImage/singleImage_chanda.png
SINGLE_0953,chandoso,"Referido a un perro, que no es de raza y generalmente vive en la calle.",https://raw.githubusercontent.com/MariaaPinzon/ImagesEvaluatingMLLM/refs/heads/main/GPT/IdiomsSingleImage/singleImage_chandoso.png
SINGLE_0954,chanfa,"chanfaina, empleo, colocación",https://raw.githubusercontent.com/MariaaPinzon/ImagesEvaluatingMLLM/refs/heads/main/GPT/IdiomsSingleImage/singleImage_chanfa.png
SINGLE_0955,chanfaina,Empleo.,https://raw.githubusercontent.com/MariaaPinzon/ImagesEvaluatingMLLM/refs/heads/main/GPT/IdiomsSingleImage/singleImage_chanfaina.png
SINGLE_0956,chanfle,Trayectoria curva del balón de fútbol por efecto del golpe dado por el jugador.,https://raw.githubusercontent.com/MariaaPinzon/ImagesEvaluatingMLLM/refs/heads/main/GPT/IdiomsSingleImage/singleImage_chanfle.png
SINGLE_0957,changonga,"broma pesada, burla",https://raw.githubusercontent.com/MariaaPinzon/ImagesEvaluatingMLLM/refs/heads/main/GPT/IdiomsSingleImage/singleImage_changonga.png
SINGLE_0958,changonguería,"Falta de seriedad, burla, chanza.",https://raw.githubusercontent.com/MariaaPinzon/ImagesEvaluatingMLLM/refs/heads/main/GPT/IdiomsSingleImage/singleImage_changonguer%C3%ADa.png
SINGLE_0959,changón,Arma de fuego de fabricación casera.,https://raw.githubusercontent.com/MariaaPinzon/ImagesEvaluatingMLLM/refs/heads/main/GPT/IdiomsSingleImage/singleImage_chang%C3%B3n.png
SINGLE_0960,chanza pachuna,"broma o chanza pesada, de mal gusto",https://raw.githubusercontent.com/MariaaPinzon/ImagesEvaluatingMLLM/refs/heads/main/GPT/IdiomsSingleImage/singleImage_chanza_pachuna.png
SINGLE_0961,chapalear,"- Referido a un animal, mover el cuerpo desesperadamente.
- Luchar o protestar con ímpetu.",https://raw.githubusercontent.com/MariaaPinzon/ImagesEvaluatingMLLM/refs/heads/main/GPT/IdiomsSingleImage/singleImage_chapalear.png
SINGLE_0962,chapetera,Borrachera.,https://raw.githubusercontent.com/MariaaPinzon/ImagesEvaluatingMLLM/refs/heads/main/GPT/IdiomsSingleImage/singleImage_chapetera.png
SINGLE_0963,chapeto,"Referido a una persona, borracha.",https://raw.githubusercontent.com/MariaaPinzon/ImagesEvaluatingMLLM/refs/heads/main/GPT/IdiomsSingleImage/singleImage_chapeto.png
SINGLE_0964,chapil,Aguardiente artesanal.,https://raw.githubusercontent.com/MariaaPinzon/ImagesEvaluatingMLLM/refs/heads/main/GPT/IdiomsSingleImage/singleImage_chapil.png
SINGLE_0965,chapola,"- mariposa
- Planta de café cuando le salen las primeras hojas.
- Mariposa.",https://raw.githubusercontent.com/MariaaPinzon/ImagesEvaluatingMLLM/refs/heads/main/GPT/IdiomsSingleImage/singleImage_chapola.png
SINGLE_0966,chapolera,Mujer recolectora de café.,https://raw.githubusercontent.com/MariaaPinzon/ImagesEvaluatingMLLM/refs/heads/main/GPT/IdiomsSingleImage/singleImage_chapolera.png
SINGLE_0967,chapín,"Referido a una persona, que tiene los pies torcidos hacia adentro.",https://raw.githubusercontent.com/MariaaPinzon/ImagesEvaluatingMLLM/refs/heads/main/GPT/IdiomsSingleImage/singleImage_chap%C3%ADn.png
SINGLE_0968,chaquira,Semilla o pepita de varios colores que se emplea en la elaboración de collares.,https://raw.githubusercontent.com/MariaaPinzon/ImagesEvaluatingMLLM/refs/heads/main/GPT/IdiomsSingleImage/singleImage_chaquira.png
SINGLE_0969,chara,Sopa de cebada molida con espinazo y verduras.,https://raw.githubusercontent.com/MariaaPinzon/ImagesEvaluatingMLLM/refs/heads/main/GPT/IdiomsSingleImage/singleImage_chara.png
SINGLE_0970,charamba,"Horqueta de madera a cuyos extremos se sujetan las puntas de un caucho que, al estirarlo, sirve para lanzar piedras pequeñas u otros objetos.",https://raw.githubusercontent.com/MariaaPinzon/ImagesEvaluatingMLLM/refs/heads/main/GPT/IdiomsSingleImage/singleImage_charamba.png
SINGLE_0971,charanga,Reunión familiar en la que se escucha música y se baila.,https://raw.githubusercontent.com/MariaaPinzon/ImagesEvaluatingMLLM/refs/heads/main/GPT/IdiomsSingleImage/singleImage_charanga.png
SINGLE_0972,charango,Instrumento musical de cuerda que consta de diez cuerdas organizadas en cinco grupos de dos cuerdas.,https://raw.githubusercontent.com/MariaaPinzon/ImagesEvaluatingMLLM/refs/heads/main/GPT/IdiomsSingleImage/singleImage_charango.png
SINGLE_0973,charoso,"- Referido a una persona o animal, que tiene lagañas.
- Referido a una persona, que se encuentra sucia por haberse regado la comida.",https://raw.githubusercontent.com/MariaaPinzon/ImagesEvaluatingMLLM/refs/heads/main/GPT/IdiomsSingleImage/singleImage_charoso.png
SINGLE_0974,charrasca,"conjunto de ramas y hojas secas de arbustos y árboles, que arde con suma facilidad",https://raw.githubusercontent.com/MariaaPinzon/ImagesEvaluatingMLLM/refs/heads/main/GPT/IdiomsSingleImage/singleImage_charrasca.png
SINGLE_0975,charrascal,"campo sin labrar, de ordinario cubierto de maleza",https://raw.githubusercontent.com/MariaaPinzon/ImagesEvaluatingMLLM/refs/heads/main/GPT/IdiomsSingleImage/singleImage_charrascal.png
SINGLE_0976,charrasquear,Rasguear una guitarra u otro instrumento de cuerda.,https://raw.githubusercontent.com/MariaaPinzon/ImagesEvaluatingMLLM/refs/heads/main/GPT/IdiomsSingleImage/singleImage_charrasquear.png
SINGLE_0977,charrera,"- Dicho gracioso.
- obra, adorno o acción de mal gusto
- hecho o dicho gracioso, divertido
- Situación, obra o cosa inapropiada, aburrida, de mal gusto o digna de burla.",https://raw.githubusercontent.com/MariaaPinzon/ImagesEvaluatingMLLM/refs/heads/main/GPT/IdiomsSingleImage/singleImage_charrera.png
SINGLE_0978,charuco,Aguardiente casero de caña de azúcar sin refinar.,https://raw.githubusercontent.com/MariaaPinzon/ImagesEvaluatingMLLM/refs/heads/main/GPT/IdiomsSingleImage/singleImage_charuco.png
SINGLE_0979,chaucha,"Papa morada, de contextura blanda.",https://raw.githubusercontent.com/MariaaPinzon/ImagesEvaluatingMLLM/refs/heads/main/GPT/IdiomsSingleImage/singleImage_chaucha.png
SINGLE_0980,chazo,"Pieza corta y gruesa, generalmente de plástico, que se introduce en la pared para fijar algo usando un tornillo del mismo tamaño y diámetro.",https://raw.githubusercontent.com/MariaaPinzon/ImagesEvaluatingMLLM/refs/heads/main/GPT/IdiomsSingleImage/singleImage_chazo.png
SINGLE_0981,chaíto,fórmula de despedida,https://raw.githubusercontent.com/MariaaPinzon/ImagesEvaluatingMLLM/refs/heads/main/GPT/IdiomsSingleImage/singleImage_cha%C3%ADto.png
SINGLE_0982,checa,"Pieza que cierra herméticamente las botellas, especialmente las de cerveza y gaseosa.",https://raw.githubusercontent.com/MariaaPinzon/ImagesEvaluatingMLLM/refs/heads/main/GPT/IdiomsSingleImage/singleImage_checa.png
SINGLE_0983,chela,Cerveza.,https://raw.githubusercontent.com/MariaaPinzon/ImagesEvaluatingMLLM/refs/heads/main/GPT/IdiomsSingleImage/singleImage_chela.png
SINGLE_0984,chencha,"Referido a una persona, que camina con las piernas torcidas hacia afuera y juntando las rodillas.",https://raw.githubusercontent.com/MariaaPinzon/ImagesEvaluatingMLLM/refs/heads/main/GPT/IdiomsSingleImage/singleImage_chencha.png
SINGLE_0985,chencho,"- dicho de una persona, gorda
- cerdo",https://raw.githubusercontent.com/MariaaPinzon/ImagesEvaluatingMLLM/refs/heads/main/GPT/IdiomsSingleImage/singleImage_chencho.png
SINGLE_0986,chenga,pedrezuela labrada por los indios caribes y horadada en un extremo para ensartarla y formar collares,https://raw.githubusercontent.com/MariaaPinzon/ImagesEvaluatingMLLM/refs/heads/main/GPT/IdiomsSingleImage/singleImage_chenga.png
SINGLE_0987,chengo,"Referido a una persona o un animal, cojo.",https://raw.githubusercontent.com/MariaaPinzon/ImagesEvaluatingMLLM/refs/heads/main/GPT/IdiomsSingleImage/singleImage_chengo.png
SINGLE_0988,chepa,Por casualidad o buena suerte.,https://raw.githubusercontent.com/MariaaPinzon/ImagesEvaluatingMLLM/refs/heads/main/GPT/IdiomsSingleImage/singleImage_chepa.png
SINGLE_0989,chepacorina,"Galleta grande y dulce, rellena de queso y azúcar.",https://raw.githubusercontent.com/MariaaPinzon/ImagesEvaluatingMLLM/refs/heads/main/GPT/IdiomsSingleImage/singleImage_chepacorina.png
SINGLE_0990,chepazo,"Momento de suerte, casualidad.",https://raw.githubusercontent.com/MariaaPinzon/ImagesEvaluatingMLLM/refs/heads/main/GPT/IdiomsSingleImage/singleImage_chepazo.png
SINGLE_0991,chepito,Cobrador que visita a los deudores en su lugar de residencia o de trabajo.,https://raw.githubusercontent.com/MariaaPinzon/ImagesEvaluatingMLLM/refs/heads/main/GPT/IdiomsSingleImage/singleImage_chepito.png
SINGLE_0992,chepudo,"Referido a una persona, que tiene buena suerte.",https://raw.githubusercontent.com/MariaaPinzon/ImagesEvaluatingMLLM/refs/heads/main/GPT/IdiomsSingleImage/singleImage_chepudo.png
SINGLE_0993,chequita,Juego derivado del béisbol que se juega en las calles con tapas de gaseosa o cerveza y un palo de escoba.,https://raw.githubusercontent.com/MariaaPinzon/ImagesEvaluatingMLLM/refs/heads/main/GPT/IdiomsSingleImage/singleImage_chequita.png
SINGLE_0994,cheto,Vehículo de transporte público de menor tamaño que el bus.,https://raw.githubusercontent.com/MariaaPinzon/ImagesEvaluatingMLLM/refs/heads/main/GPT/IdiomsSingleImage/singleImage_cheto.png
SINGLE_0995,chicanear,alardear acerca de algo,https://raw.githubusercontent.com/MariaaPinzon/ImagesEvaluatingMLLM/refs/heads/main/GPT/IdiomsSingleImage/singleImage_chicanear.png
SINGLE_0996,chichaguy,Inflamación purulenta muy dolorosa.,https://raw.githubusercontent.com/MariaaPinzon/ImagesEvaluatingMLLM/refs/heads/main/GPT/IdiomsSingleImage/singleImage_chichaguy.png
SINGLE_0997,chichagüí,"forúnculo, nacido",https://raw.githubusercontent.com/MariaaPinzon/ImagesEvaluatingMLLM/refs/heads/main/GPT/IdiomsSingleImage/singleImage_chichag%C3%BC%C3%AD.png
SINGLE_0998,chicharrón,Problema de difícil solución.,https://raw.githubusercontent.com/MariaaPinzon/ImagesEvaluatingMLLM/refs/heads/main/GPT/IdiomsSingleImage/singleImage_chicharr%C3%B3n.png
SINGLE_0999,chichazo,Golpe fuerte.,https://raw.githubusercontent.com/MariaaPinzon/ImagesEvaluatingMLLM/refs/heads/main/GPT/IdiomsSingleImage/singleImage_chichazo.png
SINGLE_1000,chiche,pene,https://raw.githubusercontent.com/MariaaPinzon/ImagesEvaluatingMLLM/refs/heads/main/GPT/IdiomsSingleImage/singleImage_chiche.png
SINGLE_1001,chicheme,"Bebida de maíz pilado, con leche, azúcar o miel que se toma fría.",https://raw.githubusercontent.com/MariaaPinzon/ImagesEvaluatingMLLM/refs/heads/main/GPT/IdiomsSingleImage/singleImage_chicheme.png
SINGLE_1002,chichero,Relativo a la chicha.,https://raw.githubusercontent.com/MariaaPinzon/ImagesEvaluatingMLLM/refs/heads/main/GPT/IdiomsSingleImage/singleImage_chichero.png
SINGLE_1003,chichería,Lugar de poco prestigio en el que se venden bebidas alcohólicas.,https://raw.githubusercontent.com/MariaaPinzon/ImagesEvaluatingMLLM/refs/heads/main/GPT/IdiomsSingleImage/singleImage_chicher%C3%ADa.png
SINGLE_1004,chichigua,Cantidad pequeña de algo o cosa de poco valor.,https://raw.githubusercontent.com/MariaaPinzon/ImagesEvaluatingMLLM/refs/heads/main/GPT/IdiomsSingleImage/singleImage_chichigua.png
SINGLE_1005,chichigüero,"ahorrativo, que atiende a pequeñeces, excesivamente meticuloso",https://raw.githubusercontent.com/MariaaPinzon/ImagesEvaluatingMLLM/refs/heads/main/GPT/IdiomsSingleImage/singleImage_chichig%C3%BCero.png
SINGLE_1006,chichipa,"Dicho de una cosa, de mala calidad.",https://raw.githubusercontent.com/MariaaPinzon/ImagesEvaluatingMLLM/refs/heads/main/GPT/IdiomsSingleImage/singleImage_chichipa.png
SINGLE_1007,chichipato,"- Referido a una persona, tacaña.
- De poco valor.",https://raw.githubusercontent.com/MariaaPinzon/ImagesEvaluatingMLLM/refs/heads/main/GPT/IdiomsSingleImage/singleImage_chichipato.png
SINGLE_1008,chicho,"Referido a una persona, que está muy enojada.",https://raw.githubusercontent.com/MariaaPinzon/ImagesEvaluatingMLLM/refs/heads/main/GPT/IdiomsSingleImage/singleImage_chicho.png
SINGLE_1009,chichonera,Tumulto de personas en un lugar.,https://raw.githubusercontent.com/MariaaPinzon/ImagesEvaluatingMLLM/refs/heads/main/GPT/IdiomsSingleImage/singleImage_chichonera.png
SINGLE_1010,chichía,Pene.,https://raw.githubusercontent.com/MariaaPinzon/ImagesEvaluatingMLLM/refs/heads/main/GPT/IdiomsSingleImage/singleImage_chich%C3%ADa.png
SINGLE_1011,chicle,"- Persona que quiere permanecer siempre al lado de otra hasta causar incomodidad.
- Pantalón de mujer ajustado y en un material suave.",https://raw.githubusercontent.com/MariaaPinzon/ImagesEvaluatingMLLM/refs/heads/main/GPT/IdiomsSingleImage/singleImage_chicle.png
SINGLE_1012,chicludo,"Referido a una sustancia, que tiene consistencia pegajosa, similar a la de un chicle.",https://raw.githubusercontent.com/MariaaPinzon/ImagesEvaluatingMLLM/refs/heads/main/GPT/IdiomsSingleImage/singleImage_chicludo.png
SINGLE_1013,chicorio,"Referido a una persona, de baja estatura.",https://raw.githubusercontent.com/MariaaPinzon/ImagesEvaluatingMLLM/refs/heads/main/GPT/IdiomsSingleImage/singleImage_chicorio.png
SINGLE_1014,chicuca,añicos,https://raw.githubusercontent.com/MariaaPinzon/ImagesEvaluatingMLLM/refs/heads/main/GPT/IdiomsSingleImage/singleImage_chicuca.png
SINGLE_1015,chifladera,Sucesión de chiflidos.,https://raw.githubusercontent.com/MariaaPinzon/ImagesEvaluatingMLLM/refs/heads/main/GPT/IdiomsSingleImage/singleImage_chifladera.png
SINGLE_1016,chiflamicas,"- Persona de poca cordura.
- Músico con escasa formación, empírico.",https://raw.githubusercontent.com/MariaaPinzon/ImagesEvaluatingMLLM/refs/heads/main/GPT/IdiomsSingleImage/singleImage_chiflamicas.png
SINGLE_1017,chiflis,"Referido a una persona, falto de juicio, loco.",https://raw.githubusercontent.com/MariaaPinzon/ImagesEvaluatingMLLM/refs/heads/main/GPT/IdiomsSingleImage/singleImage_chiflis.png
SINGLE_1018,chifloreto,"Referido a una persona, falto de juicio, loco.",https://raw.githubusercontent.com/MariaaPinzon/ImagesEvaluatingMLLM/refs/heads/main/GPT/IdiomsSingleImage/singleImage_chifloreto.png
SINGLE_1019,chiflón,Corriente de aire frío que se percibe cuando pasa por un espacio estrecho.,https://raw.githubusercontent.com/MariaaPinzon/ImagesEvaluatingMLLM/refs/heads/main/GPT/IdiomsSingleImage/singleImage_chifl%C3%B3n.png
SINGLE_1020,chigualo,"Ceremonia fúnebre en la que se canta, juega o se cuentan historias durante el rito funerario exclusivo para niños.",https://raw.githubusercontent.com/MariaaPinzon/ImagesEvaluatingMLLM/refs/heads/main/GPT/IdiomsSingleImage/singleImage_chigualo.png
SINGLE_1021,chilangas,testículos,https://raw.githubusercontent.com/MariaaPinzon/ImagesEvaluatingMLLM/refs/heads/main/GPT/IdiomsSingleImage/singleImage_chilangas.png
SINGLE_1022,chilapo,"- Persona procedente del Urabá antioqueño, cuyos rasgos físicos y cultura es el resultado de la mezcla entre costeños del Atlántico y paisas.
- Persona cuyos rasgos físicos están entre lo negroide e indígena.
- Campesino mestizo que emigró procedente desde Córdoba a colonizar territorio chocoano.",https://raw.githubusercontent.com/MariaaPinzon/ImagesEvaluatingMLLM/refs/heads/main/GPT/IdiomsSingleImage/singleImage_chilapo.png
SINGLE_1023,chilindroso,"Referido a una persona, que se viste con ropa desgastada o rota.",https://raw.githubusercontent.com/MariaaPinzon/ImagesEvaluatingMLLM/refs/heads/main/GPT/IdiomsSingleImage/singleImage_chilindroso.png
SINGLE_1024,chilingueado,Agarrado o colgado de algo.,https://raw.githubusercontent.com/MariaaPinzon/ImagesEvaluatingMLLM/refs/heads/main/GPT/IdiomsSingleImage/singleImage_chilingueado.png
SINGLE_1025,chilinguear,"- Mecerse en un columpio, una hamaca o una cuna.
- Estar en una situación de peligro o de incertidumbre.",https://raw.githubusercontent.com/MariaaPinzon/ImagesEvaluatingMLLM/refs/heads/main/GPT/IdiomsSingleImage/singleImage_chilinguear.png
SINGLE_1026,chilinguearse,bambolearse,https://raw.githubusercontent.com/MariaaPinzon/ImagesEvaluatingMLLM/refs/heads/main/GPT/IdiomsSingleImage/singleImage_chilinguearse.png
SINGLE_1027,chilladera,Queja.,https://raw.githubusercontent.com/MariaaPinzon/ImagesEvaluatingMLLM/refs/heads/main/GPT/IdiomsSingleImage/singleImage_chilladera.png
SINGLE_1028,chilletas,llorón,https://raw.githubusercontent.com/MariaaPinzon/ImagesEvaluatingMLLM/refs/heads/main/GPT/IdiomsSingleImage/singleImage_chilletas.png
SINGLE_1029,chilonguear,"mecer a una persona con fuerza, cuando se encuentra en una hamaca",https://raw.githubusercontent.com/MariaaPinzon/ImagesEvaluatingMLLM/refs/heads/main/GPT/IdiomsSingleImage/singleImage_chilonguear.png
SINGLE_1030,chiltado,"dicho de un objeto de loza, agrietada, resquebrajada",https://raw.githubusercontent.com/MariaaPinzon/ImagesEvaluatingMLLM/refs/heads/main/GPT/IdiomsSingleImage/singleImage_chiltado.png
SINGLE_1031,chimba,"- Bueno, espectacular
- bueno, bonito",https://raw.githubusercontent.com/MariaaPinzon/ImagesEvaluatingMLLM/refs/heads/main/GPT/IdiomsSingleImage/singleImage_chimba.png
SINGLE_1032,chimbada,"Cosa o situación que resulta como no se esperaba, generalmente mal.",https://raw.githubusercontent.com/MariaaPinzon/ImagesEvaluatingMLLM/refs/heads/main/GPT/IdiomsSingleImage/singleImage_chimbada.png
SINGLE_1033,chimbilaco,"Mamífero volador, pequeño, de hábitos nocturnos, que se orienta en la oscuridad.",https://raw.githubusercontent.com/MariaaPinzon/ImagesEvaluatingMLLM/refs/heads/main/GPT/IdiomsSingleImage/singleImage_chimbilaco.png
SINGLE_1034,chimbilá,vulva,https://raw.githubusercontent.com/MariaaPinzon/ImagesEvaluatingMLLM/refs/heads/main/GPT/IdiomsSingleImage/singleImage_chimbil%C3%A1.png
SINGLE_1035,chimbo,"- Que es falso o que fue hecho con engaño.
- falso o engañoso
- Fácil, quee no requiere esfuerzo.",https://raw.githubusercontent.com/MariaaPinzon/ImagesEvaluatingMLLM/refs/heads/main/GPT/IdiomsSingleImage/singleImage_chimbo.png
SINGLE_1036,chimó,Jalea muy espesa de tabaco y sales minerales o vegetales con efectos psicotrópicos y que se consume como medicina o para efectos recreativos.,https://raw.githubusercontent.com/MariaaPinzon/ImagesEvaluatingMLLM/refs/heads/main/GPT/IdiomsSingleImage/singleImage_chim%C3%B3.png
SINGLE_1037,chinchinchín,Lluvia sutil y constante que pasa rápidamente y de poca intensidad.,https://raw.githubusercontent.com/MariaaPinzon/ImagesEvaluatingMLLM/refs/heads/main/GPT/IdiomsSingleImage/singleImage_chinchinch%C3%ADn.png
SINGLE_1038,chinchorro,"- Red que se usa para pescar y que se recoge a mano desde la orilla o desde el bote.
- Especie de hamaca tejida en hilo fino.",https://raw.githubusercontent.com/MariaaPinzon/ImagesEvaluatingMLLM/refs/heads/main/GPT/IdiomsSingleImage/singleImage_chinchorro.png
SINGLE_1039,chinchoso,"dicho de un trabajo difícil, complicado",https://raw.githubusercontent.com/MariaaPinzon/ImagesEvaluatingMLLM/refs/heads/main/GPT/IdiomsSingleImage/singleImage_chinchoso.png
SINGLE_1040,chingue,Vestido de baño tanto de hombre como de mujer.,https://raw.githubusercontent.com/MariaaPinzon/ImagesEvaluatingMLLM/refs/heads/main/GPT/IdiomsSingleImage/singleImage_chingue.png
SINGLE_1041,chipa,"- Rollo de alambre.
- Grupo de personas muy comprometidas unas con otras para conseguir un próposito.",https://raw.githubusercontent.com/MariaaPinzon/ImagesEvaluatingMLLM/refs/heads/main/GPT/IdiomsSingleImage/singleImage_chipa.png
SINGLE_1042,chipampa,"casualidad, buena suerte",https://raw.githubusercontent.com/MariaaPinzon/ImagesEvaluatingMLLM/refs/heads/main/GPT/IdiomsSingleImage/singleImage_chipampa.png
SINGLE_1043,chipola,"mujer, compañera",https://raw.githubusercontent.com/MariaaPinzon/ImagesEvaluatingMLLM/refs/heads/main/GPT/IdiomsSingleImage/singleImage_chipola.png
SINGLE_1044,chipolo,"- manojo de cabello recogido sobre la frente
- Mechón en forma de bucle que cae sobre la frente.
- En el juego de cartas, lograr dos ases en las dos primeras cartas repartidas.",https://raw.githubusercontent.com/MariaaPinzon/ImagesEvaluatingMLLM/refs/heads/main/GPT/IdiomsSingleImage/singleImage_chipolo.png
SINGLE_1045,chiporro,"En las labores de la pesca, referido a una persona, principiante.",https://raw.githubusercontent.com/MariaaPinzon/ImagesEvaluatingMLLM/refs/heads/main/GPT/IdiomsSingleImage/singleImage_chiporro.png
SINGLE_1046,chirario,Variedad de plátano pequeña y dulce.,https://raw.githubusercontent.com/MariaaPinzon/ImagesEvaluatingMLLM/refs/heads/main/GPT/IdiomsSingleImage/singleImage_chirario.png
SINGLE_1047,chiras,"- Muy bien o muy bueno.
- De ningún modo.",https://raw.githubusercontent.com/MariaaPinzon/ImagesEvaluatingMLLM/refs/heads/main/GPT/IdiomsSingleImage/singleImage_chiras.png
SINGLE_1048,chircal,"- Lugar donde se fabrican ladrillos, tejas y diversos objetos de arcilla cocida.
- sitio donde se fabrican materiales de construcción u objetos diversos hechos de arcilla cocida",https://raw.githubusercontent.com/MariaaPinzon/ImagesEvaluatingMLLM/refs/heads/main/GPT/IdiomsSingleImage/singleImage_chircal.png
SINGLE_1049,chiribico,Niño varón de corta edad.,https://raw.githubusercontent.com/MariaaPinzon/ImagesEvaluatingMLLM/refs/heads/main/GPT/IdiomsSingleImage/singleImage_chiribico.png
SINGLE_1050,chirimiar,Lloviznar suave y constante.,https://raw.githubusercontent.com/MariaaPinzon/ImagesEvaluatingMLLM/refs/heads/main/GPT/IdiomsSingleImage/singleImage_chirimiar.png
SINGLE_1051,chiripazo,"- Logro que se obtiene de manera fortuita.
- casualidad afortunada",https://raw.githubusercontent.com/MariaaPinzon/ImagesEvaluatingMLLM/refs/heads/main/GPT/IdiomsSingleImage/singleImage_chiripazo.png
SINGLE_1052,chiripiado,"En la industria marroquinera, técnica usada para decorar la pieza de cuero con diferentes figuras angulares o circulares.",https://raw.githubusercontent.com/MariaaPinzon/ImagesEvaluatingMLLM/refs/heads/main/GPT/IdiomsSingleImage/singleImage_chiripiado.png
SINGLE_1053,chiripiador,"En la industria de la marroquineria, instrumento de acero, cuyo tamaño va numerado del uno al ocho, el ángulo de corte es recto, usado para decoración del calzado.",https://raw.githubusercontent.com/MariaaPinzon/ImagesEvaluatingMLLM/refs/heads/main/GPT/IdiomsSingleImage/singleImage_chiripiador.png
SINGLE_1054,chiripiar,"En la industria marroquinera, hacer diferentes figuras en el cuero con instrumentos manuales o máquinas.",https://raw.githubusercontent.com/MariaaPinzon/ImagesEvaluatingMLLM/refs/heads/main/GPT/IdiomsSingleImage/singleImage_chiripiar.png
SINGLE_1055,chiripiolca,"- Rabieta o demostración exagerada de contrariedad.
- Ataque de nervios.",https://raw.githubusercontent.com/MariaaPinzon/ImagesEvaluatingMLLM/refs/heads/main/GPT/IdiomsSingleImage/singleImage_chiripiolca.png
SINGLE_1056,chiripudo,"Referido a una persona, que tiene buena suerte.",https://raw.githubusercontent.com/MariaaPinzon/ImagesEvaluatingMLLM/refs/heads/main/GPT/IdiomsSingleImage/singleImage_chiripudo.png
SINGLE_1057,chiro,"- Prenda de vestir.
- Variedad de plátano pequeña y dulce.",https://raw.githubusercontent.com/MariaaPinzon/ImagesEvaluatingMLLM/refs/heads/main/GPT/IdiomsSingleImage/singleImage_chiro.png
SINGLE_1058,chiroso,"Referido a una persona, que se viste con ropa desgastada o rota.",https://raw.githubusercontent.com/MariaaPinzon/ImagesEvaluatingMLLM/refs/heads/main/GPT/IdiomsSingleImage/singleImage_chiroso.png
SINGLE_1059,chirriadera,Ruido que produce el roce de dos cosas.,https://raw.githubusercontent.com/MariaaPinzon/ImagesEvaluatingMLLM/refs/heads/main/GPT/IdiomsSingleImage/singleImage_chirriadera.png
SINGLE_1060,chirriado,"- Referido a un sitio o un evento, elegante.
- referido a una persona o cosa, simpática, agradable",https://raw.githubusercontent.com/MariaaPinzon/ImagesEvaluatingMLLM/refs/heads/main/GPT/IdiomsSingleImage/singleImage_chirriado.png
SINGLE_1061,chirrinche,"- Aguardiente de fabricación casera, de mala calidad.
- Bebida que se elabora con la caña de azúcar y que se consume diariamente como refresco.",https://raw.githubusercontent.com/MariaaPinzon/ImagesEvaluatingMLLM/refs/heads/main/GPT/IdiomsSingleImage/singleImage_chirrinche.png
SINGLE_1062,chirrincho,aguardiente o ron fabricado artesanalmente,https://raw.githubusercontent.com/MariaaPinzon/ImagesEvaluatingMLLM/refs/heads/main/GPT/IdiomsSingleImage/singleImage_chirrincho.png
SINGLE_1063,chirringo,chiquitín,https://raw.githubusercontent.com/MariaaPinzon/ImagesEvaluatingMLLM/refs/heads/main/GPT/IdiomsSingleImage/singleImage_chirringo.png
SINGLE_1064,chirriquitico,Muy pequeño.,https://raw.githubusercontent.com/MariaaPinzon/ImagesEvaluatingMLLM/refs/heads/main/GPT/IdiomsSingleImage/singleImage_chirriquitico.png
SINGLE_1065,chisga,Compra que se hace por un valor menor al del mercado regular.,https://raw.githubusercontent.com/MariaaPinzon/ImagesEvaluatingMLLM/refs/heads/main/GPT/IdiomsSingleImage/singleImage_chisga.png
SINGLE_1066,chisgua,mochila,https://raw.githubusercontent.com/MariaaPinzon/ImagesEvaluatingMLLM/refs/heads/main/GPT/IdiomsSingleImage/singleImage_chisgua.png
SINGLE_1067,chisguete,Chorro de un líquido que sale con fuerza y salpica una superficie.,https://raw.githubusercontent.com/MariaaPinzon/ImagesEvaluatingMLLM/refs/heads/main/GPT/IdiomsSingleImage/singleImage_chisguete.png
SINGLE_1068,chisguetear,Saltar un líquido sobre algo o alguien.,https://raw.githubusercontent.com/MariaaPinzon/ImagesEvaluatingMLLM/refs/heads/main/GPT/IdiomsSingleImage/singleImage_chisguetear.png
SINGLE_1069,chismes,"Loza, utensilios de cocina.",https://raw.githubusercontent.com/MariaaPinzon/ImagesEvaluatingMLLM/refs/heads/main/GPT/IdiomsSingleImage/singleImage_chismes.png
SINGLE_1070,chismosería,Actividad que consiste en contar chismes.,https://raw.githubusercontent.com/MariaaPinzon/ImagesEvaluatingMLLM/refs/heads/main/GPT/IdiomsSingleImage/singleImage_chismoser%C3%ADa.png
SINGLE_1071,chispeadura,acción y efecto de chispearse,https://raw.githubusercontent.com/MariaaPinzon/ImagesEvaluatingMLLM/refs/heads/main/GPT/IdiomsSingleImage/singleImage_chispeadura.png
SINGLE_1072,chispiar,Saltar un líquido sobre algo o alguien.,https://raw.githubusercontent.com/MariaaPinzon/ImagesEvaluatingMLLM/refs/heads/main/GPT/IdiomsSingleImage/singleImage_chispiar.png
SINGLE_1073,chisporrotiar,"Referido a un alimento que se fríe en aceite muy caliente, seguir escurriendo o sonando chispas al sacarlo.",https://raw.githubusercontent.com/MariaaPinzon/ImagesEvaluatingMLLM/refs/heads/main/GPT/IdiomsSingleImage/singleImage_chisporrotiar.png
SINGLE_1074,chispotear,Saltar un líquido sobre algo o alguien.,https://raw.githubusercontent.com/MariaaPinzon/ImagesEvaluatingMLLM/refs/heads/main/GPT/IdiomsSingleImage/singleImage_chispotear.png
SINGLE_1075,chispón,"Referido a una persona, ligeramente embriagada.",https://raw.githubusercontent.com/MariaaPinzon/ImagesEvaluatingMLLM/refs/heads/main/GPT/IdiomsSingleImage/singleImage_chisp%C3%B3n.png
SINGLE_1076,chistear,Hacer chistes o bromear.,https://raw.githubusercontent.com/MariaaPinzon/ImagesEvaluatingMLLM/refs/heads/main/GPT/IdiomsSingleImage/singleImage_chistear.png
SINGLE_1077,chita,"Orinar, especialmente los niños.",https://raw.githubusercontent.com/MariaaPinzon/ImagesEvaluatingMLLM/refs/heads/main/GPT/IdiomsSingleImage/singleImage_chita.png
SINGLE_1078,chite,voz que se emplea para espantar a los perros,https://raw.githubusercontent.com/MariaaPinzon/ImagesEvaluatingMLLM/refs/heads/main/GPT/IdiomsSingleImage/singleImage_chite.png
SINGLE_1079,chitearse,Quebrarse o agrietarse una cosa.,https://raw.githubusercontent.com/MariaaPinzon/ImagesEvaluatingMLLM/refs/heads/main/GPT/IdiomsSingleImage/singleImage_chitearse.png
SINGLE_1080,chitiado,"Referido a un objeto o superficie, que tiene grietas o hendiduras por acción de un golpe, por uso, por reacciones químicas o físicas.",https://raw.githubusercontent.com/MariaaPinzon/ImagesEvaluatingMLLM/refs/heads/main/GPT/IdiomsSingleImage/singleImage_chitiado.png
SINGLE_1081,chiveado,"Referido a una cosa, que es falsificada o imitación.",https://raw.githubusercontent.com/MariaaPinzon/ImagesEvaluatingMLLM/refs/heads/main/GPT/IdiomsSingleImage/singleImage_chiveado.png
SINGLE_1082,chivear,"- En periodismo, adelantarse a otros en publicar una noticia.
- Falsificar o adulterar mercancía para ponerla a la venta.",https://raw.githubusercontent.com/MariaaPinzon/ImagesEvaluatingMLLM/refs/heads/main/GPT/IdiomsSingleImage/singleImage_chivear.png
SINGLE_1083,chivera,Barba que sale en el mentón.,https://raw.githubusercontent.com/MariaaPinzon/ImagesEvaluatingMLLM/refs/heads/main/GPT/IdiomsSingleImage/singleImage_chivera.png
SINGLE_1084,chiverudo,Hombre que tiene chivera.,https://raw.githubusercontent.com/MariaaPinzon/ImagesEvaluatingMLLM/refs/heads/main/GPT/IdiomsSingleImage/singleImage_chiverudo.png
SINGLE_1085,chiviado,"referido al artículo, que ha sido adulterado para venderlo al público",https://raw.githubusercontent.com/MariaaPinzon/ImagesEvaluatingMLLM/refs/heads/main/GPT/IdiomsSingleImage/singleImage_chiviado.png
SINGLE_1086,chiviar,"- adelantarse un periódico a sus colegas para dar una noticia. lo callaba, no para ocultar la verdad sino para no alertar al criminal; entonces me chiviaban. (a. alape, el cadáver insepulto, 151
- adulterar un artículo para venderlo o para otro propósito",https://raw.githubusercontent.com/MariaaPinzon/ImagesEvaluatingMLLM/refs/heads/main/GPT/IdiomsSingleImage/singleImage_chiviar.png
SINGLE_1087,"chivo,",Macho de la cabra.,https://raw.githubusercontent.com/MariaaPinzon/ImagesEvaluatingMLLM/refs/heads/main/GPT/IdiomsSingleImage/singleImage_chivo_.png
SINGLE_1088,chivé,"Bebida refrescante de sabor ligeramente amargo, que se hace con harina de yuca brava desleída en agua fría.",https://raw.githubusercontent.com/MariaaPinzon/ImagesEvaluatingMLLM/refs/heads/main/GPT/IdiomsSingleImage/singleImage_chiv%C3%A9.png
SINGLE_1089,chiyón,Plátano desabrido y pequeño.,https://raw.githubusercontent.com/MariaaPinzon/ImagesEvaluatingMLLM/refs/heads/main/GPT/IdiomsSingleImage/singleImage_chiy%C3%B3n.png
SINGLE_1090,chocato,Calzado artesanal en forma de sandalia hecha de lona y suela de cabuya o goma.,https://raw.githubusercontent.com/MariaaPinzon/ImagesEvaluatingMLLM/refs/heads/main/GPT/IdiomsSingleImage/singleImage_chocato.png
SINGLE_1091,chocha,"Referido a una persona, sin gusto por la moda y poco culta.",https://raw.githubusercontent.com/MariaaPinzon/ImagesEvaluatingMLLM/refs/heads/main/GPT/IdiomsSingleImage/singleImage_chocha.png
SINGLE_1092,chochal,Prostíbulo de baja categoría.,https://raw.githubusercontent.com/MariaaPinzon/ImagesEvaluatingMLLM/refs/heads/main/GPT/IdiomsSingleImage/singleImage_chochal.png
SINGLE_1093,chochera,Bolsa pequeña en cuyo interior se lleva generalmente monedas.,https://raw.githubusercontent.com/MariaaPinzon/ImagesEvaluatingMLLM/refs/heads/main/GPT/IdiomsSingleImage/singleImage_chochera.png
SINGLE_1094,chocho,"- Referido a una persona, complacida por el cariño hacia algo.
- Referido a una persona, que se enoja por cualquier causa pequeña.",https://raw.githubusercontent.com/MariaaPinzon/ImagesEvaluatingMLLM/refs/heads/main/GPT/IdiomsSingleImage/singleImage_chocho.png
SINGLE_1095,chocholear,Consentir o mimar a alguien.,https://raw.githubusercontent.com/MariaaPinzon/ImagesEvaluatingMLLM/refs/heads/main/GPT/IdiomsSingleImage/singleImage_chocholear.png
SINGLE_1096,chocolatera,"Olla, generalmente de aluminio, usada para preparar el chocolate.",https://raw.githubusercontent.com/MariaaPinzon/ImagesEvaluatingMLLM/refs/heads/main/GPT/IdiomsSingleImage/singleImage_chocolatera.png
SINGLE_1097,chocolear,Entristecerse y lloriquear.,https://raw.githubusercontent.com/MariaaPinzon/ImagesEvaluatingMLLM/refs/heads/main/GPT/IdiomsSingleImage/singleImage_chocolear.png
SINGLE_1098,chocorear,Lavar la loza.,https://raw.githubusercontent.com/MariaaPinzon/ImagesEvaluatingMLLM/refs/heads/main/GPT/IdiomsSingleImage/singleImage_chocorear.png
SINGLE_1099,chocozuela,"- Pieza de carne animal, magra, redondeada, tomada de la articulación entre la pierna y la cadera, que se usa en culinaria.
- Rodilla.",https://raw.githubusercontent.com/MariaaPinzon/ImagesEvaluatingMLLM/refs/heads/main/GPT/IdiomsSingleImage/singleImage_chocozuela.png
SINGLE_1100,choferear,Manejar un vehículo.,https://raw.githubusercontent.com/MariaaPinzon/ImagesEvaluatingMLLM/refs/heads/main/GPT/IdiomsSingleImage/singleImage_choferear.png
SINGLE_1101,choferiar,Posición sexual en la que la mujer va por encima del hombre que está acostado.,https://raw.githubusercontent.com/MariaaPinzon/ImagesEvaluatingMLLM/refs/heads/main/GPT/IdiomsSingleImage/singleImage_choferiar.png
SINGLE_1102,chola,Sandalia.,https://raw.githubusercontent.com/MariaaPinzon/ImagesEvaluatingMLLM/refs/heads/main/GPT/IdiomsSingleImage/singleImage_chola.png
SINGLE_1103,cholula,Bebida hecha con leche y la variedad de plátano pequeño (chirario o bocadillo).,https://raw.githubusercontent.com/MariaaPinzon/ImagesEvaluatingMLLM/refs/heads/main/GPT/IdiomsSingleImage/singleImage_cholula.png
SINGLE_1104,chompa,"Tipo de chaqueta deportiva, corta, que se ajusta a la cintura y generalmente lleva cremallera.",https://raw.githubusercontent.com/MariaaPinzon/ImagesEvaluatingMLLM/refs/heads/main/GPT/IdiomsSingleImage/singleImage_chompa.png
SINGLE_1105,chompi,"- Acto de transportar gratuitamente a alguien que lo necesita.
- Oportunidad que se le da a alguien para hacer algo.",https://raw.githubusercontent.com/MariaaPinzon/ImagesEvaluatingMLLM/refs/heads/main/GPT/IdiomsSingleImage/singleImage_chompi.png
SINGLE_1106,chona,Recorrido corto que se hace en cualquier tipo de vehículo.,https://raw.githubusercontent.com/MariaaPinzon/ImagesEvaluatingMLLM/refs/heads/main/GPT/IdiomsSingleImage/singleImage_chona.png
SINGLE_1107,choncho,"Cerdo, marrano.",https://raw.githubusercontent.com/MariaaPinzon/ImagesEvaluatingMLLM/refs/heads/main/GPT/IdiomsSingleImage/singleImage_choncho.png
SINGLE_1108,choncho(chencho,"- cerdo
- dicho de una persona, gorda",https://raw.githubusercontent.com/MariaaPinzon/ImagesEvaluatingMLLM/refs/heads/main/GPT/IdiomsSingleImage/singleImage_choncho_chencho.png
SINGLE_1109,choneto,"- encorvado, torcido
- Referido a una cosa, encorvada o torcida.",https://raw.githubusercontent.com/MariaaPinzon/ImagesEvaluatingMLLM/refs/heads/main/GPT/IdiomsSingleImage/singleImage_choneto.png
SINGLE_1110,chongo,Lugar donde se ejerce la prostitución.,https://raw.githubusercontent.com/MariaaPinzon/ImagesEvaluatingMLLM/refs/heads/main/GPT/IdiomsSingleImage/singleImage_chongo.png
SINGLE_1111,chontear,"Intimidar y perseguir a alguien, amedrentar.",https://raw.githubusercontent.com/MariaaPinzon/ImagesEvaluatingMLLM/refs/heads/main/GPT/IdiomsSingleImage/singleImage_chontear.png
SINGLE_1112,chontiado,Salir rápidamente de alguna parte.,https://raw.githubusercontent.com/MariaaPinzon/ImagesEvaluatingMLLM/refs/heads/main/GPT/IdiomsSingleImage/singleImage_chontiado.png
SINGLE_1113,chontudo,"Referido al cabello, muy ensortijado.",https://raw.githubusercontent.com/MariaaPinzon/ImagesEvaluatingMLLM/refs/heads/main/GPT/IdiomsSingleImage/singleImage_chontudo.png
SINGLE_1114,chorear,Robar.,https://raw.githubusercontent.com/MariaaPinzon/ImagesEvaluatingMLLM/refs/heads/main/GPT/IdiomsSingleImage/singleImage_chorear.png
SINGLE_1115,choripan,Comida rápida hecha de pan y chorizo con diferentes salsas.,https://raw.githubusercontent.com/MariaaPinzon/ImagesEvaluatingMLLM/refs/heads/main/GPT/IdiomsSingleImage/singleImage_choripan.png
SINGLE_1116,choriperro,Comida rápida hecha de pan y chorizo con diferentes salsas.,https://raw.githubusercontent.com/MariaaPinzon/ImagesEvaluatingMLLM/refs/heads/main/GPT/IdiomsSingleImage/singleImage_choriperro.png
SINGLE_1117,chorno,"gracioso, bonito",https://raw.githubusercontent.com/MariaaPinzon/ImagesEvaluatingMLLM/refs/heads/main/GPT/IdiomsSingleImage/singleImage_chorno.png
SINGLE_1118,choro,Ladrón.,https://raw.githubusercontent.com/MariaaPinzon/ImagesEvaluatingMLLM/refs/heads/main/GPT/IdiomsSingleImage/singleImage_choro.png
SINGLE_1119,chorote,"- Grano de maíz, especialmente el que comienza a pasar de maduro a seco.
- Vasija en barro cocido en forma de ánfora.",https://raw.githubusercontent.com/MariaaPinzon/ImagesEvaluatingMLLM/refs/heads/main/GPT/IdiomsSingleImage/singleImage_chorote.png
SINGLE_1120,choroto,"- Referido a un fruto inmaduro
- Referido a una cosa o una actividad, que se hace sin cuidado y sin prestar atención a los detalles.",https://raw.githubusercontent.com/MariaaPinzon/ImagesEvaluatingMLLM/refs/heads/main/GPT/IdiomsSingleImage/singleImage_choroto.png
SINGLE_1121,chorreada,Mancha que deja un líquido al caer en forma de chorro sobre una superficie.,https://raw.githubusercontent.com/MariaaPinzon/ImagesEvaluatingMLLM/refs/heads/main/GPT/IdiomsSingleImage/singleImage_chorreada.png
SINGLE_1122,choto,"Fácil, que no requiere esfuerzo.",https://raw.githubusercontent.com/MariaaPinzon/ImagesEvaluatingMLLM/refs/heads/main/GPT/IdiomsSingleImage/singleImage_choto.png
SINGLE_1123,chucear,"estafar, engañar",https://raw.githubusercontent.com/MariaaPinzon/ImagesEvaluatingMLLM/refs/heads/main/GPT/IdiomsSingleImage/singleImage_chucear.png
SINGLE_1124,chuchingo,"cobarde, de poco ánimo, tímido",https://raw.githubusercontent.com/MariaaPinzon/ImagesEvaluatingMLLM/refs/heads/main/GPT/IdiomsSingleImage/singleImage_chuchingo.png
SINGLE_1125,chucho,"- dicho de un fruto, que está arrugado y en vía de podrirse
- Instrumento musical de percusión construido con un tubo de guadua y semillas secas o piedritas.",https://raw.githubusercontent.com/MariaaPinzon/ImagesEvaluatingMLLM/refs/heads/main/GPT/IdiomsSingleImage/singleImage_chucho.png
SINGLE_1126,chuchumeco,"Referido a una persona, envejecida que padece achaques.",https://raw.githubusercontent.com/MariaaPinzon/ImagesEvaluatingMLLM/refs/heads/main/GPT/IdiomsSingleImage/singleImage_chuchumeco.png
SINGLE_1127,chucula,Pastilla o bola de cacao y harina.,https://raw.githubusercontent.com/MariaaPinzon/ImagesEvaluatingMLLM/refs/heads/main/GPT/IdiomsSingleImage/singleImage_chucula.png
SINGLE_1128,chulavita,"En la época de la Violencia colombiana, policía de filiación conservadora, que se caracterizaba por cometer graves abusos y atropellos.",https://raw.githubusercontent.com/MariaaPinzon/ImagesEvaluatingMLLM/refs/heads/main/GPT/IdiomsSingleImage/singleImage_chulavita.png
SINGLE_1129,chulla,"solo, único",https://raw.githubusercontent.com/MariaaPinzon/ImagesEvaluatingMLLM/refs/heads/main/GPT/IdiomsSingleImage/singleImage_chulla.png
SINGLE_1130,chulpe,especie de maíz blando,https://raw.githubusercontent.com/MariaaPinzon/ImagesEvaluatingMLLM/refs/heads/main/GPT/IdiomsSingleImage/singleImage_chulpe.png
SINGLE_1131,chumado,"Referido a una persona, borracha.",https://raw.githubusercontent.com/MariaaPinzon/ImagesEvaluatingMLLM/refs/heads/main/GPT/IdiomsSingleImage/singleImage_chumado.png
SINGLE_1132,chumarse,Embriagarse.,https://raw.githubusercontent.com/MariaaPinzon/ImagesEvaluatingMLLM/refs/heads/main/GPT/IdiomsSingleImage/singleImage_chumarse.png
SINGLE_1133,chumba,"dicho de la yuca o la arracacha, que quedan duras después de cocidas",https://raw.githubusercontent.com/MariaaPinzon/ImagesEvaluatingMLLM/refs/heads/main/GPT/IdiomsSingleImage/singleImage_chumba.png
SINGLE_1134,chumbar,Inmovilizar con vendas el cuerpo de un bebé para inducirle al sueño o limitar el movimiento de las piernas para fortalecerlas.,https://raw.githubusercontent.com/MariaaPinzon/ImagesEvaluatingMLLM/refs/heads/main/GPT/IdiomsSingleImage/singleImage_chumbar.png
SINGLE_1135,chumbe,"Faja ancha y vistosa, tejida con diversos tipos de fibras de colores y que se usa principalmente para ajustarse la ropa o protegerse el vientre.",https://raw.githubusercontent.com/MariaaPinzon/ImagesEvaluatingMLLM/refs/heads/main/GPT/IdiomsSingleImage/singleImage_chumbe.png
SINGLE_1136,chumbimba,Matar.,https://raw.githubusercontent.com/MariaaPinzon/ImagesEvaluatingMLLM/refs/heads/main/GPT/IdiomsSingleImage/singleImage_chumbimba.png
SINGLE_1137,chumbo,"- Referido a una persona, que tiene glúteos aplanados.
- Pavo.",https://raw.githubusercontent.com/MariaaPinzon/ImagesEvaluatingMLLM/refs/heads/main/GPT/IdiomsSingleImage/singleImage_chumbo.png
SINGLE_1138,chumero,"- ulceración
- barrizal, enterradero",https://raw.githubusercontent.com/MariaaPinzon/ImagesEvaluatingMLLM/refs/heads/main/GPT/IdiomsSingleImage/singleImage_chumero.png
SINGLE_1139,chunchoso,barrigón,https://raw.githubusercontent.com/MariaaPinzon/ImagesEvaluatingMLLM/refs/heads/main/GPT/IdiomsSingleImage/singleImage_chunchoso.png
SINGLE_1140,chunchurria,"Referido a algo o a alguien, despreciable, de malas costumbres.",https://raw.githubusercontent.com/MariaaPinzon/ImagesEvaluatingMLLM/refs/heads/main/GPT/IdiomsSingleImage/singleImage_chunchurria.png
SINGLE_1141,chundul,Abultamiento que se forma en la cabeza luego de recibir un golpe.,https://raw.githubusercontent.com/MariaaPinzon/ImagesEvaluatingMLLM/refs/heads/main/GPT/IdiomsSingleImage/singleImage_chundul.png
SINGLE_1142,chundú,"Sustancia preparada con la mezcla de diversos ingredientes y con la que por medio de un hechizo se pretende adquirir una habilidad o potencia, especialmente atraer sexualmente a otra persona.",https://raw.githubusercontent.com/MariaaPinzon/ImagesEvaluatingMLLM/refs/heads/main/GPT/IdiomsSingleImage/singleImage_chund%C3%BA.png
SINGLE_1143,chupa,"- agente de la policía de tránsito
- implemento para destapar cañerías
- Alumno que adula al profesor con el fin de conseguir algo.
- Instrumento que consta de una base acampanada y un palo, que se usa para destapar cañerías.
- Policía de tránsito.",https://raw.githubusercontent.com/MariaaPinzon/ImagesEvaluatingMLLM/refs/heads/main/GPT/IdiomsSingleImage/singleImage_chupa.png
SINGLE_1144,chupadera,"Consumo prolongado, frecuente y en exceso de bebidas alcohólicas.",https://raw.githubusercontent.com/MariaaPinzon/ImagesEvaluatingMLLM/refs/heads/main/GPT/IdiomsSingleImage/singleImage_chupadera.png
SINGLE_1145,chupalina,Serie de besos apasionados.,https://raw.githubusercontent.com/MariaaPinzon/ImagesEvaluatingMLLM/refs/heads/main/GPT/IdiomsSingleImage/singleImage_chupalina.png
SINGLE_1146,chupetear,Besar a alguien repetidamente.,https://raw.githubusercontent.com/MariaaPinzon/ImagesEvaluatingMLLM/refs/heads/main/GPT/IdiomsSingleImage/singleImage_chupetear.png
SINGLE_1147,chupetón,"Marca que deja una succión apasionada, especialmente en el cuello.",https://raw.githubusercontent.com/MariaaPinzon/ImagesEvaluatingMLLM/refs/heads/main/GPT/IdiomsSingleImage/singleImage_chupet%C3%B3n.png
SINGLE_1148,chupundún,Se usa para imitar el sonido de un objeto o una persona cuando se sumerge en el agua.,https://raw.githubusercontent.com/MariaaPinzon/ImagesEvaluatingMLLM/refs/heads/main/GPT/IdiomsSingleImage/singleImage_chupund%C3%BAn.png
SINGLE_1149,chupón,"Marca que deja una succión apasionada, especialmente en el cuello.",https://raw.githubusercontent.com/MariaaPinzon/ImagesEvaluatingMLLM/refs/heads/main/GPT/IdiomsSingleImage/singleImage_chup%C3%B3n.png
SINGLE_1150,chuquio,Lodazal formado por la mezcla de tierra y agua lluvia.,https://raw.githubusercontent.com/MariaaPinzon/ImagesEvaluatingMLLM/refs/heads/main/GPT/IdiomsSingleImage/singleImage_chuquio.png
SINGLE_1151,churco,"- Referido al cabello, rizado o ensortijado.
- rizo del pelo",https://raw.githubusercontent.com/MariaaPinzon/ImagesEvaluatingMLLM/refs/heads/main/GPT/IdiomsSingleImage/singleImage_churco.png
SINGLE_1152,churo,"- Mechón de pelo crespo con forma de espiral.
- Caracol.
- Trompeta hecha con la concha del caracol.
- En la orfebrería artesanal, hilos de oro dispuestos en forma de espiral que se enrollan para armar el diseño.",https://raw.githubusercontent.com/MariaaPinzon/ImagesEvaluatingMLLM/refs/heads/main/GPT/IdiomsSingleImage/singleImage_churo.png
SINGLE_1153,churrias,"- diarrea
- Diarrea.",https://raw.githubusercontent.com/MariaaPinzon/ImagesEvaluatingMLLM/refs/heads/main/GPT/IdiomsSingleImage/singleImage_churrias.png
SINGLE_1154,churruscar,Encogerse y deformarse un objeto al entrar en contacto con el calor.,https://raw.githubusercontent.com/MariaaPinzon/ImagesEvaluatingMLLM/refs/heads/main/GPT/IdiomsSingleImage/singleImage_churruscar.png
SINGLE_1155,churrusco,"- Cepillo en forma de espiral con mango que se usa para lavar recipientes.
- Referido al cabello, ensortijado.",https://raw.githubusercontent.com/MariaaPinzon/ImagesEvaluatingMLLM/refs/heads/main/GPT/IdiomsSingleImage/singleImage_churrusco.png
SINGLE_1156,churumbelo,Cualquier objeto al que no se le denomina por su nombre específico porque no se sabe o no se recuerda.,https://raw.githubusercontent.com/MariaaPinzon/ImagesEvaluatingMLLM/refs/heads/main/GPT/IdiomsSingleImage/singleImage_churumbelo.png
SINGLE_1157,churupo,Dinero.,https://raw.githubusercontent.com/MariaaPinzon/ImagesEvaluatingMLLM/refs/heads/main/GPT/IdiomsSingleImage/singleImage_churupo.png
SINGLE_1158,chusco,"dicho de una persona o cosa, bonita, agradable, atractiva",https://raw.githubusercontent.com/MariaaPinzon/ImagesEvaluatingMLLM/refs/heads/main/GPT/IdiomsSingleImage/singleImage_chusco.png
SINGLE_1159,chusmero,miembro de un cuerpo armado irregular,https://raw.githubusercontent.com/MariaaPinzon/ImagesEvaluatingMLLM/refs/heads/main/GPT/IdiomsSingleImage/singleImage_chusmero.png
SINGLE_1160,chuspa,"- cartuchera
- Bolsa de plástico u otro material que se usa para llevar o guardar cosas.",https://raw.githubusercontent.com/MariaaPinzon/ImagesEvaluatingMLLM/refs/heads/main/GPT/IdiomsSingleImage/singleImage_chuspa.png
SINGLE_1161,chuspe,"Palo o madero con lazos, ubicado en la cocina, en el que suele ponerse la carne para ahumarse.",https://raw.githubusercontent.com/MariaaPinzon/ImagesEvaluatingMLLM/refs/heads/main/GPT/IdiomsSingleImage/singleImage_chuspe.png
SINGLE_1162,chusque,"Instrumento musical con forma de esterilla, hecha de diversos tipos de caña y que se toca friccionándola entre las dos manos, especialmente como acompañamiento de la guabina.",https://raw.githubusercontent.com/MariaaPinzon/ImagesEvaluatingMLLM/refs/heads/main/GPT/IdiomsSingleImage/singleImage_chusque.png
SINGLE_1163,chuta,Sombrero.,https://raw.githubusercontent.com/MariaaPinzon/ImagesEvaluatingMLLM/refs/heads/main/GPT/IdiomsSingleImage/singleImage_chuta.png
SINGLE_1164,chuto,"Referido al cabello, rizado o ensortijado.",https://raw.githubusercontent.com/MariaaPinzon/ImagesEvaluatingMLLM/refs/heads/main/GPT/IdiomsSingleImage/singleImage_chuto.png
SINGLE_1165,chácara,Herida grande.,https://raw.githubusercontent.com/MariaaPinzon/ImagesEvaluatingMLLM/refs/heads/main/GPT/IdiomsSingleImage/singleImage_ch%C3%A1cara.png
SINGLE_1166,cháncharos,Fríjoles.,https://raw.githubusercontent.com/MariaaPinzon/ImagesEvaluatingMLLM/refs/heads/main/GPT/IdiomsSingleImage/singleImage_ch%C3%A1ncharos.png
SINGLE_1167,chéchere,trasto viejo o inútil,https://raw.githubusercontent.com/MariaaPinzon/ImagesEvaluatingMLLM/refs/heads/main/GPT/IdiomsSingleImage/singleImage_ch%C3%A9chere.png
SINGLE_1168,chévere,"- Referido a una cosa o situación, estupenda o muy buena.
- Referido a una persona, simpática o agradable.
- expresión ponderativa de las cualidades de personas, cosas o situaciones",https://raw.githubusercontent.com/MariaaPinzon/ImagesEvaluatingMLLM/refs/heads/main/GPT/IdiomsSingleImage/singleImage_ch%C3%A9vere.png
SINGLE_1169,chócolo,Mazorca de maíz tierno.,https://raw.githubusercontent.com/MariaaPinzon/ImagesEvaluatingMLLM/refs/heads/main/GPT/IdiomsSingleImage/singleImage_ch%C3%B3colo.png
SINGLE_1170,chócoro,"Utensilio de cocina como ollas, cubiertos, vajilla.",https://raw.githubusercontent.com/MariaaPinzon/ImagesEvaluatingMLLM/refs/heads/main/GPT/IdiomsSingleImage/singleImage_ch%C3%B3coro.png
SINGLE_1171,chúcaro,"- bestia sin amansar
- policía bachiller",https://raw.githubusercontent.com/MariaaPinzon/ImagesEvaluatingMLLM/refs/heads/main/GPT/IdiomsSingleImage/singleImage_ch%C3%BAcaro.png
SINGLE_1172,chúpame las...,"dicho de una persona, entrometido, adulador, chismoso",https://raw.githubusercontent.com/MariaaPinzon/ImagesEvaluatingMLLM/refs/heads/main/GPT/IdiomsSingleImage/singleImage_ch%C3%BApame_las_.png
SINGLE_1173,cicla,"- bicicleta
- Bicicleta.",https://raw.githubusercontent.com/MariaaPinzon/ImagesEvaluatingMLLM/refs/heads/main/GPT/IdiomsSingleImage/singleImage_cicla.png
SINGLE_1174,ciclorruta,Carril que va por la acera o por los separadores de uso exclusivo para los ciclistas y los patinadores.,https://raw.githubusercontent.com/MariaaPinzon/ImagesEvaluatingMLLM/refs/heads/main/GPT/IdiomsSingleImage/singleImage_ciclorruta.png
SINGLE_1175,cigarrillera,Estuche para los cigarrillos.,https://raw.githubusercontent.com/MariaaPinzon/ImagesEvaluatingMLLM/refs/heads/main/GPT/IdiomsSingleImage/singleImage_cigarrillera.png
SINGLE_1176,cilindradora,"Máquina que rueda sobre grandes y pesados cilindros de acero, usada para compactar pavimiento o caminos.",https://raw.githubusercontent.com/MariaaPinzon/ImagesEvaluatingMLLM/refs/heads/main/GPT/IdiomsSingleImage/singleImage_cilindradora.png
SINGLE_1177,cimarrón,"Referido a un esclavo, que se refugiaba en los montes buscando la libertad.",https://raw.githubusercontent.com/MariaaPinzon/ImagesEvaluatingMLLM/refs/heads/main/GPT/IdiomsSingleImage/singleImage_cimarr%C3%B3n.png
SINGLE_1178,cintillo,Trozo de tela o de material elástico usado para recoger el cabello o como adorno.,https://raw.githubusercontent.com/MariaaPinzon/ImagesEvaluatingMLLM/refs/heads/main/GPT/IdiomsSingleImage/singleImage_cintillo.png
SINGLE_1179,cipote,"Mucho, grande o formidable.",https://raw.githubusercontent.com/MariaaPinzon/ImagesEvaluatingMLLM/refs/heads/main/GPT/IdiomsSingleImage/singleImage_cipote.png
SINGLE_1180,cipotudo,"Referido a una persona o cosa, muy grande.",https://raw.githubusercontent.com/MariaaPinzon/ImagesEvaluatingMLLM/refs/heads/main/GPT/IdiomsSingleImage/singleImage_cipotudo.png
SINGLE_1181,cisco,"Residuo del café que queda después de trillado el grano, y que se usa como combustible.",https://raw.githubusercontent.com/MariaaPinzon/ImagesEvaluatingMLLM/refs/heads/main/GPT/IdiomsSingleImage/singleImage_cisco.png
SINGLE_1182,cismático,"Referido a una persona, que muestra una repugnancia afectada y una excesiva delicadeza en palabras y acciones.",https://raw.githubusercontent.com/MariaaPinzon/ImagesEvaluatingMLLM/refs/heads/main/GPT/IdiomsSingleImage/singleImage_cism%C3%A1tico.png
SINGLE_1183,cisterna,Descargar el agua del tanque del inodoro.,https://raw.githubusercontent.com/MariaaPinzon/ImagesEvaluatingMLLM/refs/heads/main/GPT/IdiomsSingleImage/singleImage_cisterna.png
SINGLE_1184,ciénaga,"Depósito natural de agua de menor dimensión que la laguna, en el que se mezcla el agua salada del mar y la dulce de los ríos.",https://raw.githubusercontent.com/MariaaPinzon/ImagesEvaluatingMLLM/refs/heads/main/GPT/IdiomsSingleImage/singleImage_ci%C3%A9naga.png
SINGLE_1185,claro,Bebida refrescante que se obtiene del líquido de la mazamorra.,https://raw.githubusercontent.com/MariaaPinzon/ImagesEvaluatingMLLM/refs/heads/main/GPT/IdiomsSingleImage/singleImage_claro.png
SINGLE_1186,clavadista,Deportista que practica el salto de trampolín.,https://raw.githubusercontent.com/MariaaPinzon/ImagesEvaluatingMLLM/refs/heads/main/GPT/IdiomsSingleImage/singleImage_clavadista.png
SINGLE_1187,clavar el pico,dormirse,https://raw.githubusercontent.com/MariaaPinzon/ImagesEvaluatingMLLM/refs/heads/main/GPT/IdiomsSingleImage/singleImage_clavar_el_pico.png
SINGLE_1188,coba,"Burlarse, jactarse de algo.",https://raw.githubusercontent.com/MariaaPinzon/ImagesEvaluatingMLLM/refs/heads/main/GPT/IdiomsSingleImage/singleImage_coba.png
SINGLE_1189,cobao,"Estilo de baile en el que los danzantes juntan y rozan sus cuerpos, principalmente en la zona pélvica.",https://raw.githubusercontent.com/MariaaPinzon/ImagesEvaluatingMLLM/refs/heads/main/GPT/IdiomsSingleImage/singleImage_cobao.png
SINGLE_1190,cocacolo,Joven entre 14 y 19 años.,https://raw.githubusercontent.com/MariaaPinzon/ImagesEvaluatingMLLM/refs/heads/main/GPT/IdiomsSingleImage/singleImage_cocacolo.png
SINGLE_1191,cocada,"- Cantidad de algo, generalmente líquidos o granos, que se pueden contener en una coca.
- Golosina hecha con coco rallado que se mezcla con distintos tipos de dulces hasta adquirir una consistencia grumosa, y que generalmente tiene forma de galleta o tableta.",https://raw.githubusercontent.com/MariaaPinzon/ImagesEvaluatingMLLM/refs/heads/main/GPT/IdiomsSingleImage/singleImage_cocada.png
SINGLE_1192,cocayo,"Capa de arroz que queda adherida a la olla, después de su cocción.",https://raw.githubusercontent.com/MariaaPinzon/ImagesEvaluatingMLLM/refs/heads/main/GPT/IdiomsSingleImage/singleImage_cocayo.png
SINGLE_1193,cocha,mezcla de sustancias sólidas y líquidas para fabricar algún producto,https://raw.githubusercontent.com/MariaaPinzon/ImagesEvaluatingMLLM/refs/heads/main/GPT/IdiomsSingleImage/singleImage_cocha.png
SINGLE_1194,cochada,"- Grupo de personas de la misma generación, que se graduaron en el mismo año o se posesionaron en un cargo al tiempo.
- Grupo de crías nacidas en un parto.
- Conjunto de cosas con las mismas características.
- cantidad de hombres o de cosas",https://raw.githubusercontent.com/MariaaPinzon/ImagesEvaluatingMLLM/refs/heads/main/GPT/IdiomsSingleImage/singleImage_cochada.png
SINGLE_1195,cocheteo,"Burla, diversión.",https://raw.githubusercontent.com/MariaaPinzon/ImagesEvaluatingMLLM/refs/heads/main/GPT/IdiomsSingleImage/singleImage_cocheteo.png
SINGLE_1196,cochoso,"Referido a una persona, que le gusta ingerir licor.",https://raw.githubusercontent.com/MariaaPinzon/ImagesEvaluatingMLLM/refs/heads/main/GPT/IdiomsSingleImage/singleImage_cochoso.png
SINGLE_1197,cocinado,reunión infantil para preparar conjuntamente una comida,https://raw.githubusercontent.com/MariaaPinzon/ImagesEvaluatingMLLM/refs/heads/main/GPT/IdiomsSingleImage/singleImage_cocinado.png
SINGLE_1198,cocineta,Espacio pequeño y con algún tipo de mueble destinado a la cocina en apartamentos de un solo ambiente.,https://raw.githubusercontent.com/MariaaPinzon/ImagesEvaluatingMLLM/refs/heads/main/GPT/IdiomsSingleImage/singleImage_cocineta.png
SINGLE_1199,cocinol,"Gasolina de bajo precio, que se usa como combustible para ciertas estufas.",https://raw.githubusercontent.com/MariaaPinzon/ImagesEvaluatingMLLM/refs/heads/main/GPT/IdiomsSingleImage/singleImage_cocinol.png
SINGLE_1200,cocorota,Cabeza de una persona.,https://raw.githubusercontent.com/MariaaPinzon/ImagesEvaluatingMLLM/refs/heads/main/GPT/IdiomsSingleImage/singleImage_cocorota.png
SINGLE_1201,cocorote,cabeza,https://raw.githubusercontent.com/MariaaPinzon/ImagesEvaluatingMLLM/refs/heads/main/GPT/IdiomsSingleImage/singleImage_cocorote.png
SINGLE_1202,cocoroyó,onomatopeya que imita el canto del gallo,https://raw.githubusercontent.com/MariaaPinzon/ImagesEvaluatingMLLM/refs/heads/main/GPT/IdiomsSingleImage/singleImage_cocoroy%C3%B3.png
SINGLE_1203,cocorra,cabeza,https://raw.githubusercontent.com/MariaaPinzon/ImagesEvaluatingMLLM/refs/heads/main/GPT/IdiomsSingleImage/singleImage_cocorra.png
SINGLE_1204,cocotazo,Golpe dado con los nudillos en la cabeza.,https://raw.githubusercontent.com/MariaaPinzon/ImagesEvaluatingMLLM/refs/heads/main/GPT/IdiomsSingleImage/singleImage_cocotazo.png
SINGLE_1205,cocote,"- Cabeza de una persona.
- Término que se agrega al nombre de una persona de cabeza grande.",https://raw.githubusercontent.com/MariaaPinzon/ImagesEvaluatingMLLM/refs/heads/main/GPT/IdiomsSingleImage/singleImage_cocote.png
SINGLE_1206,cocotear,Darle golpes en la cabeza a alguien.,https://raw.githubusercontent.com/MariaaPinzon/ImagesEvaluatingMLLM/refs/heads/main/GPT/IdiomsSingleImage/singleImage_cocotear.png
SINGLE_1207,cocotera,peineta arqueada para sujetar el cabello por delante a manera de diadema,https://raw.githubusercontent.com/MariaaPinzon/ImagesEvaluatingMLLM/refs/heads/main/GPT/IdiomsSingleImage/singleImage_cocotera.png
SINGLE_1208,cocuyo,"Luz de un automotor que indica su posición, especialmente en condiciones de baja visibilidad.",https://raw.githubusercontent.com/MariaaPinzon/ImagesEvaluatingMLLM/refs/heads/main/GPT/IdiomsSingleImage/singleImage_cocuyo.png
SINGLE_1209,cocá,Raspadura o herida que se hace en alguna parte del cuerpo.,https://raw.githubusercontent.com/MariaaPinzon/ImagesEvaluatingMLLM/refs/heads/main/GPT/IdiomsSingleImage/singleImage_coc%C3%A1.png
SINGLE_1210,cofio,"Golosina hecha a base de harina de maíz o arroz tostado, mezclado con azúcar.",https://raw.githubusercontent.com/MariaaPinzon/ImagesEvaluatingMLLM/refs/heads/main/GPT/IdiomsSingleImage/singleImage_cofio.png
SINGLE_1211,cogeollas,"Trapo o guante, generalmente de tela acolchada, que se emplea para manipular los recipientes de cocina cuando están muy calientes.",https://raw.githubusercontent.com/MariaaPinzon/ImagesEvaluatingMLLM/refs/heads/main/GPT/IdiomsSingleImage/singleImage_cogeollas.png
SINGLE_1212,cogepuerca,"Referido a un pantalón, que queda corto de bota.",https://raw.githubusercontent.com/MariaaPinzon/ImagesEvaluatingMLLM/refs/heads/main/GPT/IdiomsSingleImage/singleImage_cogepuerca.png
SINGLE_1213,cogerle el tiro,a algo,https://raw.githubusercontent.com/MariaaPinzon/ImagesEvaluatingMLLM/refs/heads/main/GPT/IdiomsSingleImage/singleImage_cogerle_el_tiro.png
SINGLE_1214,coima,Empleada del servicio doméstico.,https://raw.githubusercontent.com/MariaaPinzon/ImagesEvaluatingMLLM/refs/heads/main/GPT/IdiomsSingleImage/singleImage_coima.png
SINGLE_1215,cojongo,"- Buñuelos pequeños hechos con masa de maíz amarillo, comino y cebolla, que se cocinan en agua y se usan como acompañantes de otros platos.
- Avispero.",https://raw.githubusercontent.com/MariaaPinzon/ImagesEvaluatingMLLM/refs/heads/main/GPT/IdiomsSingleImage/singleImage_cojongo.png
SINGLE_1216,cojosa,Leche agria y espesa.,https://raw.githubusercontent.com/MariaaPinzon/ImagesEvaluatingMLLM/refs/heads/main/GPT/IdiomsSingleImage/singleImage_cojosa.png
SINGLE_1217,coladera,"En la cocina, utensilio que sirve para colar líquidos.",https://raw.githubusercontent.com/MariaaPinzon/ImagesEvaluatingMLLM/refs/heads/main/GPT/IdiomsSingleImage/singleImage_coladera.png
SINGLE_1218,coleta,"tela burda, empleada en la fabricación de sacos, manteles y ropa ordinaria",https://raw.githubusercontent.com/MariaaPinzon/ImagesEvaluatingMLLM/refs/heads/main/GPT/IdiomsSingleImage/singleImage_coleta.png
SINGLE_1219,colgandejo,"- Joya o adorno que se considera sin valor.
- Cosa o trozo que cuelga.",https://raw.githubusercontent.com/MariaaPinzon/ImagesEvaluatingMLLM/refs/heads/main/GPT/IdiomsSingleImage/singleImage_colgandejo.png
SINGLE_1220,colgandrejo,cosa o trozo que cuelga de algo,https://raw.githubusercontent.com/MariaaPinzon/ImagesEvaluatingMLLM/refs/heads/main/GPT/IdiomsSingleImage/singleImage_colgandrejo.png
SINGLE_1221,colgar los guayos,morir,https://raw.githubusercontent.com/MariaaPinzon/ImagesEvaluatingMLLM/refs/heads/main/GPT/IdiomsSingleImage/singleImage_colgar_los_guayos.png
SINGLE_1222,colicero,"Variedad de plátano pequeño y grueso de cáscara de color verde intenso, que se usa en la preparación de sopas y otros platos.",https://raw.githubusercontent.com/MariaaPinzon/ImagesEvaluatingMLLM/refs/heads/main/GPT/IdiomsSingleImage/singleImage_colicero.png
SINGLE_1223,colincharse,Viajar sin pagar agarrándose a la parte posterior de un automotor o haciéndose llevar sin ser invitado.,https://raw.githubusercontent.com/MariaaPinzon/ImagesEvaluatingMLLM/refs/heads/main/GPT/IdiomsSingleImage/singleImage_colincharse.png
SINGLE_1224,colino,"- Nombre genérico para las diferentes variedades del plátano y banano.
- Brote o retoño de ciertas plantas que se usa para la reproducción.
- Área sembrada con cultivos alimenticios.
- Referido a una persona, adicta a la marihuana.
- Referido a una persona, molesta, enojada.",https://raw.githubusercontent.com/MariaaPinzon/ImagesEvaluatingMLLM/refs/heads/main/GPT/IdiomsSingleImage/singleImage_colino.png
SINGLE_1225,collarejo,miembro del partido liberal,https://raw.githubusercontent.com/MariaaPinzon/ImagesEvaluatingMLLM/refs/heads/main/GPT/IdiomsSingleImage/singleImage_collarejo.png
SINGLE_1226,colorinche,Que tiene muchos colores vivos y mal combinados.,https://raw.githubusercontent.com/MariaaPinzon/ImagesEvaluatingMLLM/refs/heads/main/GPT/IdiomsSingleImage/singleImage_colorinche.png
SINGLE_1227,comedido,"- Dispuesto a ayudar o a servir.
- Discreto mesurado.",https://raw.githubusercontent.com/MariaaPinzon/ImagesEvaluatingMLLM/refs/heads/main/GPT/IdiomsSingleImage/singleImage_comedido.png
SINGLE_1228,comején,"- Nido de estos insectos.
- Termita, insecto que ataca la madera.",https://raw.githubusercontent.com/MariaaPinzon/ImagesEvaluatingMLLM/refs/heads/main/GPT/IdiomsSingleImage/singleImage_comej%C3%A9n.png
SINGLE_1229,comelón,"Referido a una persona, que come mucho y frecuentemente.",https://raw.githubusercontent.com/MariaaPinzon/ImagesEvaluatingMLLM/refs/heads/main/GPT/IdiomsSingleImage/singleImage_comel%C3%B3n.png
SINGLE_1230,comemierda,"Persona resentida, chismosa y busca pleitos.",https://raw.githubusercontent.com/MariaaPinzon/ImagesEvaluatingMLLM/refs/heads/main/GPT/IdiomsSingleImage/singleImage_comemierda.png
SINGLE_1231,comeviejo,Menor de edad que se inmiscuye o sigue con interés la conversación entre adultos.,https://raw.githubusercontent.com/MariaaPinzon/ImagesEvaluatingMLLM/refs/heads/main/GPT/IdiomsSingleImage/singleImage_comeviejo.png
SINGLE_1232,comiso,Provisión de comida que se lleva para consumir en las faenas del campo o en un viaje.,https://raw.githubusercontent.com/MariaaPinzon/ImagesEvaluatingMLLM/refs/heads/main/GPT/IdiomsSingleImage/singleImage_comiso.png
SINGLE_1233,comistraje,panecillos y otros amasijos para acompañar la merienda,https://raw.githubusercontent.com/MariaaPinzon/ImagesEvaluatingMLLM/refs/heads/main/GPT/IdiomsSingleImage/singleImage_comistraje.png
SINGLE_1234,comparado,"Referido a una persona, que se atreve hacer ciertas cosas sin tener la experiencia o el conocimiento, lanzado.",https://raw.githubusercontent.com/MariaaPinzon/ImagesEvaluatingMLLM/refs/heads/main/GPT/IdiomsSingleImage/singleImage_comparado.png
SINGLE_1235,compinchería,Relación de camaradería o complicidad para hacer travesuras o para fines poco honrados.,https://raw.githubusercontent.com/MariaaPinzon/ImagesEvaluatingMLLM/refs/heads/main/GPT/IdiomsSingleImage/singleImage_compincher%C3%ADa.png
SINGLE_1236,conchanácar,Mariposa grande de color tornasolado común en bosques próximos a cursos de agua y propia de las zonas frías en el oriente antioqueño.,https://raw.githubusercontent.com/MariaaPinzon/ImagesEvaluatingMLLM/refs/heads/main/GPT/IdiomsSingleImage/singleImage_conchan%C3%A1car.png
SINGLE_1237,concho,"- la última leche que se le extrae a la vaca en cada ordeño
- residuo de algún líquido",https://raw.githubusercontent.com/MariaaPinzon/ImagesEvaluatingMLLM/refs/heads/main/GPT/IdiomsSingleImage/singleImage_concho.png
SINGLE_1238,conchudez,"Desfachatez, descaro.",https://raw.githubusercontent.com/MariaaPinzon/ImagesEvaluatingMLLM/refs/heads/main/GPT/IdiomsSingleImage/singleImage_conchudez.png
SINGLE_1239,conchudo,"Referido a una persona, desvergonzada, descarada, o que es negligente en su actuar.",https://raw.githubusercontent.com/MariaaPinzon/ImagesEvaluatingMLLM/refs/heads/main/GPT/IdiomsSingleImage/singleImage_conchudo.png
SINGLE_1240,concolón,"Capa de alguna leguminosa o colada que queda adherida a la olla, después de su cocción.",https://raw.githubusercontent.com/MariaaPinzon/ImagesEvaluatingMLLM/refs/heads/main/GPT/IdiomsSingleImage/singleImage_concol%C3%B3n.png
SINGLE_1241,conejear,evadir el pago de una deuda o el cumplimiento de una promesa u obligación,https://raw.githubusercontent.com/MariaaPinzon/ImagesEvaluatingMLLM/refs/heads/main/GPT/IdiomsSingleImage/singleImage_conejear.png
SINGLE_1242,congo,Persona disfrazada que participa en la comparsa del Carnaval.,https://raw.githubusercontent.com/MariaaPinzon/ImagesEvaluatingMLLM/refs/heads/main/GPT/IdiomsSingleImage/singleImage_congo.png
SINGLE_1243,conmutador,Aparato electrónico de telecomunicaciones que comunica varias líneas telefónicas ubicadas en diversos lugares de una misma entidad.,https://raw.githubusercontent.com/MariaaPinzon/ImagesEvaluatingMLLM/refs/heads/main/GPT/IdiomsSingleImage/singleImage_conmutador.png
SINGLE_1244,connotado,"Referido a una persona o situación, importante, famosa.",https://raw.githubusercontent.com/MariaaPinzon/ImagesEvaluatingMLLM/refs/heads/main/GPT/IdiomsSingleImage/singleImage_connotado.png
SINGLE_1245,conocer el almendrón,"- conocer uno muy bien las artimañas de una persona avispada, lista
- estar enterado de las intimidades de un asunto complejo",https://raw.githubusercontent.com/MariaaPinzon/ImagesEvaluatingMLLM/refs/heads/main/GPT/IdiomsSingleImage/singleImage_conocer_el_almendr%C3%B3n.png
SINGLE_1246,conseguir marrano,"- conseguirse un buen novio
- hallar una persona ingenua para aprovecharse de ella",https://raw.githubusercontent.com/MariaaPinzon/ImagesEvaluatingMLLM/refs/heads/main/GPT/IdiomsSingleImage/singleImage_conseguir_marrano.png
SINGLE_1247,conserva,"Referido a una fruta u otros alimentos, cocinados en agua y reservados en almíbar o en vinagre, hierbas aromáticas y sal.",https://raw.githubusercontent.com/MariaaPinzon/ImagesEvaluatingMLLM/refs/heads/main/GPT/IdiomsSingleImage/singleImage_conserva.png
SINGLE_1248,"conservador, ra","- Relacionado con el partido Conservador Colombiano, uno de los partidos políticos tradicionales del país.
- Seguidor de este partido político.",https://raw.githubusercontent.com/MariaaPinzon/ImagesEvaluatingMLLM/refs/heads/main/GPT/IdiomsSingleImage/singleImage_conservador__ra.png
SINGLE_1249,conservatismo,"Movimiento político representado por el Partido Conservador Colombiano, fundado en 1848 y formalizado en 1849.",https://raw.githubusercontent.com/MariaaPinzon/ImagesEvaluatingMLLM/refs/heads/main/GPT/IdiomsSingleImage/singleImage_conservatismo.png
SINGLE_1250,consiliatura,"en algunas universidades y otras instituciones, cuerpo consultivo del rector, director o presidente",https://raw.githubusercontent.com/MariaaPinzon/ImagesEvaluatingMLLM/refs/heads/main/GPT/IdiomsSingleImage/singleImage_consiliatura.png
SINGLE_1251,contabilista,persona que por oficio o profesión lleva la contabilidad de una casa comercial o empresa,https://raw.githubusercontent.com/MariaaPinzon/ImagesEvaluatingMLLM/refs/heads/main/GPT/IdiomsSingleImage/singleImage_contabilista.png
SINGLE_1252,contentillo,"Animar a una persona con promesas falsas o irrisorias, o dádivas insignificantes.",https://raw.githubusercontent.com/MariaaPinzon/ImagesEvaluatingMLLM/refs/heads/main/GPT/IdiomsSingleImage/singleImage_contentillo.png
SINGLE_1253,contimás,Por lo menos.,https://raw.githubusercontent.com/MariaaPinzon/ImagesEvaluatingMLLM/refs/heads/main/GPT/IdiomsSingleImage/singleImage_contim%C3%A1s.png
SINGLE_1254,contra,"- Especie de talismán o amuleto que se utiliza para evitar los efectos de embrujos o hechicerías.
- Brebaje que se ingiere para anular el efecto de embrujos o hechicerías.
- Bebida usada para contrarrestar el efecto de la mordedura de algunas serpientes.",https://raw.githubusercontent.com/MariaaPinzon/ImagesEvaluatingMLLM/refs/heads/main/GPT/IdiomsSingleImage/singleImage_contra.png
SINGLE_1255,contracarátula,"En un libro, pasta que cubre su parte final.",https://raw.githubusercontent.com/MariaaPinzon/ImagesEvaluatingMLLM/refs/heads/main/GPT/IdiomsSingleImage/singleImage_contracar%C3%A1tula.png
SINGLE_1256,contrafómeque,"- persona o acción de esta que impide, neutraliza o supera la acción perjudicial de alguien
- Acción o persona usados para contrarrestar la acción de otra que es perjudicial.",https://raw.githubusercontent.com/MariaaPinzon/ImagesEvaluatingMLLM/refs/heads/main/GPT/IdiomsSingleImage/singleImage_contraf%C3%B3meque.png
SINGLE_1257,contrapuntear,"- Enfrentarse dos contendientes cantando versos al son del joropo llanero.
- Contestar o refutar continuamente el comentario o argumento de otra persona en una especie de discusión.",https://raw.githubusercontent.com/MariaaPinzon/ImagesEvaluatingMLLM/refs/heads/main/GPT/IdiomsSingleImage/singleImage_contrapuntear.png
SINGLE_1258,contrapunteo,Canto de versos que se improvisan entre dos o más personas acompañado de música.,https://raw.githubusercontent.com/MariaaPinzon/ImagesEvaluatingMLLM/refs/heads/main/GPT/IdiomsSingleImage/singleImage_contrapunteo.png
SINGLE_1259,contrapunto,Enfrentamiento musical en el que dos contendientes se enfrentan cantando versos al son del joropo llanero.,https://raw.githubusercontent.com/MariaaPinzon/ImagesEvaluatingMLLM/refs/heads/main/GPT/IdiomsSingleImage/singleImage_contrapunto.png
SINGLE_1260,conuco,Terreno destinado al cultivo.,https://raw.githubusercontent.com/MariaaPinzon/ImagesEvaluatingMLLM/refs/heads/main/GPT/IdiomsSingleImage/singleImage_conuco.png
SINGLE_1261,conversadera,Diálogo largo y constante.,https://raw.githubusercontent.com/MariaaPinzon/ImagesEvaluatingMLLM/refs/heads/main/GPT/IdiomsSingleImage/singleImage_conversadera.png
SINGLE_1262,conversón,"persona locuaz, habladora y en algunos casos chismosa",https://raw.githubusercontent.com/MariaaPinzon/ImagesEvaluatingMLLM/refs/heads/main/GPT/IdiomsSingleImage/singleImage_convers%C3%B3n.png
SINGLE_1263,convite,"trabajos realizados en comunidad, especialmente en agricultura y construcción",https://raw.githubusercontent.com/MariaaPinzon/ImagesEvaluatingMLLM/refs/heads/main/GPT/IdiomsSingleImage/singleImage_convite.png
SINGLE_1264,copa,"En algunos vehículos, tapa que cubre la parte central de la rueda, en la que se encuentran los tornillos de sujeción.",https://raw.githubusercontent.com/MariaaPinzon/ImagesEvaluatingMLLM/refs/heads/main/GPT/IdiomsSingleImage/singleImage_copa.png
SINGLE_1265,copado,"Referido a alguien o algo, que está muy lleno.",https://raw.githubusercontent.com/MariaaPinzon/ImagesEvaluatingMLLM/refs/heads/main/GPT/IdiomsSingleImage/singleImage_copado.png
SINGLE_1266,copar,Cubrir o llenar algo por completo.,https://raw.githubusercontent.com/MariaaPinzon/ImagesEvaluatingMLLM/refs/heads/main/GPT/IdiomsSingleImage/singleImage_copar.png
SINGLE_1267,copialina,Papel escrito que se consulta de manera oculta durante una prueba o examen.,https://raw.githubusercontent.com/MariaaPinzon/ImagesEvaluatingMLLM/refs/heads/main/GPT/IdiomsSingleImage/singleImage_copialina.png
SINGLE_1268,copietas,"Referido a una persona, que imita o copia a otra.",https://raw.githubusercontent.com/MariaaPinzon/ImagesEvaluatingMLLM/refs/heads/main/GPT/IdiomsSingleImage/singleImage_copietas.png
SINGLE_1269,copisolero,persona que consume a solas bebidas embriagantes,https://raw.githubusercontent.com/MariaaPinzon/ImagesEvaluatingMLLM/refs/heads/main/GPT/IdiomsSingleImage/singleImage_copisolero.png
SINGLE_1270,coposo,"Referido a un árbol, que tiene la copa grande y tupida.",https://raw.githubusercontent.com/MariaaPinzon/ImagesEvaluatingMLLM/refs/heads/main/GPT/IdiomsSingleImage/singleImage_coposo.png
SINGLE_1271,coquero,Relativo a la cocaína o su cultivo.,https://raw.githubusercontent.com/MariaaPinzon/ImagesEvaluatingMLLM/refs/heads/main/GPT/IdiomsSingleImage/singleImage_coquero.png
SINGLE_1272,coralibe,"- Referido a una persona, que vive y trabaja en el campo.
- Referido a una persona, que es ordinaria en su comportamiento o tiene mal gusto al vestirse o al hablar.",https://raw.githubusercontent.com/MariaaPinzon/ImagesEvaluatingMLLM/refs/heads/main/GPT/IdiomsSingleImage/singleImage_coralibe.png
SINGLE_1273,corbatudo,persona que suele usufructuar corbatas,https://raw.githubusercontent.com/MariaaPinzon/ImagesEvaluatingMLLM/refs/heads/main/GPT/IdiomsSingleImage/singleImage_corbatudo.png
SINGLE_1274,corchada,turbación que siente una persona ante una pregunta que no sabe contestar,https://raw.githubusercontent.com/MariaaPinzon/ImagesEvaluatingMLLM/refs/heads/main/GPT/IdiomsSingleImage/singleImage_corchada.png
SINGLE_1275,corotearse,Trasladar los muebles y enseres a una nueva vivienda.,https://raw.githubusercontent.com/MariaaPinzon/ImagesEvaluatingMLLM/refs/heads/main/GPT/IdiomsSingleImage/singleImage_corotearse.png
SINGLE_1276,coroteo,Traslado de los muebles y enseres a una nueva vivienda.,https://raw.githubusercontent.com/MariaaPinzon/ImagesEvaluatingMLLM/refs/heads/main/GPT/IdiomsSingleImage/singleImage_coroteo.png
SINGLE_1277,corotos,"- Conjunto de objetos personales que se usan habitualmente.
- Cualquier objeto al que no se le denomina por su nombre específico porque no se sabe o no se recuerda.",https://raw.githubusercontent.com/MariaaPinzon/ImagesEvaluatingMLLM/refs/heads/main/GPT/IdiomsSingleImage/singleImage_corotos.png
SINGLE_1278,corraleja,"- Fiesta popular en la que se lidian toros en un cercado.
- Corral para el ganado.",https://raw.githubusercontent.com/MariaaPinzon/ImagesEvaluatingMLLM/refs/heads/main/GPT/IdiomsSingleImage/singleImage_corraleja.png
SINGLE_1279,corralero,mozo que guarda y ordeña las vacas en los corrales,https://raw.githubusercontent.com/MariaaPinzon/ImagesEvaluatingMLLM/refs/heads/main/GPT/IdiomsSingleImage/singleImage_corralero.png
SINGLE_1280,corrector,Implemento de escritorio cuyo contenido es un líquido blanco y espeso que al secarse sobre el papel cubre el contenido escrito que se desea borrar.,https://raw.githubusercontent.com/MariaaPinzon/ImagesEvaluatingMLLM/refs/heads/main/GPT/IdiomsSingleImage/singleImage_corrector.png
SINGLE_1281,corredera,"Cremallera, cierre de una prenda de vestir.",https://raw.githubusercontent.com/MariaaPinzon/ImagesEvaluatingMLLM/refs/heads/main/GPT/IdiomsSingleImage/singleImage_corredera.png
SINGLE_1282,corregidor,Funcionario que gobierna en una zona apartada y rural.,https://raw.githubusercontent.com/MariaaPinzon/ImagesEvaluatingMLLM/refs/heads/main/GPT/IdiomsSingleImage/singleImage_corregidor.png
SINGLE_1283,correrse unos vidrios,tomar unas copas de licor,https://raw.githubusercontent.com/MariaaPinzon/ImagesEvaluatingMLLM/refs/heads/main/GPT/IdiomsSingleImage/singleImage_correrse_unos_vidrios.png
SINGLE_1284,"corrido, da","Referido a una persona, que le da vergüenza o es insegura de sí misma.",https://raw.githubusercontent.com/MariaaPinzon/ImagesEvaluatingMLLM/refs/heads/main/GPT/IdiomsSingleImage/singleImage_corrido__da.png
SINGLE_1285,corriente,"Invertir tiempo y ánimo en una actividad, una idea, o una persona para alcanzar un fin.",https://raw.githubusercontent.com/MariaaPinzon/ImagesEvaluatingMLLM/refs/heads/main/GPT/IdiomsSingleImage/singleImage_corriente.png
SINGLE_1286,corrinche,"- Comentario negativo y malintencionado que se hace sobre algo o alguien.
- Diversión de terceras personas que incomoda a alguien más.",https://raw.githubusercontent.com/MariaaPinzon/ImagesEvaluatingMLLM/refs/heads/main/GPT/IdiomsSingleImage/singleImage_corrinche.png
SINGLE_1287,corrinchero,"- Referido a una persona, que le gusta reunirse con los amigos para ir de fiesta o divertirse.
- Referido a una persona, chismosa, malintencionada.",https://raw.githubusercontent.com/MariaaPinzon/ImagesEvaluatingMLLM/refs/heads/main/GPT/IdiomsSingleImage/singleImage_corrinchero.png
SINGLE_1288,corroncho,"Habitante de la Costa Atlántica colombiana, según los del interior.",https://raw.githubusercontent.com/MariaaPinzon/ImagesEvaluatingMLLM/refs/heads/main/GPT/IdiomsSingleImage/singleImage_corroncho.png
SINGLE_1289,cortapapel,"Utensilio de escritorio hecho de madera, metal, hueso o marfil, similar a un cuchillo, que sirve para plegar o cortar papel.",https://raw.githubusercontent.com/MariaaPinzon/ImagesEvaluatingMLLM/refs/heads/main/GPT/IdiomsSingleImage/singleImage_cortapapel.png
SINGLE_1290,cortero,Persona que tiene por oficio cortar la caña en una plantación.,https://raw.githubusercontent.com/MariaaPinzon/ImagesEvaluatingMLLM/refs/heads/main/GPT/IdiomsSingleImage/singleImage_cortero.png
SINGLE_1291,cortina,"Frontera política e ideológica que existió en Europa en el siglo XX, entre los países socialistas de la parte oriental y los países de la parte occidental.",https://raw.githubusercontent.com/MariaaPinzon/ImagesEvaluatingMLLM/refs/heads/main/GPT/IdiomsSingleImage/singleImage_cortina.png
SINGLE_1292,cosa,Hechizo.,https://raw.githubusercontent.com/MariaaPinzon/ImagesEvaluatingMLLM/refs/heads/main/GPT/IdiomsSingleImage/singleImage_cosa.png
SINGLE_1293,cosca,caparazón de algunos animales como el armadillo,https://raw.githubusercontent.com/MariaaPinzon/ImagesEvaluatingMLLM/refs/heads/main/GPT/IdiomsSingleImage/singleImage_cosca.png
SINGLE_1294,coscoja,"Tos seca, fuerte y persistente.",https://raw.githubusercontent.com/MariaaPinzon/ImagesEvaluatingMLLM/refs/heads/main/GPT/IdiomsSingleImage/singleImage_coscoja.png
SINGLE_1295,coscojo,Hijo o hija de una persona.,https://raw.githubusercontent.com/MariaaPinzon/ImagesEvaluatingMLLM/refs/heads/main/GPT/IdiomsSingleImage/singleImage_coscojo.png
SINGLE_1296,coscongo,persona u objeto muy feo,https://raw.githubusercontent.com/MariaaPinzon/ImagesEvaluatingMLLM/refs/heads/main/GPT/IdiomsSingleImage/singleImage_coscongo.png
SINGLE_1297,cosedora,Implemento de escritorio que sirve para unir o coser hojas con un gancho.,https://raw.githubusercontent.com/MariaaPinzon/ImagesEvaluatingMLLM/refs/heads/main/GPT/IdiomsSingleImage/singleImage_cosedora.png
SINGLE_1298,cosiaca,Cualquier objeto al que no se le denomina por su nombre específico porque no se sabe o no se recuerda.,https://raw.githubusercontent.com/MariaaPinzon/ImagesEvaluatingMLLM/refs/heads/main/GPT/IdiomsSingleImage/singleImage_cosiaca.png
SINGLE_1299,cositero,hábil para hacer cosas con cuidado y esmero,https://raw.githubusercontent.com/MariaaPinzon/ImagesEvaluatingMLLM/refs/heads/main/GPT/IdiomsSingleImage/singleImage_cositero.png
SINGLE_1300,coso,"- Cualquier objeto al que no se le denomina por su nombre específico porque no se sabe o no se recuerda.
- en los colegios o internados, lugar a donde van a parar objetos perdidos o los que se encuentren en desorden, y cuya devolución se hace mediante el pago de una multa
- palabra comodín para designar cualquier objeto
- cigarrillo de marihuana
- sitio cercado, perteneciente a la autoridad municipal, para encerrar los animales que andan sueltos o que hacen daño en las sementeras y pastos ajenos",https://raw.githubusercontent.com/MariaaPinzon/ImagesEvaluatingMLLM/refs/heads/main/GPT/IdiomsSingleImage/singleImage_coso.png
SINGLE_1301,cosquillero,Ladrón que viaja en los buses y roba a los pasajeros sin que ellos ni siquiera lo noten.,https://raw.githubusercontent.com/MariaaPinzon/ImagesEvaluatingMLLM/refs/heads/main/GPT/IdiomsSingleImage/singleImage_cosquillero.png
SINGLE_1302,costalado,"- Cantidad de cosas que llenan un costal.
- Cantidad excesiva e indeterminada de algo.",https://raw.githubusercontent.com/MariaaPinzon/ImagesEvaluatingMLLM/refs/heads/main/GPT/IdiomsSingleImage/singleImage_costalado.png
SINGLE_1303,costalear,perforar un costal para robar parte del contenido,https://raw.githubusercontent.com/MariaaPinzon/ImagesEvaluatingMLLM/refs/heads/main/GPT/IdiomsSingleImage/singleImage_costalear.png
SINGLE_1304,costalearse,Caerse.,https://raw.githubusercontent.com/MariaaPinzon/ImagesEvaluatingMLLM/refs/heads/main/GPT/IdiomsSingleImage/singleImage_costalearse.png
SINGLE_1305,costaleo,"robo de café en cereza, a un trabajador, por parte de otro en la recolecta",https://raw.githubusercontent.com/MariaaPinzon/ImagesEvaluatingMLLM/refs/heads/main/GPT/IdiomsSingleImage/singleImage_costaleo.png
SINGLE_1306,costalero,ladrón de café recolectado,https://raw.githubusercontent.com/MariaaPinzon/ImagesEvaluatingMLLM/refs/heads/main/GPT/IdiomsSingleImage/singleImage_costalero.png
SINGLE_1307,cotero,"- Hombre que se dedica a alzar y llevar de un lado a otro cargas muy pesadas como bultos.
- trabajador que lleva bultos y similares en puertos, mercados, etc",https://raw.githubusercontent.com/MariaaPinzon/ImagesEvaluatingMLLM/refs/heads/main/GPT/IdiomsSingleImage/singleImage_cotero.png
SINGLE_1308,cotiza,"Calzado liviano de lona o tejida, con la suela de caucho o cuero.",https://raw.githubusercontent.com/MariaaPinzon/ImagesEvaluatingMLLM/refs/heads/main/GPT/IdiomsSingleImage/singleImage_cotiza.png
SINGLE_1309,coto,bocio,https://raw.githubusercontent.com/MariaaPinzon/ImagesEvaluatingMLLM/refs/heads/main/GPT/IdiomsSingleImage/singleImage_coto.png
SINGLE_1310,cotudo,"- Galleta en forma de rosca, hecha con harina de maíz y azúcar, y cubierta de una pasta blanca de sabor dulce.
- Persona tonta o poco astuta.
- que tiene coto o bocio",https://raw.githubusercontent.com/MariaaPinzon/ImagesEvaluatingMLLM/refs/heads/main/GPT/IdiomsSingleImage/singleImage_cotudo.png
SINGLE_1311,"cotudo, da","Referido a una persona, que tiene coto.",https://raw.githubusercontent.com/MariaaPinzon/ImagesEvaluatingMLLM/refs/heads/main/GPT/IdiomsSingleImage/singleImage_cotudo__da.png
SINGLE_1312,coya,"- cierto tipo de araña muy venenosa
- ramera",https://raw.githubusercontent.com/MariaaPinzon/ImagesEvaluatingMLLM/refs/heads/main/GPT/IdiomsSingleImage/singleImage_coya.png
SINGLE_1313,coyabra,"vasija doméstica, grande y abombada, que se hace con el epicarpio seco de una calabaza cortada por la mitad",https://raw.githubusercontent.com/MariaaPinzon/ImagesEvaluatingMLLM/refs/heads/main/GPT/IdiomsSingleImage/singleImage_coyabra.png
SINGLE_1314,coñazo,Golpe fuerte dado con el puño de la mano.,https://raw.githubusercontent.com/MariaaPinzon/ImagesEvaluatingMLLM/refs/heads/main/GPT/IdiomsSingleImage/singleImage_co%C3%B1azo.png
SINGLE_1315,cranear,Pensar detenidamente sobre algo considerando todos los detalles.,https://raw.githubusercontent.com/MariaaPinzon/ImagesEvaluatingMLLM/refs/heads/main/GPT/IdiomsSingleImage/singleImage_cranear.png
SINGLE_1316,creerse la mama de dios,sentirse superior a los demás en alguna cosa,https://raw.githubusercontent.com/MariaaPinzon/ImagesEvaluatingMLLM/refs/heads/main/GPT/IdiomsSingleImage/singleImage_creerse_la_mama_de_dios.png
SINGLE_1317,crem,clase alta de la sociedad,https://raw.githubusercontent.com/MariaaPinzon/ImagesEvaluatingMLLM/refs/heads/main/GPT/IdiomsSingleImage/singleImage_crem.png
SINGLE_1318,crespa,Golosina hecha con coco rallado que se mezcla con melado y tiene forma de bolita.,https://raw.githubusercontent.com/MariaaPinzon/ImagesEvaluatingMLLM/refs/heads/main/GPT/IdiomsSingleImage/singleImage_crespa.png
SINGLE_1319,criaturo,Niño o bebé varón.,https://raw.githubusercontent.com/MariaaPinzon/ImagesEvaluatingMLLM/refs/heads/main/GPT/IdiomsSingleImage/singleImage_criaturo.png
SINGLE_1320,cruz,"En el dominó, jugar en parejas, las que están frente a frente.",https://raw.githubusercontent.com/MariaaPinzon/ImagesEvaluatingMLLM/refs/heads/main/GPT/IdiomsSingleImage/singleImage_cruz.png
SINGLE_1321,cuan,cuerda o soga de esparto,https://raw.githubusercontent.com/MariaaPinzon/ImagesEvaluatingMLLM/refs/heads/main/GPT/IdiomsSingleImage/singleImage_cuan.png
SINGLE_1322,cuba,"- el hijo o la hija menor de la familia
- Hijo o hija menor de la familia.",https://raw.githubusercontent.com/MariaaPinzon/ImagesEvaluatingMLLM/refs/heads/main/GPT/IdiomsSingleImage/singleImage_cuba.png
SINGLE_1323,cubetón,Persona vieja.,https://raw.githubusercontent.com/MariaaPinzon/ImagesEvaluatingMLLM/refs/heads/main/GPT/IdiomsSingleImage/singleImage_cubet%C3%B3n.png
SINGLE_1324,cubiertería,"Conjunto de cucharas, tenedores, cuchillos y otros cubiertos que se usan para servir la mesa.",https://raw.githubusercontent.com/MariaaPinzon/ImagesEvaluatingMLLM/refs/heads/main/GPT/IdiomsSingleImage/singleImage_cubierter%C3%ADa.png
SINGLE_1325,cubiletero,"- intrigante
- politiquero hábil en fraudes y componendas electorales",https://raw.githubusercontent.com/MariaaPinzon/ImagesEvaluatingMLLM/refs/heads/main/GPT/IdiomsSingleImage/singleImage_cubiletero.png
SINGLE_1326,cucamba,"Conjunto de instrumentos musicales de percusión y de cuerda, con los que se interpreta el rajaleña.",https://raw.githubusercontent.com/MariaaPinzon/ImagesEvaluatingMLLM/refs/heads/main/GPT/IdiomsSingleImage/singleImage_cucamba.png
SINGLE_1327,cucarrearse,volverse negro el café por exceso de tostado,https://raw.githubusercontent.com/MariaaPinzon/ImagesEvaluatingMLLM/refs/heads/main/GPT/IdiomsSingleImage/singleImage_cucarrearse.png
SINGLE_1328,cucayo,pegote o pega que se adhiere a la vasija en que se cuecen los alimentos cuando han permanecido bastante tiempo en el fuego,https://raw.githubusercontent.com/MariaaPinzon/ImagesEvaluatingMLLM/refs/heads/main/GPT/IdiomsSingleImage/singleImage_cucayo.png
SINGLE_1329,cuchacho,"Persona entre los 35 y 40 años de edad, que aparenta ser menor.",https://raw.githubusercontent.com/MariaaPinzon/ImagesEvaluatingMLLM/refs/heads/main/GPT/IdiomsSingleImage/singleImage_cuchacho.png
SINGLE_1330,cucharearse,"curvarse o torcerse una superficie plana, especialmente de madera",https://raw.githubusercontent.com/MariaaPinzon/ImagesEvaluatingMLLM/refs/heads/main/GPT/IdiomsSingleImage/singleImage_cucharearse.png
SINGLE_1331,cuchibarbie,Mujer mayor que pretende lucir más joven y atractiva.,https://raw.githubusercontent.com/MariaaPinzon/ImagesEvaluatingMLLM/refs/heads/main/GPT/IdiomsSingleImage/singleImage_cuchibarbie.png
SINGLE_1332,cuchivachín,persona que se aplica a muchos oficios,https://raw.githubusercontent.com/MariaaPinzon/ImagesEvaluatingMLLM/refs/heads/main/GPT/IdiomsSingleImage/singleImage_cuchivach%C3%ADn.png
SINGLE_1333,cucho,"- Persona de avanzada edad, anciano.
- Forma de nombrar al papá o mamá o familiar que cumple con ese rol.
- Maestro de colegio o de universidad.
- Rincón de una habitación o casa para guardar algo.",https://raw.githubusercontent.com/MariaaPinzon/ImagesEvaluatingMLLM/refs/heads/main/GPT/IdiomsSingleImage/singleImage_cucho.png
SINGLE_1334,cuchubo,repleto,https://raw.githubusercontent.com/MariaaPinzon/ImagesEvaluatingMLLM/refs/heads/main/GPT/IdiomsSingleImage/singleImage_cuchubo.png
SINGLE_1335,cuchuflí,Cualquier objeto al que no se le denomina por su nombre específico porque no se sabe o no se recuerda.,https://raw.githubusercontent.com/MariaaPinzon/ImagesEvaluatingMLLM/refs/heads/main/GPT/IdiomsSingleImage/singleImage_cuchufl%C3%AD.png
SINGLE_1336,cucos,Prenda interior femenina que cubre generalmente desde la cintura hasta la ingle.,https://raw.githubusercontent.com/MariaaPinzon/ImagesEvaluatingMLLM/refs/heads/main/GPT/IdiomsSingleImage/singleImage_cucos.png
SINGLE_1337,cucurucho,"- vivienda de mal aspecto
- papel enrollado en forma de cono, que sirve para poner dulces, especias y otras cosas",https://raw.githubusercontent.com/MariaaPinzon/ImagesEvaluatingMLLM/refs/heads/main/GPT/IdiomsSingleImage/singleImage_cucurucho.png
SINGLE_1338,cueche,"- Ser mítico que representa el arco iris.
- Enfermedad producida por el arco iris.",https://raw.githubusercontent.com/MariaaPinzon/ImagesEvaluatingMLLM/refs/heads/main/GPT/IdiomsSingleImage/singleImage_cueche.png
SINGLE_1339,cuelga,Regalo de cumpleaños.,https://raw.githubusercontent.com/MariaaPinzon/ImagesEvaluatingMLLM/refs/heads/main/GPT/IdiomsSingleImage/singleImage_cuelga.png
SINGLE_1340,cuentahabiente,Persona que es titular de una cuenta de ahorros o una cuenta corriente en una entidad bancaria.,https://raw.githubusercontent.com/MariaaPinzon/ImagesEvaluatingMLLM/refs/heads/main/GPT/IdiomsSingleImage/singleImage_cuentahabiente.png
SINGLE_1341,cuentear,"- Contarle a alguien los intereses personales para obtener de ella un beneficio.
- Engañar a una persona usando promesas o argumentos falsos.",https://raw.githubusercontent.com/MariaaPinzon/ImagesEvaluatingMLLM/refs/heads/main/GPT/IdiomsSingleImage/singleImage_cuentear.png
SINGLE_1342,cuentero,Persona que practica el arte de narrar cuentos o historias.,https://raw.githubusercontent.com/MariaaPinzon/ImagesEvaluatingMLLM/refs/heads/main/GPT/IdiomsSingleImage/singleImage_cuentero.png
SINGLE_1343,cuento,"- Dicho u ocurrencia que tiene una connotación sexual.
- En resumidas cuentas, en resumen o en síntesis.",https://raw.githubusercontent.com/MariaaPinzon/ImagesEvaluatingMLLM/refs/heads/main/GPT/IdiomsSingleImage/singleImage_cuento.png
SINGLE_1344,cueriza,"Golpes que se dan a modo de castigo, generalmente con una correa.",https://raw.githubusercontent.com/MariaaPinzon/ImagesEvaluatingMLLM/refs/heads/main/GPT/IdiomsSingleImage/singleImage_cueriza.png
SINGLE_1345,cuero,"- Piel de una persona.
- Mujer fea.
- mujer fea, avejentada
- cigarrillo de marihuana",https://raw.githubusercontent.com/MariaaPinzon/ImagesEvaluatingMLLM/refs/heads/main/GPT/IdiomsSingleImage/singleImage_cuero.png
SINGLE_1346,cuerpero,"Mujer de caderas prominentes, piernas voluptuosas y cintura pequeña.",https://raw.githubusercontent.com/MariaaPinzon/ImagesEvaluatingMLLM/refs/heads/main/GPT/IdiomsSingleImage/singleImage_cuerpero.png
SINGLE_1347,cuidandero,"celador, vigilante",https://raw.githubusercontent.com/MariaaPinzon/ImagesEvaluatingMLLM/refs/heads/main/GPT/IdiomsSingleImage/singleImage_cuidandero.png
SINGLE_1348,cuidapalos,"En el fútbol y otros deportes, persona que defiende el arco de su equipo.",https://raw.githubusercontent.com/MariaaPinzon/ImagesEvaluatingMLLM/refs/heads/main/GPT/IdiomsSingleImage/singleImage_cuidapalos.png
SINGLE_1349,cuidar,obsequiar a una persona con manjares gustosos para el agasajado,https://raw.githubusercontent.com/MariaaPinzon/ImagesEvaluatingMLLM/refs/heads/main/GPT/IdiomsSingleImage/singleImage_cuidar.png
SINGLE_1350,cuidar la cuchara,hacer lo posible para no perder un trabajo o empleo,https://raw.githubusercontent.com/MariaaPinzon/ImagesEvaluatingMLLM/refs/heads/main/GPT/IdiomsSingleImage/singleImage_cuidar_la_cuchara.png
SINGLE_1351,cuja,"- cama angosta y desvencijada
- cama rústica de cuero con soporte de madera",https://raw.githubusercontent.com/MariaaPinzon/ImagesEvaluatingMLLM/refs/heads/main/GPT/IdiomsSingleImage/singleImage_cuja.png
SINGLE_1352,cují,el que apuesta sin tener dinero,https://raw.githubusercontent.com/MariaaPinzon/ImagesEvaluatingMLLM/refs/heads/main/GPT/IdiomsSingleImage/singleImage_cuj%C3%AD.png
SINGLE_1353,culada,Cosa o situación de poca importancia.,https://raw.githubusercontent.com/MariaaPinzon/ImagesEvaluatingMLLM/refs/heads/main/GPT/IdiomsSingleImage/singleImage_culada.png
SINGLE_1354,culata,costado secundario de una construcción,https://raw.githubusercontent.com/MariaaPinzon/ImagesEvaluatingMLLM/refs/heads/main/GPT/IdiomsSingleImage/singleImage_culata.png
SINGLE_1355,culeco,"- fascinado o muy contento con una persona o cosa
- Persona, ansiosa e hiperactiva.
- Referido a una persona, que está feliz con alguien o con algo.
- necio, insistente",https://raw.githubusercontent.com/MariaaPinzon/ImagesEvaluatingMLLM/refs/heads/main/GPT/IdiomsSingleImage/singleImage_culeco.png
SINGLE_1356,culequear,Deambular de un lado a otro.,https://raw.githubusercontent.com/MariaaPinzon/ImagesEvaluatingMLLM/refs/heads/main/GPT/IdiomsSingleImage/singleImage_culequear.png
SINGLE_1357,culequera,"Terquedad, capricho.",https://raw.githubusercontent.com/MariaaPinzon/ImagesEvaluatingMLLM/refs/heads/main/GPT/IdiomsSingleImage/singleImage_culequera.png
SINGLE_1358,culera,"- miedo de los gallos durante la pelea
- matadura de las bestias en las ancas",https://raw.githubusercontent.com/MariaaPinzon/ImagesEvaluatingMLLM/refs/heads/main/GPT/IdiomsSingleImage/singleImage_culera.png
SINGLE_1359,culicagado,Niña o niño de corta edad.,https://raw.githubusercontent.com/MariaaPinzon/ImagesEvaluatingMLLM/refs/heads/main/GPT/IdiomsSingleImage/singleImage_culicagado.png
SINGLE_1360,culifalda,Falda más corta que la minifalda.,https://raw.githubusercontent.com/MariaaPinzon/ImagesEvaluatingMLLM/refs/heads/main/GPT/IdiomsSingleImage/singleImage_culifalda.png
SINGLE_1361,culiflojo,"pusilánime, inseguro",https://raw.githubusercontent.com/MariaaPinzon/ImagesEvaluatingMLLM/refs/heads/main/GPT/IdiomsSingleImage/singleImage_culiflojo.png
SINGLE_1362,culillo,"Miedo, susto.",https://raw.githubusercontent.com/MariaaPinzon/ImagesEvaluatingMLLM/refs/heads/main/GPT/IdiomsSingleImage/singleImage_culillo.png
SINGLE_1363,culimbo,"- Referido a un ave de corral, que no tiene cola.
- Persona muy joven.",https://raw.githubusercontent.com/MariaaPinzon/ImagesEvaluatingMLLM/refs/heads/main/GPT/IdiomsSingleImage/singleImage_culimbo.png
SINGLE_1364,culipronto,"- mujer que accede fácilmente a tener relaciones sexuales
- dicho de una persona, que actúa de manera rápida e irreflexiva",https://raw.githubusercontent.com/MariaaPinzon/ImagesEvaluatingMLLM/refs/heads/main/GPT/IdiomsSingleImage/singleImage_culipronto.png
SINGLE_1365,culirroto,"desarrapado, andrajoso",https://raw.githubusercontent.com/MariaaPinzon/ImagesEvaluatingMLLM/refs/heads/main/GPT/IdiomsSingleImage/singleImage_culirroto.png
SINGLE_1366,culiso,Persona negra de cabello lacio debido al mestizaje.,https://raw.githubusercontent.com/MariaaPinzon/ImagesEvaluatingMLLM/refs/heads/main/GPT/IdiomsSingleImage/singleImage_culiso.png
SINGLE_1367,cumbamba,"mandíbula, quijada",https://raw.githubusercontent.com/MariaaPinzon/ImagesEvaluatingMLLM/refs/heads/main/GPT/IdiomsSingleImage/singleImage_cumbamba.png
SINGLE_1368,cumbambón,"dicho de una persona, que tiene gruesa o abultada la mandíbula, belfo",https://raw.githubusercontent.com/MariaaPinzon/ImagesEvaluatingMLLM/refs/heads/main/GPT/IdiomsSingleImage/singleImage_cumbamb%C3%B3n.png
SINGLE_1369,cumbiambero,Persona que baila o le gusta la cumbiamba.,https://raw.githubusercontent.com/MariaaPinzon/ImagesEvaluatingMLLM/refs/heads/main/GPT/IdiomsSingleImage/singleImage_cumbiambero.png
SINGLE_1370,cunche,saya tejida como la usaban las ñapangas o campesinas,https://raw.githubusercontent.com/MariaaPinzon/ImagesEvaluatingMLLM/refs/heads/main/GPT/IdiomsSingleImage/singleImage_cunche.png
SINGLE_1371,cuncho,"- Último sorbo de una bebida.
- Residuo de un líquido que queda en un recipiente.
- dicho del café o de bebidas fermentadas, sedimento o poso de un líquido",https://raw.githubusercontent.com/MariaaPinzon/ImagesEvaluatingMLLM/refs/heads/main/GPT/IdiomsSingleImage/singleImage_cuncho.png
SINGLE_1372,cuncia,Empleada del servicio doméstico.,https://raw.githubusercontent.com/MariaaPinzon/ImagesEvaluatingMLLM/refs/heads/main/GPT/IdiomsSingleImage/singleImage_cuncia.png
SINGLE_1373,cundirse,Llenarse o impregnarse de algo que es nocivo.,https://raw.githubusercontent.com/MariaaPinzon/ImagesEvaluatingMLLM/refs/heads/main/GPT/IdiomsSingleImage/singleImage_cundirse.png
SINGLE_1374,cunga,mazamorra espesa hecha de suero de leche y harina de maíz tostado,https://raw.githubusercontent.com/MariaaPinzon/ImagesEvaluatingMLLM/refs/heads/main/GPT/IdiomsSingleImage/singleImage_cunga.png
SINGLE_1375,cununo,Instrumento musical de percusión que consiste en un tambor hecho de tronco de palmera y que se usa en la costa pacífica.,https://raw.githubusercontent.com/MariaaPinzon/ImagesEvaluatingMLLM/refs/heads/main/GPT/IdiomsSingleImage/singleImage_cununo.png
SINGLE_1376,cuquera,"Persona o cosa pequeña, bonita y tierna.",https://raw.githubusercontent.com/MariaaPinzon/ImagesEvaluatingMLLM/refs/heads/main/GPT/IdiomsSingleImage/singleImage_cuquera.png
SINGLE_1377,curaca,"Jefe comunitario de un grupo indígena, especialmente en la Amazonía.",https://raw.githubusercontent.com/MariaaPinzon/ImagesEvaluatingMLLM/refs/heads/main/GPT/IdiomsSingleImage/singleImage_curaca.png
SINGLE_1378,curandero,Persona que se dedica al tratamiento de enfermos a través de prácticas curativas de la medicina tradicional o natural.,https://raw.githubusercontent.com/MariaaPinzon/ImagesEvaluatingMLLM/refs/heads/main/GPT/IdiomsSingleImage/singleImage_curandero.png
SINGLE_1379,curiara,Canoa pequeña y angosta que se fabrica de un solo tronco de árbol que se ahueca con el hacha y con fuego.,https://raw.githubusercontent.com/MariaaPinzon/ImagesEvaluatingMLLM/refs/heads/main/GPT/IdiomsSingleImage/singleImage_curiara.png
SINGLE_1380,curiosidad,cosa especial y rara,https://raw.githubusercontent.com/MariaaPinzon/ImagesEvaluatingMLLM/refs/heads/main/GPT/IdiomsSingleImage/singleImage_curiosidad.png
SINGLE_1381,curioso,"- tegua, curandero
- dicho de una cosa, particular o extraña",https://raw.githubusercontent.com/MariaaPinzon/ImagesEvaluatingMLLM/refs/heads/main/GPT/IdiomsSingleImage/singleImage_curioso.png
SINGLE_1382,curita,"Tira delgada adhesiva, con una gasa esterilizada, que sirve para cubrir y proteger pequeñas heridas en la piel.",https://raw.githubusercontent.com/MariaaPinzon/ImagesEvaluatingMLLM/refs/heads/main/GPT/IdiomsSingleImage/singleImage_curita.png
SINGLE_1383,currulao,Música que acompaña este baile.,https://raw.githubusercontent.com/MariaaPinzon/ImagesEvaluatingMLLM/refs/heads/main/GPT/IdiomsSingleImage/singleImage_currulao.png
SINGLE_1384,curruncho,"- habitante de la costa atlántica
- tosco, ordinario
- clases de peces",https://raw.githubusercontent.com/MariaaPinzon/ImagesEvaluatingMLLM/refs/heads/main/GPT/IdiomsSingleImage/singleImage_curruncho.png
SINGLE_1385,currutaco,"- Muchacho o persona joven.
- Referido a un animal o una persona, baja y algo gruesa.",https://raw.githubusercontent.com/MariaaPinzon/ImagesEvaluatingMLLM/refs/heads/main/GPT/IdiomsSingleImage/singleImage_currutaco.png
SINGLE_1386,cursera,"- diarrea
- envidia",https://raw.githubusercontent.com/MariaaPinzon/ImagesEvaluatingMLLM/refs/heads/main/GPT/IdiomsSingleImage/singleImage_cursera.png
SINGLE_1387,cursiento,"Referido a una persona o un animal, que tiene diarrea.",https://raw.githubusercontent.com/MariaaPinzon/ImagesEvaluatingMLLM/refs/heads/main/GPT/IdiomsSingleImage/singleImage_cursiento.png
SINGLE_1388,curso,Diarrea.,https://raw.githubusercontent.com/MariaaPinzon/ImagesEvaluatingMLLM/refs/heads/main/GPT/IdiomsSingleImage/singleImage_curso.png
SINGLE_1389,curtiembre,"Lugar donde se preparan, se curten o se venden cueros de animales.",https://raw.githubusercontent.com/MariaaPinzon/ImagesEvaluatingMLLM/refs/heads/main/GPT/IdiomsSingleImage/singleImage_curtiembre.png
SINGLE_1390,curubito,Estar en una posición social o profesional muy favorable.,https://raw.githubusercontent.com/MariaaPinzon/ImagesEvaluatingMLLM/refs/heads/main/GPT/IdiomsSingleImage/singleImage_curubito.png
SINGLE_1391,curucutear,Esculcar o buscar algo en un lugar propio o ajeno.,https://raw.githubusercontent.com/MariaaPinzon/ImagesEvaluatingMLLM/refs/heads/main/GPT/IdiomsSingleImage/singleImage_curucutear.png
SINGLE_1392,cusca,"- Caparazón de la tortuga o del armadillo.
- Colilla de cigarrillo.",https://raw.githubusercontent.com/MariaaPinzon/ImagesEvaluatingMLLM/refs/heads/main/GPT/IdiomsSingleImage/singleImage_cusca.png
SINGLE_1393,cuscungo,"Referido a una persona o animal, que carece de belleza, feo.",https://raw.githubusercontent.com/MariaaPinzon/ImagesEvaluatingMLLM/refs/heads/main/GPT/IdiomsSingleImage/singleImage_cuscungo.png
SINGLE_1394,cuscú,"- Referido a una persona con rasgos marcadamente africanos: piel muy oscura, boca prominente, nariz ancha y chata.
- Referido al cabello, muy rizado y corto.",https://raw.githubusercontent.com/MariaaPinzon/ImagesEvaluatingMLLM/refs/heads/main/GPT/IdiomsSingleImage/singleImage_cusc%C3%BA.png
SINGLE_1395,cuscús,"- fuerza, vigor
- dicho del pelo, corto y ensortijado",https://raw.githubusercontent.com/MariaaPinzon/ImagesEvaluatingMLLM/refs/heads/main/GPT/IdiomsSingleImage/singleImage_cusc%C3%BAs.png
SINGLE_1396,cusma,"Vestido tradicional largo, hecho de una sola pieza de algodón o de tejido de lana, bordado en cuello y mangas.",https://raw.githubusercontent.com/MariaaPinzon/ImagesEvaluatingMLLM/refs/heads/main/GPT/IdiomsSingleImage/singleImage_cusma.png
SINGLE_1397,cuspe,"- Trompo de madera hecho artesanalmente que gira vertiginosamente a golpes de un perrero o un látigo.
- Juego tradicional que consiste en hacer girar con latigazos el trompo elaborado a mano por el competidor.",https://raw.githubusercontent.com/MariaaPinzon/ImagesEvaluatingMLLM/refs/heads/main/GPT/IdiomsSingleImage/singleImage_cuspe.png
SINGLE_1398,cusumbosolo,"Referido a una persona, huraña, que prefiere vivir alejada de la gente, sin compañía.",https://raw.githubusercontent.com/MariaaPinzon/ImagesEvaluatingMLLM/refs/heads/main/GPT/IdiomsSingleImage/singleImage_cusumbosolo.png
SINGLE_1399,cutarro,vasija de inferior calidad,https://raw.githubusercontent.com/MariaaPinzon/ImagesEvaluatingMLLM/refs/heads/main/GPT/IdiomsSingleImage/singleImage_cutarro.png
SINGLE_1400,cute,Utensilios de cocina que se usan para preparar o servir los alimentos.,https://raw.githubusercontent.com/MariaaPinzon/ImagesEvaluatingMLLM/refs/heads/main/GPT/IdiomsSingleImage/singleImage_cute.png
SINGLE_1401,cuti,voz que se usa repetida para llamar a las aves de corral,https://raw.githubusercontent.com/MariaaPinzon/ImagesEvaluatingMLLM/refs/heads/main/GPT/IdiomsSingleImage/singleImage_cuti.png
SINGLE_1402,cutipado,"Referido a una persona, enferma por el efecto negativo que en su salud ocasiona algo o alguien de manera sobrenatural.",https://raw.githubusercontent.com/MariaaPinzon/ImagesEvaluatingMLLM/refs/heads/main/GPT/IdiomsSingleImage/singleImage_cutipado.png
SINGLE_1403,cutucutu,"Miedo, susto.",https://raw.githubusercontent.com/MariaaPinzon/ImagesEvaluatingMLLM/refs/heads/main/GPT/IdiomsSingleImage/singleImage_cutucutu.png
SINGLE_1404,cuyabra,"- vasija doméstica, grande y abombada, que se hace con el epicarpio seco de una calabaza cortada por la mitad
- Recipiente grande y abombado que se hace con el fruto seco de este arbusto, y tiene usos domésticos.",https://raw.githubusercontent.com/MariaaPinzon/ImagesEvaluatingMLLM/refs/heads/main/GPT/IdiomsSingleImage/singleImage_cuyabra.png
SINGLE_1405,cuyabro,"Referido a una persona, nacida en Armenia, Quindío.",https://raw.githubusercontent.com/MariaaPinzon/ImagesEvaluatingMLLM/refs/heads/main/GPT/IdiomsSingleImage/singleImage_cuyabro.png
SINGLE_1406,cuítiva,"mentira, embuste, patraña",https://raw.githubusercontent.com/MariaaPinzon/ImagesEvaluatingMLLM/refs/heads/main/GPT/IdiomsSingleImage/singleImage_cu%C3%ADtiva.png
SINGLE_1407,cábano,"Embutido de forma larga y delgada, preparado con carne de res o cerdo.",https://raw.githubusercontent.com/MariaaPinzon/ImagesEvaluatingMLLM/refs/heads/main/GPT/IdiomsSingleImage/singleImage_c%C3%A1bano.png
SINGLE_1408,cóncoro,Recipiente de uso doméstico hecho del fruto del totumo para guardar diferentes alimentos o cargar líquidos.,https://raw.githubusercontent.com/MariaaPinzon/ImagesEvaluatingMLLM/refs/heads/main/GPT/IdiomsSingleImage/singleImage_c%C3%B3ncoro.png
SINGLE_1409,cúchito,voz que se usa a veces repetida para llamar a los perros,https://raw.githubusercontent.com/MariaaPinzon/ImagesEvaluatingMLLM/refs/heads/main/GPT/IdiomsSingleImage/singleImage_c%C3%BAchito.png
SINGLE_1410,danza de la cucamba,"Baile típico de la fiesta de Corpus Christi que, por herencia del pueblo kankuamo, se lleva a cabo como acción de gracias por los beneficios recibidos.",https://raw.githubusercontent.com/MariaaPinzon/ImagesEvaluatingMLLM/refs/heads/main/GPT/IdiomsSingleImage/singleImage_danza_de_la_cucamba.png
SINGLE_1411,danza del ciempiés o del gusano,"Baile en el que los danzantes se enfilan tomándose por la cintura y desplazándose de lado a lado y en círculos, realizando movimientos y giros cortos y rápidos con los pies.",https://raw.githubusercontent.com/MariaaPinzon/ImagesEvaluatingMLLM/refs/heads/main/GPT/IdiomsSingleImage/singleImage_danza_del_ciempi%C3%A9s_o_del_gusano.png
SINGLE_1412,danza del garabato,"Danza del festival de Barranquilla ejecutada por hombres, que muestra a estas aves cazando peces.",https://raw.githubusercontent.com/MariaaPinzon/ImagesEvaluatingMLLM/refs/heads/main/GPT/IdiomsSingleImage/singleImage_danza_del_garabato.png
SINGLE_1413,dar bandera,exponerse a un peligro,https://raw.githubusercontent.com/MariaaPinzon/ImagesEvaluatingMLLM/refs/heads/main/GPT/IdiomsSingleImage/singleImage_dar_bandera.png
SINGLE_1414,dar casquillo,"- provocar a una persona, incitarla a pelear mediante insultos o burlas
- burlarse de una persona
- despertar celos en alguien",https://raw.githubusercontent.com/MariaaPinzon/ImagesEvaluatingMLLM/refs/heads/main/GPT/IdiomsSingleImage/singleImage_dar_casquillo.png
SINGLE_1415,dar en el bocín,acertar en un comentario u opinión sobre un tema específico,https://raw.githubusercontent.com/MariaaPinzon/ImagesEvaluatingMLLM/refs/heads/main/GPT/IdiomsSingleImage/singleImage_dar_en_el_boc%C3%ADn.png
SINGLE_1416,dar la pálido,"a alguien . sufrir una pérdida de energías, un desmayo",https://raw.githubusercontent.com/MariaaPinzon/ImagesEvaluatingMLLM/refs/heads/main/GPT/IdiomsSingleImage/singleImage_dar_la_p%C3%A1lido.png
SINGLE_1417,dar lora,"molestar, fastidiar, importunar",https://raw.githubusercontent.com/MariaaPinzon/ImagesEvaluatingMLLM/refs/heads/main/GPT/IdiomsSingleImage/singleImage_dar_lora.png
SINGLE_1418,dar luz verde,autorizar la realización de algo,https://raw.githubusercontent.com/MariaaPinzon/ImagesEvaluatingMLLM/refs/heads/main/GPT/IdiomsSingleImage/singleImage_dar_luz_verde.png
SINGLE_1419,dar papaya,dar ocasión de que otra persona nos cause un perjuicio,https://raw.githubusercontent.com/MariaaPinzon/ImagesEvaluatingMLLM/refs/heads/main/GPT/IdiomsSingleImage/singleImage_dar_papaya.png
SINGLE_1420,dar para cacao,causar problemas o molestias,https://raw.githubusercontent.com/MariaaPinzon/ImagesEvaluatingMLLM/refs/heads/main/GPT/IdiomsSingleImage/singleImage_dar_para_cacao.png
SINGLE_1421,darse garra,excederse en determinada actividad,https://raw.githubusercontent.com/MariaaPinzon/ImagesEvaluatingMLLM/refs/heads/main/GPT/IdiomsSingleImage/singleImage_darse_garra.png
SINGLE_1422,darse la pela,hacer grandes esfuerzos para lograr un objetivo,https://raw.githubusercontent.com/MariaaPinzon/ImagesEvaluatingMLLM/refs/heads/main/GPT/IdiomsSingleImage/singleImage_darse_la_pela.png
SINGLE_1423,data,De hace mucho tiempo o de antaño.,https://raw.githubusercontent.com/MariaaPinzon/ImagesEvaluatingMLLM/refs/heads/main/GPT/IdiomsSingleImage/singleImage_data.png
SINGLE_1424,de una,Con prontitud.,https://raw.githubusercontent.com/MariaaPinzon/ImagesEvaluatingMLLM/refs/heads/main/GPT/IdiomsSingleImage/singleImage_de_una.png
SINGLE_1425,decimero,"- Especie de juglar o recitador que transmite la historia, la cultura y situaciones cotidianas de una región a través de décimas.
- Persona que recita décimas en un velorio, generalmente un hombre.",https://raw.githubusercontent.com/MariaaPinzon/ImagesEvaluatingMLLM/refs/heads/main/GPT/IdiomsSingleImage/singleImage_decimero.png
SINGLE_1426,declaratoria,Manifestación oficial de la creación de algo.,https://raw.githubusercontent.com/MariaaPinzon/ImagesEvaluatingMLLM/refs/heads/main/GPT/IdiomsSingleImage/singleImage_declaratoria.png
SINGLE_1427,decol,Líquido usado como limpiador y blanqueador.,https://raw.githubusercontent.com/MariaaPinzon/ImagesEvaluatingMLLM/refs/heads/main/GPT/IdiomsSingleImage/singleImage_decol.png
SINGLE_1428,decolaje,despegue de un avión o cualquier medio de transporte aéreo,https://raw.githubusercontent.com/MariaaPinzon/ImagesEvaluatingMLLM/refs/heads/main/GPT/IdiomsSingleImage/singleImage_decolaje.png
SINGLE_1429,decolar,Iniciar el vuelo una aeronave.,https://raw.githubusercontent.com/MariaaPinzon/ImagesEvaluatingMLLM/refs/heads/main/GPT/IdiomsSingleImage/singleImage_decolar.png
SINGLE_1430,dedito,"Masa frita de harina rellena de queso, en forma alargada.",https://raw.githubusercontent.com/MariaaPinzon/ImagesEvaluatingMLLM/refs/heads/main/GPT/IdiomsSingleImage/singleImage_dedito.png
SINGLE_1431,dedo,"Referido a una persona, que pertenece a una clase social alta y es refinada en sus gustos.",https://raw.githubusercontent.com/MariaaPinzon/ImagesEvaluatingMLLM/refs/heads/main/GPT/IdiomsSingleImage/singleImage_dedo.png
SINGLE_1432,dejar la flota,a alguien . expresión para referirse a la mujer entrada en años que no se ha casado,https://raw.githubusercontent.com/MariaaPinzon/ImagesEvaluatingMLLM/refs/heads/main/GPT/IdiomsSingleImage/singleImage_dejar_la_flota.png
SINGLE_1433,deje,último toque de la campana para llamar a una ceremonia religiosa,https://raw.githubusercontent.com/MariaaPinzon/ImagesEvaluatingMLLM/refs/heads/main/GPT/IdiomsSingleImage/singleImage_deje.png
SINGLE_1434,delegatario,"Referido a una persona, que como representante del pueblo tiene el encargo de realizar determinadas funciones.",https://raw.githubusercontent.com/MariaaPinzon/ImagesEvaluatingMLLM/refs/heads/main/GPT/IdiomsSingleImage/singleImage_delegatario.png
SINGLE_1435,delicarse,Molestarse o mostrarse muy susceptible con alguien o con algo.,https://raw.githubusercontent.com/MariaaPinzon/ImagesEvaluatingMLLM/refs/heads/main/GPT/IdiomsSingleImage/singleImage_delicarse.png
SINGLE_1436,demónchiros,expresión con la que se denota perplejidad o contrariedad,https://raw.githubusercontent.com/MariaaPinzon/ImagesEvaluatingMLLM/refs/heads/main/GPT/IdiomsSingleImage/singleImage_dem%C3%B3nchiros.png
SINGLE_1437,dentazo,mordisco,https://raw.githubusercontent.com/MariaaPinzon/ImagesEvaluatingMLLM/refs/heads/main/GPT/IdiomsSingleImage/singleImage_dentazo.png
SINGLE_1438,dentrodera,Empleada que vive en la casa y se ocupa de las labores domésticas diferentes a la cocina.,https://raw.githubusercontent.com/MariaaPinzon/ImagesEvaluatingMLLM/refs/heads/main/GPT/IdiomsSingleImage/singleImage_dentrodera.png
SINGLE_1439,deprimido,"En un cruce de vías, paso que da una por debajo de otra o del nivel del suelo para evitar la interrupción del tráfico.",https://raw.githubusercontent.com/MariaaPinzon/ImagesEvaluatingMLLM/refs/heads/main/GPT/IdiomsSingleImage/singleImage_deprimido.png
SINGLE_1440,derechura,buena suerte,https://raw.githubusercontent.com/MariaaPinzon/ImagesEvaluatingMLLM/refs/heads/main/GPT/IdiomsSingleImage/singleImage_derechura.png
SINGLE_1441,derramada,acto de eyaculación,https://raw.githubusercontent.com/MariaaPinzon/ImagesEvaluatingMLLM/refs/heads/main/GPT/IdiomsSingleImage/singleImage_derramada.png
SINGLE_1442,derramarse,eyacular,https://raw.githubusercontent.com/MariaaPinzon/ImagesEvaluatingMLLM/refs/heads/main/GPT/IdiomsSingleImage/singleImage_derramarse.png
SINGLE_1443,derrame,semen,https://raw.githubusercontent.com/MariaaPinzon/ImagesEvaluatingMLLM/refs/heads/main/GPT/IdiomsSingleImage/singleImage_derrame.png
SINGLE_1444,desacomedido,poco dispuesto a prestar ayuda,https://raw.githubusercontent.com/MariaaPinzon/ImagesEvaluatingMLLM/refs/heads/main/GPT/IdiomsSingleImage/singleImage_desacomedido.png
SINGLE_1445,desamerar,Quitar la hoja que cubre la mazorca.,https://raw.githubusercontent.com/MariaaPinzon/ImagesEvaluatingMLLM/refs/heads/main/GPT/IdiomsSingleImage/singleImage_desamerar.png
SINGLE_1446,desarrancharse,dejar de comer y dormir dentro del cuartel,https://raw.githubusercontent.com/MariaaPinzon/ImagesEvaluatingMLLM/refs/heads/main/GPT/IdiomsSingleImage/singleImage_desarrancharse.png
SINGLE_1447,desayunadero,"Establecimiento en el que se sirven desayunos y se acude, generalmente, cuando se trasnocha.",https://raw.githubusercontent.com/MariaaPinzon/ImagesEvaluatingMLLM/refs/heads/main/GPT/IdiomsSingleImage/singleImage_desayunadero.png
SINGLE_1448,desbajerar,quitar a una planta arbustífera los retoños que estorban para su desarrollo,https://raw.githubusercontent.com/MariaaPinzon/ImagesEvaluatingMLLM/refs/heads/main/GPT/IdiomsSingleImage/singleImage_desbajerar.png
SINGLE_1449,desbarrancadero,"Sitio alto y escarpado, lleno de peñascos.",https://raw.githubusercontent.com/MariaaPinzon/ImagesEvaluatingMLLM/refs/heads/main/GPT/IdiomsSingleImage/singleImage_desbarrancadero.png
SINGLE_1450,desbarrancar,"- arrojar a una persona o cosa desde un barranco o precipicio
- caerse alguien desde un barranco o precipio",https://raw.githubusercontent.com/MariaaPinzon/ImagesEvaluatingMLLM/refs/heads/main/GPT/IdiomsSingleImage/singleImage_desbarrancar.png
SINGLE_1451,desbarrancarse,Caerse alguien o algo desde un sitio alto y escarpado.,https://raw.githubusercontent.com/MariaaPinzon/ImagesEvaluatingMLLM/refs/heads/main/GPT/IdiomsSingleImage/singleImage_desbarrancarse.png
SINGLE_1452,desbocado,"referido a personas o animales, que van a gran velocidad",https://raw.githubusercontent.com/MariaaPinzon/ImagesEvaluatingMLLM/refs/heads/main/GPT/IdiomsSingleImage/singleImage_desbocado.png
SINGLE_1453,desbrevada,dedicación intensa al estudio,https://raw.githubusercontent.com/MariaaPinzon/ImagesEvaluatingMLLM/refs/heads/main/GPT/IdiomsSingleImage/singleImage_desbrevada.png
SINGLE_1454,desbrevarse,"dedicarse intensamente a una cosa, en especial al estudio",https://raw.githubusercontent.com/MariaaPinzon/ImagesEvaluatingMLLM/refs/heads/main/GPT/IdiomsSingleImage/singleImage_desbrevarse.png
SINGLE_1455,descachalandrado,"Referido a una persona, descuidada en su forma de vestir.",https://raw.githubusercontent.com/MariaaPinzon/ImagesEvaluatingMLLM/refs/heads/main/GPT/IdiomsSingleImage/singleImage_descachalandrado.png
SINGLE_1456,descachalandrarse,descuidarse en el vestido y aspecto personal,https://raw.githubusercontent.com/MariaaPinzon/ImagesEvaluatingMLLM/refs/heads/main/GPT/IdiomsSingleImage/singleImage_descachalandrarse.png
SINGLE_1457,descachar,Equivocarse en algo.,https://raw.githubusercontent.com/MariaaPinzon/ImagesEvaluatingMLLM/refs/heads/main/GPT/IdiomsSingleImage/singleImage_descachar.png
SINGLE_1458,descachazar,limpiar de cachaza el guarapo de caña cuando está hirviendo para obtener miel,https://raw.githubusercontent.com/MariaaPinzon/ImagesEvaluatingMLLM/refs/heads/main/GPT/IdiomsSingleImage/singleImage_descachazar.png
SINGLE_1459,descaderado,"Referido a una prenda de vestir, especialmente un pantalón o ropa interior, que se ajusta por debajo de la cintura.",https://raw.githubusercontent.com/MariaaPinzon/ImagesEvaluatingMLLM/refs/heads/main/GPT/IdiomsSingleImage/singleImage_descaderado.png
SINGLE_1460,descalzurriado,"Referido a una persona, que lleva los pantalones escurridos, por debajo de la cintura.",https://raw.githubusercontent.com/MariaaPinzon/ImagesEvaluatingMLLM/refs/heads/main/GPT/IdiomsSingleImage/singleImage_descalzurriado.png
SINGLE_1461,descambiar,"Cambiar billetes o monedas por la misma cantidad, pero en denominaciones de menor valor.",https://raw.githubusercontent.com/MariaaPinzon/ImagesEvaluatingMLLM/refs/heads/main/GPT/IdiomsSingleImage/singleImage_descambiar.png
SINGLE_1462,descapuruzado,"Referido una persona, que tiene el cabello desordenado o desarreglado.",https://raw.githubusercontent.com/MariaaPinzon/ImagesEvaluatingMLLM/refs/heads/main/GPT/IdiomsSingleImage/singleImage_descapuruzado.png
SINGLE_1463,descapuruzar,Dañar el cuidado de un peinado.,https://raw.githubusercontent.com/MariaaPinzon/ImagesEvaluatingMLLM/refs/heads/main/GPT/IdiomsSingleImage/singleImage_descapuruzar.png
SINGLE_1464,descarachar,Desprender una costra de la herida.,https://raw.githubusercontent.com/MariaaPinzon/ImagesEvaluatingMLLM/refs/heads/main/GPT/IdiomsSingleImage/singleImage_descarachar.png
SINGLE_1465,deschavetarse,Enloquecer.,https://raw.githubusercontent.com/MariaaPinzon/ImagesEvaluatingMLLM/refs/heads/main/GPT/IdiomsSingleImage/singleImage_deschavetarse.png
SINGLE_1466,desclarar,inclinar suavemente una vasija para hacer salir el líquido sin remover el sedimento,https://raw.githubusercontent.com/MariaaPinzon/ImagesEvaluatingMLLM/refs/heads/main/GPT/IdiomsSingleImage/singleImage_desclarar.png
SINGLE_1467,descobalar,Torcer.,https://raw.githubusercontent.com/MariaaPinzon/ImagesEvaluatingMLLM/refs/heads/main/GPT/IdiomsSingleImage/singleImage_descobalar.png
SINGLE_1468,desconchinflado,"Referido a algo o a alguien, maltrecho, desordenado o deteriorado.",https://raw.githubusercontent.com/MariaaPinzon/ImagesEvaluatingMLLM/refs/heads/main/GPT/IdiomsSingleImage/singleImage_desconchinflado.png
SINGLE_1469,descrestada,acción y efecto de descrestar,https://raw.githubusercontent.com/MariaaPinzon/ImagesEvaluatingMLLM/refs/heads/main/GPT/IdiomsSingleImage/singleImage_descrestada.png
SINGLE_1470,descrestador,"Referido a una persona o situación, que sorprende o impresiona positivamente a los demás, a veces sin ser cierto.",https://raw.githubusercontent.com/MariaaPinzon/ImagesEvaluatingMLLM/refs/heads/main/GPT/IdiomsSingleImage/singleImage_descrestador.png
SINGLE_1471,descuajado,"En la tradición popular y referido especialmente a un niño, enfermo con diarrea y otros síntomas a causa de una lesión en la cavidad abdominal en la que un golpe o una fuerte impresión alteran la disposición normal de los órganos internos.",https://raw.githubusercontent.com/MariaaPinzon/ImagesEvaluatingMLLM/refs/heads/main/GPT/IdiomsSingleImage/singleImage_descuajado.png
SINGLE_1472,descuajaringado,"Referido a una cosa, desbaratada, desarmada.",https://raw.githubusercontent.com/MariaaPinzon/ImagesEvaluatingMLLM/refs/heads/main/GPT/IdiomsSingleImage/singleImage_descuajaringado.png
SINGLE_1473,descuerar,"murmurar, conversar en perjuicio de una persona ausente, censurando sus acciones",https://raw.githubusercontent.com/MariaaPinzon/ImagesEvaluatingMLLM/refs/heads/main/GPT/IdiomsSingleImage/singleImage_descuerar.png
SINGLE_1474,descumbrar,"- derribar los árboles de una montaña
- cortar la parte más alta de arbustos y árboles pequeños",https://raw.githubusercontent.com/MariaaPinzon/ImagesEvaluatingMLLM/refs/heads/main/GPT/IdiomsSingleImage/singleImage_descumbrar.png
SINGLE_1475,descumbre,lugar montañoso en que se han derribado los árboles,https://raw.githubusercontent.com/MariaaPinzon/ImagesEvaluatingMLLM/refs/heads/main/GPT/IdiomsSingleImage/singleImage_descumbre.png
SINGLE_1476,descunchar,"hacerle perder dinero a alguien, especialmente en el juego",https://raw.githubusercontent.com/MariaaPinzon/ImagesEvaluatingMLLM/refs/heads/main/GPT/IdiomsSingleImage/singleImage_descunchar.png
SINGLE_1477,desempajado,"dicho de un persona, medio calva",https://raw.githubusercontent.com/MariaaPinzon/ImagesEvaluatingMLLM/refs/heads/main/GPT/IdiomsSingleImage/singleImage_desempajado.png
SINGLE_1478,desencabar,Perder el mango o cabo una herramienta.,https://raw.githubusercontent.com/MariaaPinzon/ImagesEvaluatingMLLM/refs/heads/main/GPT/IdiomsSingleImage/singleImage_desencabar.png
SINGLE_1479,desencamar,"- sacar de su guarida a un animal de caza
- encontrar, después de mucha búsqueda, a una persona o un objeto
- encontrar a una persona o animal de caza que se ha estado buscando",https://raw.githubusercontent.com/MariaaPinzon/ImagesEvaluatingMLLM/refs/heads/main/GPT/IdiomsSingleImage/singleImage_desencamar.png
SINGLE_1480,desencarrar,Desordenar objetos similares.,https://raw.githubusercontent.com/MariaaPinzon/ImagesEvaluatingMLLM/refs/heads/main/GPT/IdiomsSingleImage/singleImage_desencarrar.png
SINGLE_1481,desencartar,Deshacerse de algo inútil o de una persona o compromiso incómodo.,https://raw.githubusercontent.com/MariaaPinzon/ImagesEvaluatingMLLM/refs/heads/main/GPT/IdiomsSingleImage/singleImage_desencartar.png
SINGLE_1482,desenchipar,manifestarse una característica o una enfermedad,https://raw.githubusercontent.com/MariaaPinzon/ImagesEvaluatingMLLM/refs/heads/main/GPT/IdiomsSingleImage/singleImage_desenchipar.png
SINGLE_1483,desengañado,"Referido a una persona, que se viste mal.",https://raw.githubusercontent.com/MariaaPinzon/ImagesEvaluatingMLLM/refs/heads/main/GPT/IdiomsSingleImage/singleImage_desenga%C3%B1ado.png
SINGLE_1484,desenguayabar,Quitarse una persona el malestar producido por la bebida de alcohol.,https://raw.githubusercontent.com/MariaaPinzon/ImagesEvaluatingMLLM/refs/heads/main/GPT/IdiomsSingleImage/singleImage_desenguayabar.png
SINGLE_1485,desentejado,"dicho de una persona, medio calva",https://raw.githubusercontent.com/MariaaPinzon/ImagesEvaluatingMLLM/refs/heads/main/GPT/IdiomsSingleImage/singleImage_desentejado.png
SINGLE_1486,desentorchar,Desenrollar algo.,https://raw.githubusercontent.com/MariaaPinzon/ImagesEvaluatingMLLM/refs/heads/main/GPT/IdiomsSingleImage/singleImage_desentorchar.png
SINGLE_1487,desespero,desesperación,https://raw.githubusercontent.com/MariaaPinzon/ImagesEvaluatingMLLM/refs/heads/main/GPT/IdiomsSingleImage/singleImage_desespero.png
SINGLE_1488,desgalamido,"Referido a una persona o un animal, flaco, cansado, debilitado.",https://raw.githubusercontent.com/MariaaPinzon/ImagesEvaluatingMLLM/refs/heads/main/GPT/IdiomsSingleImage/singleImage_desgalamido.png
SINGLE_1489,desgonzado,"decaído, sin ánimo",https://raw.githubusercontent.com/MariaaPinzon/ImagesEvaluatingMLLM/refs/heads/main/GPT/IdiomsSingleImage/singleImage_desgonzado.png
SINGLE_1490,desgonzar,Caer por ausencia de fuerza o por cansancio físico.,https://raw.githubusercontent.com/MariaaPinzon/ImagesEvaluatingMLLM/refs/heads/main/GPT/IdiomsSingleImage/singleImage_desgonzar.png
SINGLE_1491,desgualetado,"- Referido a un hecho, exagerado, desproporcionado.
- Referido a una persona, mal arreglada en su forma de vestir.",https://raw.githubusercontent.com/MariaaPinzon/ImagesEvaluatingMLLM/refs/heads/main/GPT/IdiomsSingleImage/singleImage_desgualetado.png
SINGLE_1492,desguarambilado,"Referido a una persona, descuidada en su forma de vestir.",https://raw.githubusercontent.com/MariaaPinzon/ImagesEvaluatingMLLM/refs/heads/main/GPT/IdiomsSingleImage/singleImage_desguarambilado.png
SINGLE_1493,desguañañar,Perder el control del propio cuerpo por debilidad.,https://raw.githubusercontent.com/MariaaPinzon/ImagesEvaluatingMLLM/refs/heads/main/GPT/IdiomsSingleImage/singleImage_desgua%C3%B1a%C3%B1ar.png
SINGLE_1494,deshijar,Retirar a una planta los retoños superfluos para favorecer el crecimiento del vástago principal.,https://raw.githubusercontent.com/MariaaPinzon/ImagesEvaluatingMLLM/refs/heads/main/GPT/IdiomsSingleImage/singleImage_deshijar.png
SINGLE_1495,desinflamatorio,"Referido a un medicamento, que elimina la inflamación.",https://raw.githubusercontent.com/MariaaPinzon/ImagesEvaluatingMLLM/refs/heads/main/GPT/IdiomsSingleImage/singleImage_desinflamatorio.png
SINGLE_1496,desjetar,"- Ensanchar algo por uso, perdiendo su forma original.
- Afanarse por hacer algo.
- Romperse la boca contra algo.
- Decir improperios.",https://raw.githubusercontent.com/MariaaPinzon/ImagesEvaluatingMLLM/refs/heads/main/GPT/IdiomsSingleImage/singleImage_desjetar.png
SINGLE_1497,desmandarse,Descuidar la salud en la enfermedad o en periodo de convalescencia.,https://raw.githubusercontent.com/MariaaPinzon/ImagesEvaluatingMLLM/refs/heads/main/GPT/IdiomsSingleImage/singleImage_desmandarse.png
SINGLE_1498,desmatonar,"Deshierbar, arrancar de raíz la hierba de los cultivos.",https://raw.githubusercontent.com/MariaaPinzon/ImagesEvaluatingMLLM/refs/heads/main/GPT/IdiomsSingleImage/singleImage_desmatonar.png
SINGLE_1499,desmechar,"Referido a la carne, deshilacharla, desmenuzarla en hebras.",https://raw.githubusercontent.com/MariaaPinzon/ImagesEvaluatingMLLM/refs/heads/main/GPT/IdiomsSingleImage/singleImage_desmechar.png
SINGLE_1500,desmueletado,que ha perdido uno o varios dientes o muelas,https://raw.githubusercontent.com/MariaaPinzon/ImagesEvaluatingMLLM/refs/heads/main/GPT/IdiomsSingleImage/singleImage_desmueletado.png
SINGLE_1501,desnucadero,"- Lugar en el que las parejas alquilan habitaciones por horas para tener relaciones sexuales.
- establecimiento en el que se alquilan habitaciones a parejas que desean tener relaciones sexuales",https://raw.githubusercontent.com/MariaaPinzon/ImagesEvaluatingMLLM/refs/heads/main/GPT/IdiomsSingleImage/singleImage_desnucadero.png
SINGLE_1502,despachada,Crítica fuerte contra algo con lo que no está de acuerdo.,https://raw.githubusercontent.com/MariaaPinzon/ImagesEvaluatingMLLM/refs/heads/main/GPT/IdiomsSingleImage/singleImage_despachada.png
SINGLE_1503,despalomado,"Referido a una persona, distraída, no presta atención de lo que pasa en su entorno.",https://raw.githubusercontent.com/MariaaPinzon/ImagesEvaluatingMLLM/refs/heads/main/GPT/IdiomsSingleImage/singleImage_despalomado.png
SINGLE_1504,desparchado,"Referido a una persona, aburrida, que no tiene planes para hacer.",https://raw.githubusercontent.com/MariaaPinzon/ImagesEvaluatingMLLM/refs/heads/main/GPT/IdiomsSingleImage/singleImage_desparchado.png
SINGLE_1505,desparche,Aburrimiento originado por falta de plan.,https://raw.githubusercontent.com/MariaaPinzon/ImagesEvaluatingMLLM/refs/heads/main/GPT/IdiomsSingleImage/singleImage_desparche.png
SINGLE_1506,desparpajar,"- Despertarse.
- Repeler a alguien o algo.",https://raw.githubusercontent.com/MariaaPinzon/ImagesEvaluatingMLLM/refs/heads/main/GPT/IdiomsSingleImage/singleImage_desparpajar.png
SINGLE_1507,despelotado,"desordenado, desorganizado",https://raw.githubusercontent.com/MariaaPinzon/ImagesEvaluatingMLLM/refs/heads/main/GPT/IdiomsSingleImage/singleImage_despelotado.png
SINGLE_1508,despelote,"- Enredo o problema.
- Conjunto de personas que no mantienen orden.
- Situación desordenada y de bullicio.",https://raw.githubusercontent.com/MariaaPinzon/ImagesEvaluatingMLLM/refs/heads/main/GPT/IdiomsSingleImage/singleImage_despelote.png
SINGLE_1509,despencado,"dicho de una persona, que no está correctamente sentada",https://raw.githubusercontent.com/MariaaPinzon/ImagesEvaluatingMLLM/refs/heads/main/GPT/IdiomsSingleImage/singleImage_despencado.png
SINGLE_1510,despencarse,caer al suelo desde un lugar alto,https://raw.githubusercontent.com/MariaaPinzon/ImagesEvaluatingMLLM/refs/heads/main/GPT/IdiomsSingleImage/singleImage_despencarse.png
SINGLE_1511,despensionarse,Despreocuparse o desentenderse de una situación.,https://raw.githubusercontent.com/MariaaPinzon/ImagesEvaluatingMLLM/refs/heads/main/GPT/IdiomsSingleImage/singleImage_despensionarse.png
SINGLE_1512,despepado,"dicho de una persona, que sale rápidamente",https://raw.githubusercontent.com/MariaaPinzon/ImagesEvaluatingMLLM/refs/heads/main/GPT/IdiomsSingleImage/singleImage_despepado.png
SINGLE_1513,despepar,Extraer las pepas o semillas de las frutas.,https://raw.githubusercontent.com/MariaaPinzon/ImagesEvaluatingMLLM/refs/heads/main/GPT/IdiomsSingleImage/singleImage_despepar.png
SINGLE_1514,despercudir,Aclararse el color de la piel.,https://raw.githubusercontent.com/MariaaPinzon/ImagesEvaluatingMLLM/refs/heads/main/GPT/IdiomsSingleImage/singleImage_despercudir.png
SINGLE_1515,despernancado,"Referido a una persona, que abre excesivamente las piernas.",https://raw.githubusercontent.com/MariaaPinzon/ImagesEvaluatingMLLM/refs/heads/main/GPT/IdiomsSingleImage/singleImage_despernancado.png
SINGLE_1516,despernancarse,sentarse con las piernas muy separadas,https://raw.githubusercontent.com/MariaaPinzon/ImagesEvaluatingMLLM/refs/heads/main/GPT/IdiomsSingleImage/singleImage_despernancarse.png
SINGLE_1517,despiporre,"actividad que se hace en exceso, por ejemplo, gasto en dinero",https://raw.githubusercontent.com/MariaaPinzon/ImagesEvaluatingMLLM/refs/heads/main/GPT/IdiomsSingleImage/singleImage_despiporre.png
SINGLE_1518,desplatado,"Referido a una persona, que no tiene plata.",https://raw.githubusercontent.com/MariaaPinzon/ImagesEvaluatingMLLM/refs/heads/main/GPT/IdiomsSingleImage/singleImage_desplatado.png
SINGLE_1519,desporrondingarse,"- ser muy generoso
- explayarse",https://raw.githubusercontent.com/MariaaPinzon/ImagesEvaluatingMLLM/refs/heads/main/GPT/IdiomsSingleImage/singleImage_desporrondingarse.png
SINGLE_1520,despresar,Dividir en partes una res o un cerdo.,https://raw.githubusercontent.com/MariaaPinzon/ImagesEvaluatingMLLM/refs/heads/main/GPT/IdiomsSingleImage/singleImage_despresar.png
SINGLE_1521,desprolijo,Descuidado o sin esmero.,https://raw.githubusercontent.com/MariaaPinzon/ImagesEvaluatingMLLM/refs/heads/main/GPT/IdiomsSingleImage/singleImage_desprolijo.png
SINGLE_1522,despulgar,"- Quitar pulgas o piojos.
- Quitar la pulpa a la semilla del café para que pierda el dulce introduciéndolo en agua.",https://raw.githubusercontent.com/MariaaPinzon/ImagesEvaluatingMLLM/refs/heads/main/GPT/IdiomsSingleImage/singleImage_despulgar.png
SINGLE_1523,despulpadora,"En el cultivo del café, máquina utilizada para separar la pulpa de la semilla.",https://raw.githubusercontent.com/MariaaPinzon/ImagesEvaluatingMLLM/refs/heads/main/GPT/IdiomsSingleImage/singleImage_despulpadora.png
SINGLE_1524,desrengado,"Referido a una persona o a un animal, que ha sufrido una lesión en una coyuntura, especialmente en las caderas.",https://raw.githubusercontent.com/MariaaPinzon/ImagesEvaluatingMLLM/refs/heads/main/GPT/IdiomsSingleImage/singleImage_desrengado.png
SINGLE_1525,destartalado,"Referido a un objeto, desgastado o en mal estado.",https://raw.githubusercontent.com/MariaaPinzon/ImagesEvaluatingMLLM/refs/heads/main/GPT/IdiomsSingleImage/singleImage_destartalado.png
SINGLE_1526,destartalar,"Desbaratar, deshacer, romper algo.",https://raw.githubusercontent.com/MariaaPinzon/ImagesEvaluatingMLLM/refs/heads/main/GPT/IdiomsSingleImage/singleImage_destartalar.png
SINGLE_1527,destemplar,Producir una sensación desagradable en los dientes y en las encías de alguien por tocar una persona ciertos materiales o producir un ruido estridente.,https://raw.githubusercontent.com/MariaaPinzon/ImagesEvaluatingMLLM/refs/heads/main/GPT/IdiomsSingleImage/singleImage_destemplar.png
SINGLE_1528,destender,Quitar el tendido de una cama.,https://raw.githubusercontent.com/MariaaPinzon/ImagesEvaluatingMLLM/refs/heads/main/GPT/IdiomsSingleImage/singleImage_destender.png
SINGLE_1529,destinos,"Labores domésticas que generalmente tienen que ver con la cocina, la limpieza de la casa y el lavado de la ropa.",https://raw.githubusercontent.com/MariaaPinzon/ImagesEvaluatingMLLM/refs/heads/main/GPT/IdiomsSingleImage/singleImage_destinos.png
SINGLE_1530,destortolarse,"- matarse
- herirse gravemente",https://raw.githubusercontent.com/MariaaPinzon/ImagesEvaluatingMLLM/refs/heads/main/GPT/IdiomsSingleImage/singleImage_destortolarse.png
SINGLE_1531,destragarse,Sacarse con la mano la parte de la ropa interior que se ha metido entre las nalgas.,https://raw.githubusercontent.com/MariaaPinzon/ImagesEvaluatingMLLM/refs/heads/main/GPT/IdiomsSingleImage/singleImage_destragarse.png
SINGLE_1532,destutanarse,Golpearse fuertemente al caer.,https://raw.githubusercontent.com/MariaaPinzon/ImagesEvaluatingMLLM/refs/heads/main/GPT/IdiomsSingleImage/singleImage_destutanarse.png
SINGLE_1533,desvarar,"- Arreglar provisionalmente el daño de un carro.
- Salir de una situación económica difícil.",https://raw.githubusercontent.com/MariaaPinzon/ImagesEvaluatingMLLM/refs/heads/main/GPT/IdiomsSingleImage/singleImage_desvarar.png
SINGLE_1534,desvarejar,cortar los varejones o verdascas de los árboles,https://raw.githubusercontent.com/MariaaPinzon/ImagesEvaluatingMLLM/refs/heads/main/GPT/IdiomsSingleImage/singleImage_desvarejar.png
SINGLE_1535,desvelada,Ausencia de sueño durante la noche.,https://raw.githubusercontent.com/MariaaPinzon/ImagesEvaluatingMLLM/refs/heads/main/GPT/IdiomsSingleImage/singleImage_desvelada.png
SINGLE_1536,desviringuiar,Desnudar a una persona.,https://raw.githubusercontent.com/MariaaPinzon/ImagesEvaluatingMLLM/refs/heads/main/GPT/IdiomsSingleImage/singleImage_desviringuiar.png
SINGLE_1537,desvirolado,"- desorientado, distraído
- chiflado",https://raw.githubusercontent.com/MariaaPinzon/ImagesEvaluatingMLLM/refs/heads/main/GPT/IdiomsSingleImage/singleImage_desvirolado.png
SINGLE_1538,detal,Forma de comprar o vender en pequeñas cantidades.,https://raw.githubusercontent.com/MariaaPinzon/ImagesEvaluatingMLLM/refs/heads/main/GPT/IdiomsSingleImage/singleImage_detal.png
SINGLE_1539,detallar,"Mirar con atención a una persona, entorno o cosa.",https://raw.githubusercontent.com/MariaaPinzon/ImagesEvaluatingMLLM/refs/heads/main/GPT/IdiomsSingleImage/singleImage_detallar.png
SINGLE_1540,detalle,"regalo, obsequio menor",https://raw.githubusercontent.com/MariaaPinzon/ImagesEvaluatingMLLM/refs/heads/main/GPT/IdiomsSingleImage/singleImage_detalle.png
SINGLE_1541,diablo,Decir exactamente lo mismo dos personas al tiempo.,https://raw.githubusercontent.com/MariaaPinzon/ImagesEvaluatingMLLM/refs/heads/main/GPT/IdiomsSingleImage/singleImage_diablo.png
SINGLE_1542,diabolín,"Pasabocas horneado que se prepara con harina de yuca, leche, queso y huevos.",https://raw.githubusercontent.com/MariaaPinzon/ImagesEvaluatingMLLM/refs/heads/main/GPT/IdiomsSingleImage/singleImage_diabol%C3%ADn.png
SINGLE_1543,diagonal,cierto tipo de calle que va en sentido oblicuo,https://raw.githubusercontent.com/MariaaPinzon/ImagesEvaluatingMLLM/refs/heads/main/GPT/IdiomsSingleImage/singleImage_diagonal.png
SINGLE_1544,diastres,expresión que denota sorpresa o contrariedad,https://raw.githubusercontent.com/MariaaPinzon/ImagesEvaluatingMLLM/refs/heads/main/GPT/IdiomsSingleImage/singleImage_diastres.png
SINGLE_1545,diente,Sonreír por coquetería.,https://raw.githubusercontent.com/MariaaPinzon/ImagesEvaluatingMLLM/refs/heads/main/GPT/IdiomsSingleImage/singleImage_diente.png
SINGLE_1546,discursero,que habla mucho,https://raw.githubusercontent.com/MariaaPinzon/ImagesEvaluatingMLLM/refs/heads/main/GPT/IdiomsSingleImage/singleImage_discursero.png
SINGLE_1547,distinguir,"- conocer a una persona
- Conocer una persona.",https://raw.githubusercontent.com/MariaaPinzon/ImagesEvaluatingMLLM/refs/heads/main/GPT/IdiomsSingleImage/singleImage_distinguir.png
SINGLE_1548,dizque,Al parecer.,https://raw.githubusercontent.com/MariaaPinzon/ImagesEvaluatingMLLM/refs/heads/main/GPT/IdiomsSingleImage/singleImage_dizque.png
SINGLE_1549,dragoneante,Soldado que reemplaza al cabo en su ausencia.,https://raw.githubusercontent.com/MariaaPinzon/ImagesEvaluatingMLLM/refs/heads/main/GPT/IdiomsSingleImage/singleImage_dragoneante.png
SINGLE_1550,día de por medio,Cada dos días.,https://raw.githubusercontent.com/MariaaPinzon/ImagesEvaluatingMLLM/refs/heads/main/GPT/IdiomsSingleImage/singleImage_d%C3%ADa_de_por_medio.png
SINGLE_1551,echar bueno,"pasarla bien, estar o vivir en buenas condiciones",https://raw.githubusercontent.com/MariaaPinzon/ImagesEvaluatingMLLM/refs/heads/main/GPT/IdiomsSingleImage/singleImage_echar_bueno.png
SINGLE_1552,echar clavija,engañar a alguien aumentando dolosamente una cuenta,https://raw.githubusercontent.com/MariaaPinzon/ImagesEvaluatingMLLM/refs/heads/main/GPT/IdiomsSingleImage/singleImage_echar_clavija.png
SINGLE_1553,echar el chambuque,arrojar el lazo a la cabeza de la res sin hacerlo girar para darle impulso,https://raw.githubusercontent.com/MariaaPinzon/ImagesEvaluatingMLLM/refs/heads/main/GPT/IdiomsSingleImage/singleImage_echar_el_chambuque.png
SINGLE_1554,echar flotas,"exagerar algo, ufanarse de algo",https://raw.githubusercontent.com/MariaaPinzon/ImagesEvaluatingMLLM/refs/heads/main/GPT/IdiomsSingleImage/singleImage_echar_flotas.png
SINGLE_1555,echar lengua,hablar mucho sobre temas insustanciales,https://raw.githubusercontent.com/MariaaPinzon/ImagesEvaluatingMLLM/refs/heads/main/GPT/IdiomsSingleImage/singleImage_echar_lengua.png
SINGLE_1556,echar ligero,andar aprisa,https://raw.githubusercontent.com/MariaaPinzon/ImagesEvaluatingMLLM/refs/heads/main/GPT/IdiomsSingleImage/singleImage_echar_ligero.png
SINGLE_1557,echar los perros,a alguien . coquetear a una persona,https://raw.githubusercontent.com/MariaaPinzon/ImagesEvaluatingMLLM/refs/heads/main/GPT/IdiomsSingleImage/singleImage_echar_los_perros.png
SINGLE_1558,echar mucho pico,hablar mucho,https://raw.githubusercontent.com/MariaaPinzon/ImagesEvaluatingMLLM/refs/heads/main/GPT/IdiomsSingleImage/singleImage_echar_mucho_pico.png
SINGLE_1559,echar muela,"morder, comer",https://raw.githubusercontent.com/MariaaPinzon/ImagesEvaluatingMLLM/refs/heads/main/GPT/IdiomsSingleImage/singleImage_echar_muela.png
SINGLE_1560,echar o hablar paja,hablar cosas triviales por pasar el tiempo,https://raw.githubusercontent.com/MariaaPinzon/ImagesEvaluatingMLLM/refs/heads/main/GPT/IdiomsSingleImage/singleImage_echar_o_hablar_paja.png
SINGLE_1561,echar ojo,"mirar, estar alerta para cuidar algo",https://raw.githubusercontent.com/MariaaPinzon/ImagesEvaluatingMLLM/refs/heads/main/GPT/IdiomsSingleImage/singleImage_echar_ojo.png
SINGLE_1562,echar pinta,estar bien vestido,https://raw.githubusercontent.com/MariaaPinzon/ImagesEvaluatingMLLM/refs/heads/main/GPT/IdiomsSingleImage/singleImage_echar_pinta.png
SINGLE_1563,echar quimba,caminar,https://raw.githubusercontent.com/MariaaPinzon/ImagesEvaluatingMLLM/refs/heads/main/GPT/IdiomsSingleImage/singleImage_echar_quimba.png
SINGLE_1564,echar vainas,"lanzar reproches, indirectas, inculpaciones",https://raw.githubusercontent.com/MariaaPinzon/ImagesEvaluatingMLLM/refs/heads/main/GPT/IdiomsSingleImage/singleImage_echar_vainas.png
SINGLE_1565,el algo,refrigerio,https://raw.githubusercontent.com/MariaaPinzon/ImagesEvaluatingMLLM/refs/heads/main/GPT/IdiomsSingleImage/singleImage_el_algo.png
SINGLE_1566,el as barbado,persona muy hábil o sobresaliente en una ciencia o actividad cualquiera,https://raw.githubusercontent.com/MariaaPinzon/ImagesEvaluatingMLLM/refs/heads/main/GPT/IdiomsSingleImage/singleImage_el_as_barbado.png
SINGLE_1567,el chiras,el diablo,https://raw.githubusercontent.com/MariaaPinzon/ImagesEvaluatingMLLM/refs/heads/main/GPT/IdiomsSingleImage/singleImage_el_chiras.png
SINGLE_1568,"el que siembre su maíz, que se coma su pinol",refrán con que se expresa que cada uno recoge el resultado de sus propias acciones,https://raw.githubusercontent.com/MariaaPinzon/ImagesEvaluatingMLLM/refs/heads/main/GPT/IdiomsSingleImage/singleImage_el_que_siembre_su_ma%C3%ADz__que_se_coma_su_pinol.png
SINGLE_1569,elecciones de mitaca,las que se realizaban para elegir diputados y concejales,https://raw.githubusercontent.com/MariaaPinzon/ImagesEvaluatingMLLM/refs/heads/main/GPT/IdiomsSingleImage/singleImage_elecciones_de_mitaca.png
SINGLE_1570,elegantoso,"Referido a una persona o algo, que es elegante.",https://raw.githubusercontent.com/MariaaPinzon/ImagesEvaluatingMLLM/refs/heads/main/GPT/IdiomsSingleImage/singleImage_elegantoso.png
SINGLE_1571,embaldosinado,Acción de revestir las paredes o piso con baldosines.,https://raw.githubusercontent.com/MariaaPinzon/ImagesEvaluatingMLLM/refs/heads/main/GPT/IdiomsSingleImage/singleImage_embaldosinado.png
SINGLE_1572,embambado,"Referido a una persona, que luce y ostenta joyas vistosas.",https://raw.githubusercontent.com/MariaaPinzon/ImagesEvaluatingMLLM/refs/heads/main/GPT/IdiomsSingleImage/singleImage_embambado.png
SINGLE_1573,embarcarse,"- subir a un vehículo
- involucrarse en una situación, negocio, empresa, etc",https://raw.githubusercontent.com/MariaaPinzon/ImagesEvaluatingMLLM/refs/heads/main/GPT/IdiomsSingleImage/singleImage_embarcarse.png
SINGLE_1574,embarruntar,"manchar el cuerpo y, especialmente, la cara con tizne u otra cosa",https://raw.githubusercontent.com/MariaaPinzon/ImagesEvaluatingMLLM/refs/heads/main/GPT/IdiomsSingleImage/singleImage_embarruntar.png
SINGLE_1575,embaucada,Engaño de grandes proporciones.,https://raw.githubusercontent.com/MariaaPinzon/ImagesEvaluatingMLLM/refs/heads/main/GPT/IdiomsSingleImage/singleImage_embaucada.png
SINGLE_1576,embejucar,Enfurecerse.,https://raw.githubusercontent.com/MariaaPinzon/ImagesEvaluatingMLLM/refs/heads/main/GPT/IdiomsSingleImage/singleImage_embejucar.png
SINGLE_1577,embejucarse,encolarizarse,https://raw.githubusercontent.com/MariaaPinzon/ImagesEvaluatingMLLM/refs/heads/main/GPT/IdiomsSingleImage/singleImage_embejucarse.png
SINGLE_1578,embeleco,Capricho o antojo que se tiene por algo que no tiene importancia.,https://raw.githubusercontent.com/MariaaPinzon/ImagesEvaluatingMLLM/refs/heads/main/GPT/IdiomsSingleImage/singleImage_embeleco.png
SINGLE_1579,embelequero,"Referido a una persona, que le gusta comprar cosas compulsivamente, muchas veces sin tener necesidad de ellas.",https://raw.githubusercontent.com/MariaaPinzon/ImagesEvaluatingMLLM/refs/heads/main/GPT/IdiomsSingleImage/singleImage_embelequero.png
SINGLE_1580,emberracarse,enfurecerse,https://raw.githubusercontent.com/MariaaPinzon/ImagesEvaluatingMLLM/refs/heads/main/GPT/IdiomsSingleImage/singleImage_emberracarse.png
SINGLE_1581,embocarse bien,acertar por azar,https://raw.githubusercontent.com/MariaaPinzon/ImagesEvaluatingMLLM/refs/heads/main/GPT/IdiomsSingleImage/singleImage_embocarse_bien.png
SINGLE_1582,embocarse mal,desacertar,https://raw.githubusercontent.com/MariaaPinzon/ImagesEvaluatingMLLM/refs/heads/main/GPT/IdiomsSingleImage/singleImage_embocarse_mal.png
SINGLE_1583,embocinada,"- en el juego de tejo, lograr que este quede dentro del bocín
- En el juego del tejo, logro que consiste en que el disco o tejo quede dentro del bocín con la base superior hacia el tablero.",https://raw.githubusercontent.com/MariaaPinzon/ImagesEvaluatingMLLM/refs/heads/main/GPT/IdiomsSingleImage/singleImage_embocinada.png
SINGLE_1584,embocinar,"En el juego del tejo, lograr introducir el disco o tejo en del bocín con la base superior hacia el tablero.",https://raw.githubusercontent.com/MariaaPinzon/ImagesEvaluatingMLLM/refs/heads/main/GPT/IdiomsSingleImage/singleImage_embocinar.png
SINGLE_1585,embolador,"- persona que tiene por oficio lustrar zapatos
- Persona que tiene por oficio limpiar y lustrar el calzado.",https://raw.githubusercontent.com/MariaaPinzon/ImagesEvaluatingMLLM/refs/heads/main/GPT/IdiomsSingleImage/singleImage_embolador.png
SINGLE_1586,embolatar,"- dejar de hacer algo por distracción u otra causa
- perder transitoriamente algo",https://raw.githubusercontent.com/MariaaPinzon/ImagesEvaluatingMLLM/refs/heads/main/GPT/IdiomsSingleImage/singleImage_embolatar.png
SINGLE_1587,embombado,"Referido a una persona, aturdida o con sensación de hinchazón concentrada en la cabeza.",https://raw.githubusercontent.com/MariaaPinzon/ImagesEvaluatingMLLM/refs/heads/main/GPT/IdiomsSingleImage/singleImage_embombado.png
SINGLE_1588,embotado,"Referido a una persona, aturdida o con sensación de hinchazón concentrada en la cabeza.",https://raw.githubusercontent.com/MariaaPinzon/ImagesEvaluatingMLLM/refs/heads/main/GPT/IdiomsSingleImage/singleImage_embotado.png
SINGLE_1589,embromado,"- Referido a una persona, con problemas o que está endeudada.
- Referido a una persona, que está concentrada en una ocupación o tarea.",https://raw.githubusercontent.com/MariaaPinzon/ImagesEvaluatingMLLM/refs/heads/main/GPT/IdiomsSingleImage/singleImage_embromado.png
SINGLE_1590,embuchado,Secreto difícil de mantener o disimular.,https://raw.githubusercontent.com/MariaaPinzon/ImagesEvaluatingMLLM/refs/heads/main/GPT/IdiomsSingleImage/singleImage_embuchado.png
SINGLE_1591,embucharse,Llenarse de comida o especialmente de un líquido.,https://raw.githubusercontent.com/MariaaPinzon/ImagesEvaluatingMLLM/refs/heads/main/GPT/IdiomsSingleImage/singleImage_embucharse.png
SINGLE_1592,emburundangar,Drogar a alguien con burundanga.,https://raw.githubusercontent.com/MariaaPinzon/ImagesEvaluatingMLLM/refs/heads/main/GPT/IdiomsSingleImage/singleImage_emburundangar.png
SINGLE_1593,empachada,"Referido a una mujer, que tiene el periodo menstrual.",https://raw.githubusercontent.com/MariaaPinzon/ImagesEvaluatingMLLM/refs/heads/main/GPT/IdiomsSingleImage/singleImage_empachada.png
SINGLE_1594,empajada,"regaño, reprensión, insulto",https://raw.githubusercontent.com/MariaaPinzon/ImagesEvaluatingMLLM/refs/heads/main/GPT/IdiomsSingleImage/singleImage_empajada.png
SINGLE_1595,empalado,"dicho de una persona, que no puede mover los músculos de la cintura",https://raw.githubusercontent.com/MariaaPinzon/ImagesEvaluatingMLLM/refs/heads/main/GPT/IdiomsSingleImage/singleImage_empalado.png
SINGLE_1596,empalagada,Malestar o repugnancia causada por una comida generalmente dulce.,https://raw.githubusercontent.com/MariaaPinzon/ImagesEvaluatingMLLM/refs/heads/main/GPT/IdiomsSingleImage/singleImage_empalagada.png
SINGLE_1597,empalizada,trecho de camino cuyo piso está afirmado con palos juntos,https://raw.githubusercontent.com/MariaaPinzon/ImagesEvaluatingMLLM/refs/heads/main/GPT/IdiomsSingleImage/singleImage_empalizada.png
SINGLE_1598,empandorgarse,"enredarse, dificultarse un asunto",https://raw.githubusercontent.com/MariaaPinzon/ImagesEvaluatingMLLM/refs/heads/main/GPT/IdiomsSingleImage/singleImage_empandorgarse.png
SINGLE_1599,empanicado,"Referido a una persona, que pierde la capacidad de actuar por el pánico o el temor.",https://raw.githubusercontent.com/MariaaPinzon/ImagesEvaluatingMLLM/refs/heads/main/GPT/IdiomsSingleImage/singleImage_empanicado.png
SINGLE_1600,emparamado,empapado por la lluvia,https://raw.githubusercontent.com/MariaaPinzon/ImagesEvaluatingMLLM/refs/heads/main/GPT/IdiomsSingleImage/singleImage_emparamado.png
SINGLE_1601,emparamar,"- Empaparse con lluvia o sudor.
- Empapar de agua.",https://raw.githubusercontent.com/MariaaPinzon/ImagesEvaluatingMLLM/refs/heads/main/GPT/IdiomsSingleImage/singleImage_emparamar.png
SINGLE_1602,emparamarse,"- mojarse mucho por acción de la lluvia
- aterir",https://raw.githubusercontent.com/MariaaPinzon/ImagesEvaluatingMLLM/refs/heads/main/GPT/IdiomsSingleImage/singleImage_emparamarse.png
SINGLE_1603,emparapetar,Reparar una cosa o un problema de manera incompleta.,https://raw.githubusercontent.com/MariaaPinzon/ImagesEvaluatingMLLM/refs/heads/main/GPT/IdiomsSingleImage/singleImage_emparapetar.png
SINGLE_1604,emparejar,reprender,https://raw.githubusercontent.com/MariaaPinzon/ImagesEvaluatingMLLM/refs/heads/main/GPT/IdiomsSingleImage/singleImage_emparejar.png
SINGLE_1605,emparrandado,"Referido a una persona, que participa en una parranda o una fiesta.",https://raw.githubusercontent.com/MariaaPinzon/ImagesEvaluatingMLLM/refs/heads/main/GPT/IdiomsSingleImage/singleImage_emparrandado.png
SINGLE_1606,empastar,Encuadernar un documento uniendo sus hojas con un lomo y poniéndole cubiertas.,https://raw.githubusercontent.com/MariaaPinzon/ImagesEvaluatingMLLM/refs/heads/main/GPT/IdiomsSingleImage/singleImage_empastar.png
SINGLE_1607,empañetar,enlucir un muro con un material adecuado como barro o cemento,https://raw.githubusercontent.com/MariaaPinzon/ImagesEvaluatingMLLM/refs/heads/main/GPT/IdiomsSingleImage/singleImage_empa%C3%B1etar.png
SINGLE_1608,empegotar,Untar o manchar algo desprevenidamente con una sustancia pegajosa.,https://raw.githubusercontent.com/MariaaPinzon/ImagesEvaluatingMLLM/refs/heads/main/GPT/IdiomsSingleImage/singleImage_empegotar.png
SINGLE_1609,empila,"Mucho, en gran cantidad.",https://raw.githubusercontent.com/MariaaPinzon/ImagesEvaluatingMLLM/refs/heads/main/GPT/IdiomsSingleImage/singleImage_empila.png
SINGLE_1610,empozarse,"aposentarse el agua, quedar detenida en un sitio, formando un charco o pozo",https://raw.githubusercontent.com/MariaaPinzon/ImagesEvaluatingMLLM/refs/heads/main/GPT/IdiomsSingleImage/singleImage_empozarse.png
SINGLE_1611,emproblemado,"Referido a una persona, que tiene muchos problemas.",https://raw.githubusercontent.com/MariaaPinzon/ImagesEvaluatingMLLM/refs/heads/main/GPT/IdiomsSingleImage/singleImage_emproblemado.png
SINGLE_1612,empuercar,Ensuciar o llenar de basura.,https://raw.githubusercontent.com/MariaaPinzon/ImagesEvaluatingMLLM/refs/heads/main/GPT/IdiomsSingleImage/singleImage_empuercar.png
SINGLE_1613,empujada,Empujón que se da con más fuerza.,https://raw.githubusercontent.com/MariaaPinzon/ImagesEvaluatingMLLM/refs/heads/main/GPT/IdiomsSingleImage/singleImage_empujada.png
SINGLE_1614,empuntar,"- Animar a alguien a hacer algo.
- Dirigir algo hacia algún lugar.",https://raw.githubusercontent.com/MariaaPinzon/ImagesEvaluatingMLLM/refs/heads/main/GPT/IdiomsSingleImage/singleImage_empuntar.png
SINGLE_1615,emputar,Enfurecer.,https://raw.githubusercontent.com/MariaaPinzon/ImagesEvaluatingMLLM/refs/heads/main/GPT/IdiomsSingleImage/singleImage_emputar.png
SINGLE_1616,emputarse,encolerizarse,https://raw.githubusercontent.com/MariaaPinzon/ImagesEvaluatingMLLM/refs/heads/main/GPT/IdiomsSingleImage/singleImage_emputarse.png
SINGLE_1617,en chaquess de,se emplea para indicar la ejecución de algo como pretexto para cubrir lo que verdaderamente se desea,https://raw.githubusercontent.com/MariaaPinzon/ImagesEvaluatingMLLM/refs/heads/main/GPT/IdiomsSingleImage/singleImage_en_chaquess_de.png
SINGLE_1618,enantes,Hace un momento o en una ocasión anterior.,https://raw.githubusercontent.com/MariaaPinzon/ImagesEvaluatingMLLM/refs/heads/main/GPT/IdiomsSingleImage/singleImage_enantes.png
SINGLE_1619,encabildado,"Referido a una persona, que asume situaciones riesgosas.",https://raw.githubusercontent.com/MariaaPinzon/ImagesEvaluatingMLLM/refs/heads/main/GPT/IdiomsSingleImage/singleImage_encabildado.png
SINGLE_1620,encachorrarse,enfurecerse,https://raw.githubusercontent.com/MariaaPinzon/ImagesEvaluatingMLLM/refs/heads/main/GPT/IdiomsSingleImage/singleImage_encachorrarse.png
SINGLE_1621,encalambrado,"Referido a una persona, que tiene los músculos tensos por el frío.",https://raw.githubusercontent.com/MariaaPinzon/ImagesEvaluatingMLLM/refs/heads/main/GPT/IdiomsSingleImage/singleImage_encalambrado.png
SINGLE_1622,encaletar,Ocultar o esconder algo o a alguien que no se ha obtenido legalmente.,https://raw.githubusercontent.com/MariaaPinzon/ImagesEvaluatingMLLM/refs/heads/main/GPT/IdiomsSingleImage/singleImage_encaletar.png
SINGLE_1623,encanado,"- Estadía de una persona en prisión.
- Referido a una persona, detenido en prisión.",https://raw.githubusercontent.com/MariaaPinzon/ImagesEvaluatingMLLM/refs/heads/main/GPT/IdiomsSingleImage/singleImage_encanado.png
SINGLE_1624,encanar,Meter a la cárcel a alguien.,https://raw.githubusercontent.com/MariaaPinzon/ImagesEvaluatingMLLM/refs/heads/main/GPT/IdiomsSingleImage/singleImage_encanar.png
SINGLE_1625,encandelillar,"- encandilar, quedarse por un momento sin ver bien, por exceso de luz
- Deslumbrar, producir asombro.",https://raw.githubusercontent.com/MariaaPinzon/ImagesEvaluatingMLLM/refs/heads/main/GPT/IdiomsSingleImage/singleImage_encandelillar.png
SINGLE_1626,encangado,"Referido a una persona o animal, que se mueve con dificultad.",https://raw.githubusercontent.com/MariaaPinzon/ImagesEvaluatingMLLM/refs/heads/main/GPT/IdiomsSingleImage/singleImage_encangado.png
SINGLE_1627,encarajinado,"Referido a una persona, que está muy molesta.",https://raw.githubusercontent.com/MariaaPinzon/ImagesEvaluatingMLLM/refs/heads/main/GPT/IdiomsSingleImage/singleImage_encarajinado.png
SINGLE_1628,encaravanado,"Referido a un grupo de vehículos, que viajan juntos, generalmente en fila, a un sitio específico.",https://raw.githubusercontent.com/MariaaPinzon/ImagesEvaluatingMLLM/refs/heads/main/GPT/IdiomsSingleImage/singleImage_encaravanado.png
SINGLE_1629,encarcelado,Pastel de masa de hojaldre grande y cuadrado relleno de bocadillo o arequipe que se hornea.,https://raw.githubusercontent.com/MariaaPinzon/ImagesEvaluatingMLLM/refs/heads/main/GPT/IdiomsSingleImage/singleImage_encarcelado.png
SINGLE_1630,encarrar,Ordenar objetos similares unos encima de otros.,https://raw.githubusercontent.com/MariaaPinzon/ImagesEvaluatingMLLM/refs/heads/main/GPT/IdiomsSingleImage/singleImage_encarrar.png
SINGLE_1631,encarretar,"- Enamorarse dos personas.
- Entusiasmar a alguien en un tema o actividad.",https://raw.githubusercontent.com/MariaaPinzon/ImagesEvaluatingMLLM/refs/heads/main/GPT/IdiomsSingleImage/singleImage_encarretar.png
SINGLE_1632,encartado,"Referido a una persona, que tiene muchos problemas o que no sabe cómo resolver un asunto.",https://raw.githubusercontent.com/MariaaPinzon/ImagesEvaluatingMLLM/refs/heads/main/GPT/IdiomsSingleImage/singleImage_encartado.png
SINGLE_1633,encartar,Encargar a alguien de hacer algo que produce mucha molestia e incomodidad.,https://raw.githubusercontent.com/MariaaPinzon/ImagesEvaluatingMLLM/refs/heads/main/GPT/IdiomsSingleImage/singleImage_encartar.png
SINGLE_1634,encarte,"Problema, complicación.",https://raw.githubusercontent.com/MariaaPinzon/ImagesEvaluatingMLLM/refs/heads/main/GPT/IdiomsSingleImage/singleImage_encarte.png
SINGLE_1635,encañengado,"Referido a una persona, que tiene muchos problemas o que no sabe cómo resolver un asunto.",https://raw.githubusercontent.com/MariaaPinzon/ImagesEvaluatingMLLM/refs/heads/main/GPT/IdiomsSingleImage/singleImage_enca%C3%B1engado.png
SINGLE_1636,encerado,"En la arriería, lona gruesa con la que se cubría la carga.",https://raw.githubusercontent.com/MariaaPinzon/ImagesEvaluatingMLLM/refs/heads/main/GPT/IdiomsSingleImage/singleImage_encerado.png
SINGLE_1637,encerrar,Separar a los terneros de las vacas que los amamantan y que van a ser ordeñadas al día siguiente.,https://raw.githubusercontent.com/MariaaPinzon/ImagesEvaluatingMLLM/refs/heads/main/GPT/IdiomsSingleImage/singleImage_encerrar.png
SINGLE_1638,enchanfainarse,entrar a ejercer un cargo o destino,https://raw.githubusercontent.com/MariaaPinzon/ImagesEvaluatingMLLM/refs/heads/main/GPT/IdiomsSingleImage/singleImage_enchanfainarse.png
SINGLE_1639,enchape,"Baño de oro o plata, que se da a una cosa, especialmente a una joya.",https://raw.githubusercontent.com/MariaaPinzon/ImagesEvaluatingMLLM/refs/heads/main/GPT/IdiomsSingleImage/singleImage_enchape.png
SINGLE_1640,enchichar,"- Emborracharse con chicha.
- Enfurecerse.",https://raw.githubusercontent.com/MariaaPinzon/ImagesEvaluatingMLLM/refs/heads/main/GPT/IdiomsSingleImage/singleImage_enchichar.png
SINGLE_1641,enchicharse,"- embriagarse con chicha
- encolerizarse",https://raw.githubusercontent.com/MariaaPinzon/ImagesEvaluatingMLLM/refs/heads/main/GPT/IdiomsSingleImage/singleImage_enchicharse.png
SINGLE_1642,enchimbado,"- Referido a una persona, que tiene buena suerte en un momento determinado.
- Referido a una persona, que está distraído.",https://raw.githubusercontent.com/MariaaPinzon/ImagesEvaluatingMLLM/refs/heads/main/GPT/IdiomsSingleImage/singleImage_enchimbado.png
SINGLE_1643,enchinao,"esterilla de cañas que se usa en paredes de bahareque, cielorrasos y armaduras de techos de teja",https://raw.githubusercontent.com/MariaaPinzon/ImagesEvaluatingMLLM/refs/heads/main/GPT/IdiomsSingleImage/singleImage_enchinao.png
SINGLE_1644,enchipar,"- Acostarse a dormir una persona.
- Ponerse de mal genio.",https://raw.githubusercontent.com/MariaaPinzon/ImagesEvaluatingMLLM/refs/heads/main/GPT/IdiomsSingleImage/singleImage_enchipar.png
SINGLE_1645,enchoclar,"en ciertos juegos, lograr introducir un objeto en un agujero",https://raw.githubusercontent.com/MariaaPinzon/ImagesEvaluatingMLLM/refs/heads/main/GPT/IdiomsSingleImage/singleImage_enchoclar.png
SINGLE_1646,enchocolar,"En algunos juegos, lograr meter la bola, anillo o aro en un agujero desde una distancia determinada.",https://raw.githubusercontent.com/MariaaPinzon/ImagesEvaluatingMLLM/refs/heads/main/GPT/IdiomsSingleImage/singleImage_enchocolar.png
SINGLE_1647,encholar,"- Ubicarse alguien en un sitio o fila sin respetar el orden de llegada.
- Meterse en algún lugar o en una situación.",https://raw.githubusercontent.com/MariaaPinzon/ImagesEvaluatingMLLM/refs/heads/main/GPT/IdiomsSingleImage/singleImage_encholar.png
SINGLE_1648,enchuflar,Conectar el enchufe de un aparato eléctrico a su fuente de energía o toma.,https://raw.githubusercontent.com/MariaaPinzon/ImagesEvaluatingMLLM/refs/heads/main/GPT/IdiomsSingleImage/singleImage_enchuflar.png
SINGLE_1649,enchufle,Dispositivo de dos piezas que se encajan para conectar un aparato eléctrico a su fuente de energía o toma.,https://raw.githubusercontent.com/MariaaPinzon/ImagesEvaluatingMLLM/refs/heads/main/GPT/IdiomsSingleImage/singleImage_enchufle.png
SINGLE_1650,enchumbar,"- Inmovilizar con vendas el cuerpo de un bebé para inducirle al sueño o limitar el movimiento de las piernas para fortalecerlas.
- Amarrar a un bebé con una cinta elaborada en hilo.",https://raw.githubusercontent.com/MariaaPinzon/ImagesEvaluatingMLLM/refs/heads/main/GPT/IdiomsSingleImage/singleImage_enchumbar.png
SINGLE_1651,enchutar,Asignar a alguien una labor o tarea desagradable o inoportuna.,https://raw.githubusercontent.com/MariaaPinzon/ImagesEvaluatingMLLM/refs/heads/main/GPT/IdiomsSingleImage/singleImage_enchutar.png
SINGLE_1652,encima,Regalo que hace un vendedor a su cliente por realizar una compra.,https://raw.githubusercontent.com/MariaaPinzon/ImagesEvaluatingMLLM/refs/heads/main/GPT/IdiomsSingleImage/singleImage_encima.png
SINGLE_1653,enclochar,Accionar el sistema de embrague o clotch de un automotor.,https://raw.githubusercontent.com/MariaaPinzon/ImagesEvaluatingMLLM/refs/heads/main/GPT/IdiomsSingleImage/singleImage_enclochar.png
SINGLE_1654,encocado,"Forma de preparar variedad de alimentos, como el camarón, el pescado, mariscos, etc.,  cuyo ingrediente principal es la leche de coco.",https://raw.githubusercontent.com/MariaaPinzon/ImagesEvaluatingMLLM/refs/heads/main/GPT/IdiomsSingleImage/singleImage_encocado.png
SINGLE_1655,enconado,"Referido a una herida, inflamada por la infección.",https://raw.githubusercontent.com/MariaaPinzon/ImagesEvaluatingMLLM/refs/heads/main/GPT/IdiomsSingleImage/singleImage_enconado.png
SINGLE_1656,encontrarse una guaca,hallar una oportunidad inesperada,https://raw.githubusercontent.com/MariaaPinzon/ImagesEvaluatingMLLM/refs/heads/main/GPT/IdiomsSingleImage/singleImage_encontrarse_una_guaca.png
SINGLE_1657,encopetado,Que presume mucho de su jerarquía o linaje.,https://raw.githubusercontent.com/MariaaPinzon/ImagesEvaluatingMLLM/refs/heads/main/GPT/IdiomsSingleImage/singleImage_encopetado.png
SINGLE_1658,encostalados,Competencia popular en la que los participantes se desplazan a saltos con las piernas dentro de un costal hasta una meta predefinida.,https://raw.githubusercontent.com/MariaaPinzon/ImagesEvaluatingMLLM/refs/heads/main/GPT/IdiomsSingleImage/singleImage_encostalados.png
SINGLE_1659,encuartelar,"- Prestar el servicio militar.
- Hacer que las tropas permanezcan en los cuarteles y listas para actuar.",https://raw.githubusercontent.com/MariaaPinzon/ImagesEvaluatingMLLM/refs/heads/main/GPT/IdiomsSingleImage/singleImage_encuartelar.png
SINGLE_1660,enculebrado,endeudado,https://raw.githubusercontent.com/MariaaPinzon/ImagesEvaluatingMLLM/refs/heads/main/GPT/IdiomsSingleImage/singleImage_enculebrado.png
SINGLE_1661,encunetarse,Quedar un automóvil metido en una cuneta.,https://raw.githubusercontent.com/MariaaPinzon/ImagesEvaluatingMLLM/refs/heads/main/GPT/IdiomsSingleImage/singleImage_encunetarse.png
SINGLE_1662,encurtido,"Salsa hecha de cebolla, tomate y cilantro picados que se le agrega al sancocho o a las sopas en la última etapa de su cocción.",https://raw.githubusercontent.com/MariaaPinzon/ImagesEvaluatingMLLM/refs/heads/main/GPT/IdiomsSingleImage/singleImage_encurtido.png
SINGLE_1663,enferma,"Referido a una mujer, que está embarazada.",https://raw.githubusercontent.com/MariaaPinzon/ImagesEvaluatingMLLM/refs/heads/main/GPT/IdiomsSingleImage/singleImage_enferma.png
SINGLE_1664,enfiestarse,Estar de baile y fiesta por largo rato.,https://raw.githubusercontent.com/MariaaPinzon/ImagesEvaluatingMLLM/refs/heads/main/GPT/IdiomsSingleImage/singleImage_enfiestarse.png
SINGLE_1665,enflautar,Asignar a alguien una labor o responsabilidad desagradable o inoportuna.,https://raw.githubusercontent.com/MariaaPinzon/ImagesEvaluatingMLLM/refs/heads/main/GPT/IdiomsSingleImage/singleImage_enflautar.png
SINGLE_1666,enfogado,"Referido a una persona, que tiene elevada la temperatura, dolores articulares y agotamiento físico.",https://raw.githubusercontent.com/MariaaPinzon/ImagesEvaluatingMLLM/refs/heads/main/GPT/IdiomsSingleImage/singleImage_enfogado.png
SINGLE_1667,enfuertar,fermentar un líquido,https://raw.githubusercontent.com/MariaaPinzon/ImagesEvaluatingMLLM/refs/heads/main/GPT/IdiomsSingleImage/singleImage_enfuertar.png
SINGLE_1668,enfurruscarse,Enfurecerse.,https://raw.githubusercontent.com/MariaaPinzon/ImagesEvaluatingMLLM/refs/heads/main/GPT/IdiomsSingleImage/singleImage_enfurruscarse.png
SINGLE_1669,engalamido,"Referido a una persona, muy delgada y de aspecto enfermizo.",https://raw.githubusercontent.com/MariaaPinzon/ImagesEvaluatingMLLM/refs/heads/main/GPT/IdiomsSingleImage/singleImage_engalamido.png
SINGLE_1670,engarrotarse,Sufrir una contracción muscular.,https://raw.githubusercontent.com/MariaaPinzon/ImagesEvaluatingMLLM/refs/heads/main/GPT/IdiomsSingleImage/singleImage_engarrotarse.png
SINGLE_1671,engarruñarse,Sufrir una contracción muscular.,https://raw.githubusercontent.com/MariaaPinzon/ImagesEvaluatingMLLM/refs/heads/main/GPT/IdiomsSingleImage/singleImage_engarru%C3%B1arse.png
SINGLE_1672,engolletar,"En la labor artesanal, eliminar el cuello de vasijas que no lo requieren.",https://raw.githubusercontent.com/MariaaPinzon/ImagesEvaluatingMLLM/refs/heads/main/GPT/IdiomsSingleImage/singleImage_engolletar.png
SINGLE_1673,engrampar,Coser papeles con ganchos o grapas.,https://raw.githubusercontent.com/MariaaPinzon/ImagesEvaluatingMLLM/refs/heads/main/GPT/IdiomsSingleImage/singleImage_engrampar.png
SINGLE_1674,enguanda,"Complicación, lío.",https://raw.githubusercontent.com/MariaaPinzon/ImagesEvaluatingMLLM/refs/heads/main/GPT/IdiomsSingleImage/singleImage_enguanda.png
SINGLE_1675,enguandocado,"Referido a una persona, detenido en prisión.",https://raw.githubusercontent.com/MariaaPinzon/ImagesEvaluatingMLLM/refs/heads/main/GPT/IdiomsSingleImage/singleImage_enguandocado.png
SINGLE_1676,enguayabado,"- dicho de una persona, que está padeciendo los efectos de haber consumido bebidas alcohólicas
- Referido a una persona, que está triste.",https://raw.githubusercontent.com/MariaaPinzon/ImagesEvaluatingMLLM/refs/heads/main/GPT/IdiomsSingleImage/singleImage_enguayabado.png
SINGLE_1677,enhuitar,"Pintar la piel del cuerpo con huito, especialmente con fines rituales y medicinales.",https://raw.githubusercontent.com/MariaaPinzon/ImagesEvaluatingMLLM/refs/heads/main/GPT/IdiomsSingleImage/singleImage_enhuitar.png
SINGLE_1678,enmaniguarse,Distraerse dejando de lado algunas cosas.,https://raw.githubusercontent.com/MariaaPinzon/ImagesEvaluatingMLLM/refs/heads/main/GPT/IdiomsSingleImage/singleImage_enmaniguarse.png
SINGLE_1679,enmechar,Vestir una prenda elegante o a la moda.,https://raw.githubusercontent.com/MariaaPinzon/ImagesEvaluatingMLLM/refs/heads/main/GPT/IdiomsSingleImage/singleImage_enmechar.png
SINGLE_1680,enmelocotar,Untar o manchar algo desprevenidamente con una sustancia pegajosa.,https://raw.githubusercontent.com/MariaaPinzon/ImagesEvaluatingMLLM/refs/heads/main/GPT/IdiomsSingleImage/singleImage_enmelocotar.png
SINGLE_1681,enmermelar,"En la política, ofrecer dádivas a cambio de la aprobación de proyectos o iniciativas gubernamentales.",https://raw.githubusercontent.com/MariaaPinzon/ImagesEvaluatingMLLM/refs/heads/main/GPT/IdiomsSingleImage/singleImage_enmermelar.png
SINGLE_1682,enmozado,"Referido a una persona, que tiene una relación amorosa por fuera del matrimonio, o vive con una persona sin estar casado.",https://raw.githubusercontent.com/MariaaPinzon/ImagesEvaluatingMLLM/refs/heads/main/GPT/IdiomsSingleImage/singleImage_enmozado.png
SINGLE_1683,enmugrar,Cubrir algo de mugre.,https://raw.githubusercontent.com/MariaaPinzon/ImagesEvaluatingMLLM/refs/heads/main/GPT/IdiomsSingleImage/singleImage_enmugrar.png
SINGLE_1684,enquimbarse,endeudarse,https://raw.githubusercontent.com/MariaaPinzon/ImagesEvaluatingMLLM/refs/heads/main/GPT/IdiomsSingleImage/singleImage_enquimbarse.png
SINGLE_1685,enramada,Construcción que tiene un techo de ramas sostenido por palos de madera y sin paredes.,https://raw.githubusercontent.com/MariaaPinzon/ImagesEvaluatingMLLM/refs/heads/main/GPT/IdiomsSingleImage/singleImage_enramada.png
SINGLE_1686,enrazar,Cruzar razas de animales con el fin de mejorarlas.,https://raw.githubusercontent.com/MariaaPinzon/ImagesEvaluatingMLLM/refs/heads/main/GPT/IdiomsSingleImage/singleImage_enrazar.png
SINGLE_1687,enroncharse,Cubrirse alguien de ronchas.,https://raw.githubusercontent.com/MariaaPinzon/ImagesEvaluatingMLLM/refs/heads/main/GPT/IdiomsSingleImage/singleImage_enroncharse.png
SINGLE_1688,enruanado,"Referido a una persona, que lleva puesta una ruana.",https://raw.githubusercontent.com/MariaaPinzon/ImagesEvaluatingMLLM/refs/heads/main/GPT/IdiomsSingleImage/singleImage_enruanado.png
SINGLE_1689,enrular,Ondular el cabello con rulos.,https://raw.githubusercontent.com/MariaaPinzon/ImagesEvaluatingMLLM/refs/heads/main/GPT/IdiomsSingleImage/singleImage_enrular.png
SINGLE_1690,ensalmar,"Cantar o recitar un encantamiento pretendiendo conseguir algo de manera sobrenatural, especialmente en la salud de alguien.",https://raw.githubusercontent.com/MariaaPinzon/ImagesEvaluatingMLLM/refs/heads/main/GPT/IdiomsSingleImage/singleImage_ensalmar.png
SINGLE_1691,ensalsarse,"Enojarse, disgustarse.",https://raw.githubusercontent.com/MariaaPinzon/ImagesEvaluatingMLLM/refs/heads/main/GPT/IdiomsSingleImage/singleImage_ensalsarse.png
SINGLE_1692,ensurullar,"Plegar o enrollar algo de manera descuidada, especialmente un papel.",https://raw.githubusercontent.com/MariaaPinzon/ImagesEvaluatingMLLM/refs/heads/main/GPT/IdiomsSingleImage/singleImage_ensurullar.png
SINGLE_1693,entechar,techar,https://raw.githubusercontent.com/MariaaPinzon/ImagesEvaluatingMLLM/refs/heads/main/GPT/IdiomsSingleImage/singleImage_entechar.png
SINGLE_1694,entelerido,"Referido a una persona o animal, que está delgado y le faltan fuerzas.",https://raw.githubusercontent.com/MariaaPinzon/ImagesEvaluatingMLLM/refs/heads/main/GPT/IdiomsSingleImage/singleImage_entelerido.png
SINGLE_1695,entero,"Sopa hecha con poca agua, trozos grandes de papa, yuca, carne y otros ingredientes.",https://raw.githubusercontent.com/MariaaPinzon/ImagesEvaluatingMLLM/refs/heads/main/GPT/IdiomsSingleImage/singleImage_entero.png
SINGLE_1696,entierro,"Tesoro representado en dinero, joyas u objetos arqueológicos, que se encuentra enterrado.",https://raw.githubusercontent.com/MariaaPinzon/ImagesEvaluatingMLLM/refs/heads/main/GPT/IdiomsSingleImage/singleImage_entierro.png
SINGLE_1697,entotumarse,"atolondrarse, aturdirse momentáneamente",https://raw.githubusercontent.com/MariaaPinzon/ImagesEvaluatingMLLM/refs/heads/main/GPT/IdiomsSingleImage/singleImage_entotumarse.png
SINGLE_1698,entre nos,"Entre una charla de varias personas, confidencialmente, en secreto.",https://raw.githubusercontent.com/MariaaPinzon/ImagesEvaluatingMLLM/refs/heads/main/GPT/IdiomsSingleImage/singleImage_entre_nos.png
SINGLE_1699,entretecho,Parte más alta de la casa ubicada bajo el tejado y usada para guardar objetos en desuso.,https://raw.githubusercontent.com/MariaaPinzon/ImagesEvaluatingMLLM/refs/heads/main/GPT/IdiomsSingleImage/singleImage_entretecho.png
SINGLE_1700,entretención,Dicho de algo que sirve para el entretenimiento.,https://raw.githubusercontent.com/MariaaPinzon/ImagesEvaluatingMLLM/refs/heads/main/GPT/IdiomsSingleImage/singleImage_entretenci%C3%B3n.png
SINGLE_1701,entucar,"- Abrirse paso con fuerza en medio de una multitud para llegar o entrar a algún lugar.
- Tener relaciones sexuales ocasionales.
- Intentar algo con tenacidad o insistencia.
- Besarse con alguien con quien no se tiene una relación sentimental.
- Cortejar a alguien.",https://raw.githubusercontent.com/MariaaPinzon/ImagesEvaluatingMLLM/refs/heads/main/GPT/IdiomsSingleImage/singleImage_entucar.png
SINGLE_1702,entumido,"Referido a una persona o a un miembro de su cuerpo, impedido del movimiento generalmente por el frío.",https://raw.githubusercontent.com/MariaaPinzon/ImagesEvaluatingMLLM/refs/heads/main/GPT/IdiomsSingleImage/singleImage_entumido.png
SINGLE_1703,entuque,"Noviazgo informal, pasajero.",https://raw.githubusercontent.com/MariaaPinzon/ImagesEvaluatingMLLM/refs/heads/main/GPT/IdiomsSingleImage/singleImage_entuque.png
SINGLE_1704,entusado,"Referido a una persona, que está triste y melancólica por haber peleado o terminado con su pareja.",https://raw.githubusercontent.com/MariaaPinzon/ImagesEvaluatingMLLM/refs/heads/main/GPT/IdiomsSingleImage/singleImage_entusado.png
SINGLE_1705,envainar,Meter a alguien en problemas.,https://raw.githubusercontent.com/MariaaPinzon/ImagesEvaluatingMLLM/refs/heads/main/GPT/IdiomsSingleImage/singleImage_envainar.png
SINGLE_1706,enverracar,Enfurecerse.,https://raw.githubusercontent.com/MariaaPinzon/ImagesEvaluatingMLLM/refs/heads/main/GPT/IdiomsSingleImage/singleImage_enverracar.png
SINGLE_1707,enverracarse,enfurecerse,https://raw.githubusercontent.com/MariaaPinzon/ImagesEvaluatingMLLM/refs/heads/main/GPT/IdiomsSingleImage/singleImage_enverracarse.png
SINGLE_1708,enverriondar,"- Llenarse de coraje y valentía.
- Enfurecerse.",https://raw.githubusercontent.com/MariaaPinzon/ImagesEvaluatingMLLM/refs/heads/main/GPT/IdiomsSingleImage/singleImage_enverriondar.png
SINGLE_1709,envolatado,"- Referido a una persona, que está concentrada en una ocupación o tarea.
- Dicho de alguien o algo, que se hace difícil de hallar u obtener.",https://raw.githubusercontent.com/MariaaPinzon/ImagesEvaluatingMLLM/refs/heads/main/GPT/IdiomsSingleImage/singleImage_envolatado.png
SINGLE_1710,envolatar,"- Concentrarse exclusivamente en una ocupación o tarea.
- Distraer, generalmente con el fin de engañar.
- Perder algo que se ha cambiado de sitio y no se tiene memoria de su ubicación.
- Ponerse de mal genio.
- perder transitoriamente algo
- dejar de hacer algo por distracción u otra causa
- Hacer compleja o dilatar la solución de algún asunto",https://raw.githubusercontent.com/MariaaPinzon/ImagesEvaluatingMLLM/refs/heads/main/GPT/IdiomsSingleImage/singleImage_envolatar.png
SINGLE_1711,enyardar,"- Compensar un daño recibido, hundir a alguien.
- Meter a alguien en un problema.
- Hacerle perder un profesor a un estudiante, una materia.",https://raw.githubusercontent.com/MariaaPinzon/ImagesEvaluatingMLLM/refs/heads/main/GPT/IdiomsSingleImage/singleImage_enyardar.png
SINGLE_1712,epa,se usa para animar o para denotar admiración,https://raw.githubusercontent.com/MariaaPinzon/ImagesEvaluatingMLLM/refs/heads/main/GPT/IdiomsSingleImage/singleImage_epa.png
SINGLE_1713,escabrincado,"Referido a una persona, enamorado.",https://raw.githubusercontent.com/MariaaPinzon/ImagesEvaluatingMLLM/refs/heads/main/GPT/IdiomsSingleImage/singleImage_escabrincado.png
SINGLE_1714,escachalandrado,descuidado en el vestir,https://raw.githubusercontent.com/MariaaPinzon/ImagesEvaluatingMLLM/refs/heads/main/GPT/IdiomsSingleImage/singleImage_escachalandrado.png
SINGLE_1715,escalafonar,Clasificar o incluir en un escalafón.,https://raw.githubusercontent.com/MariaaPinzon/ImagesEvaluatingMLLM/refs/heads/main/GPT/IdiomsSingleImage/singleImage_escalafonar.png
SINGLE_1716,escamarse,"Delatarse, dar a conocer algo que se tenía en reserva.",https://raw.githubusercontent.com/MariaaPinzon/ImagesEvaluatingMLLM/refs/heads/main/GPT/IdiomsSingleImage/singleImage_escamarse.png
SINGLE_1717,escampadero,Lugar que sirve para protegerse de la lluvia.,https://raw.githubusercontent.com/MariaaPinzon/ImagesEvaluatingMLLM/refs/heads/main/GPT/IdiomsSingleImage/singleImage_escampadero.png
SINGLE_1718,escampar,Protegerse de la lluvia mientras pasa.,https://raw.githubusercontent.com/MariaaPinzon/ImagesEvaluatingMLLM/refs/heads/main/GPT/IdiomsSingleImage/singleImage_escampar.png
SINGLE_1719,escaparate,Armario donde se guarda ropa o se ponen objetos domésticos.,https://raw.githubusercontent.com/MariaaPinzon/ImagesEvaluatingMLLM/refs/heads/main/GPT/IdiomsSingleImage/singleImage_escaparate.png
SINGLE_1720,escapero,Ladrón que se dedica a robar en almacenes mercancía y esconderla en los bolsos o entre la ropa.,https://raw.githubusercontent.com/MariaaPinzon/ImagesEvaluatingMLLM/refs/heads/main/GPT/IdiomsSingleImage/singleImage_escapero.png
SINGLE_1721,escarapela,Tarjeta de identificación que se da en los eventos a los participantes para reconocerlos.,https://raw.githubusercontent.com/MariaaPinzon/ImagesEvaluatingMLLM/refs/heads/main/GPT/IdiomsSingleImage/singleImage_escarapela.png
SINGLE_1722,escarapelar,"- Desprender el revestimiento de una superficie.
- Caérsele la piel a alguien por quemaduras de sol o por abrasión.",https://raw.githubusercontent.com/MariaaPinzon/ImagesEvaluatingMLLM/refs/heads/main/GPT/IdiomsSingleImage/singleImage_escarapelar.png
SINGLE_1723,escarcha,Polvo brillante que se usa como cosmético o para la elaboración de trabajos manuales.,https://raw.githubusercontent.com/MariaaPinzon/ImagesEvaluatingMLLM/refs/heads/main/GPT/IdiomsSingleImage/singleImage_escarcha.png
SINGLE_1724,escarpín,"Calzado tejido, generalmente en forma de bota, que se pone a los bebés a modo de zapato.",https://raw.githubusercontent.com/MariaaPinzon/ImagesEvaluatingMLLM/refs/heads/main/GPT/IdiomsSingleImage/singleImage_escarp%C3%ADn.png
SINGLE_1725,escobiar,Limpiar o barrer superficialmente.,https://raw.githubusercontent.com/MariaaPinzon/ImagesEvaluatingMLLM/refs/heads/main/GPT/IdiomsSingleImage/singleImage_escobiar.png
SINGLE_1726,escondidas,Juego infantil en el que uno de los participantes sale a buscar a los que se han escondido.,https://raw.githubusercontent.com/MariaaPinzon/ImagesEvaluatingMLLM/refs/heads/main/GPT/IdiomsSingleImage/singleImage_escondidas.png
SINGLE_1727,esculcón,"Referido a alguien, que acostumbra registrar los bolsillos o pertenencias de otro.",https://raw.githubusercontent.com/MariaaPinzon/ImagesEvaluatingMLLM/refs/heads/main/GPT/IdiomsSingleImage/singleImage_esculc%C3%B3n.png
SINGLE_1728,escurrírsele las babas,"dicho de una persona, quedar alelada o encantada ante algo que le gusta o atrae poderosamente",https://raw.githubusercontent.com/MariaaPinzon/ImagesEvaluatingMLLM/refs/heads/main/GPT/IdiomsSingleImage/singleImage_escurr%C3%ADrsele_las_babas.png
SINGLE_1729,esfondarse,"Referido a una cosa, agujerearse el fondo.",https://raw.githubusercontent.com/MariaaPinzon/ImagesEvaluatingMLLM/refs/heads/main/GPT/IdiomsSingleImage/singleImage_esfondarse.png
SINGLE_1730,eslac,Pantalón de mujer ceñido al cuerpo que llega hasta los tobillos.,https://raw.githubusercontent.com/MariaaPinzon/ImagesEvaluatingMLLM/refs/heads/main/GPT/IdiomsSingleImage/singleImage_eslac.png
SINGLE_1731,esmellado,"Referido a una persona, que no tiene la dentadura completa.",https://raw.githubusercontent.com/MariaaPinzon/ImagesEvaluatingMLLM/refs/heads/main/GPT/IdiomsSingleImage/singleImage_esmellado.png
SINGLE_1732,esmenguado,"Referido a una persona, sin fuerzas, débil.",https://raw.githubusercontent.com/MariaaPinzon/ImagesEvaluatingMLLM/refs/heads/main/GPT/IdiomsSingleImage/singleImage_esmenguado.png
SINGLE_1733,esmierdarse,"Caerse, resbalarse.",https://raw.githubusercontent.com/MariaaPinzon/ImagesEvaluatingMLLM/refs/heads/main/GPT/IdiomsSingleImage/singleImage_esmierdarse.png
SINGLE_1734,espantaflojos,Lluvia sutil y constante que pasa rápidamente.,https://raw.githubusercontent.com/MariaaPinzon/ImagesEvaluatingMLLM/refs/heads/main/GPT/IdiomsSingleImage/singleImage_espantaflojos.png
SINGLE_1735,esparachinar,Responder groseramente.,https://raw.githubusercontent.com/MariaaPinzon/ImagesEvaluatingMLLM/refs/heads/main/GPT/IdiomsSingleImage/singleImage_esparachinar.png
SINGLE_1736,espeluznar,Regañar a alguien.,https://raw.githubusercontent.com/MariaaPinzon/ImagesEvaluatingMLLM/refs/heads/main/GPT/IdiomsSingleImage/singleImage_espeluznar.png
SINGLE_1737,espernancarse,abrirse de piernas,https://raw.githubusercontent.com/MariaaPinzon/ImagesEvaluatingMLLM/refs/heads/main/GPT/IdiomsSingleImage/singleImage_espernancarse.png
SINGLE_1738,espichar,"- Presionar un botón o una parte de una máquina, generalmente con la yema de los dedos, para que se active.
- Hacer presión sobre el cuerpo de una persona al encontrarse en una multitud o un espacio reducido.
- Sacar el aire de un neumático.
- Hacer presión sobre algo hasta llegar a aplastarlo o comprimirlo.",https://raw.githubusercontent.com/MariaaPinzon/ImagesEvaluatingMLLM/refs/heads/main/GPT/IdiomsSingleImage/singleImage_espichar.png
SINGLE_1739,espinarse,Atragantarse o lastimarse la boca o garganta con espinas de pescado durante su ingesta.,https://raw.githubusercontent.com/MariaaPinzon/ImagesEvaluatingMLLM/refs/heads/main/GPT/IdiomsSingleImage/singleImage_espinarse.png
SINGLE_1740,espuela,"- calcañar con callo o con alguna infección purulenta
- Pequeño hueso saliente y curvo que poseen algunas aves en la parte baja de sus patas.",https://raw.githubusercontent.com/MariaaPinzon/ImagesEvaluatingMLLM/refs/heads/main/GPT/IdiomsSingleImage/singleImage_espuela.png
SINGLE_1741,espulgar,quitar las pulgas a los animales,https://raw.githubusercontent.com/MariaaPinzon/ImagesEvaluatingMLLM/refs/heads/main/GPT/IdiomsSingleImage/singleImage_espulgar.png
SINGLE_1742,estadero,"Establecimiento ubicado a la orilla de las carreteras en donde se ofrecen comidas y bebidas, especialmente a los viajeros.",https://raw.githubusercontent.com/MariaaPinzon/ImagesEvaluatingMLLM/refs/heads/main/GPT/IdiomsSingleImage/singleImage_estadero.png
SINGLE_1743,estanquillo,Establecimiento comercial en el que solo se vende licor.,https://raw.githubusercontent.com/MariaaPinzon/ImagesEvaluatingMLLM/refs/heads/main/GPT/IdiomsSingleImage/singleImage_estanquillo.png
SINGLE_1744,estantillo,Cada uno de los postes principales que sostienen la estructura de una maloca.,https://raw.githubusercontent.com/MariaaPinzon/ImagesEvaluatingMLLM/refs/heads/main/GPT/IdiomsSingleImage/singleImage_estantillo.png
SINGLE_1745,estar bien parado,gozar de buen nombre o aprecio con alguien o en una entidad,https://raw.githubusercontent.com/MariaaPinzon/ImagesEvaluatingMLLM/refs/heads/main/GPT/IdiomsSingleImage/singleImage_estar_bien_parado.png
SINGLE_1746,estar como un chupo,estar muy cansado,https://raw.githubusercontent.com/MariaaPinzon/ImagesEvaluatingMLLM/refs/heads/main/GPT/IdiomsSingleImage/singleImage_estar_como_un_chupo.png
SINGLE_1747,estar en aulagas,"estar en afanes, aprietos, dificultades",https://raw.githubusercontent.com/MariaaPinzon/ImagesEvaluatingMLLM/refs/heads/main/GPT/IdiomsSingleImage/singleImage_estar_en_aulagas.png
SINGLE_1748,estar en el curubito,ocupar una posición importante,https://raw.githubusercontent.com/MariaaPinzon/ImagesEvaluatingMLLM/refs/heads/main/GPT/IdiomsSingleImage/singleImage_estar_en_el_curubito.png
SINGLE_1749,estar en pinta,estar casi borracho,https://raw.githubusercontent.com/MariaaPinzon/ImagesEvaluatingMLLM/refs/heads/main/GPT/IdiomsSingleImage/singleImage_estar_en_pinta.png
SINGLE_1750,estar esperando,estar embarazada,https://raw.githubusercontent.com/MariaaPinzon/ImagesEvaluatingMLLM/refs/heads/main/GPT/IdiomsSingleImage/singleImage_estar_esperando.png
SINGLE_1751,estar joche,estar retardado para alguna actividad,https://raw.githubusercontent.com/MariaaPinzon/ImagesEvaluatingMLLM/refs/heads/main/GPT/IdiomsSingleImage/singleImage_estar_joche.png
SINGLE_1752,estar mal del chicle,estar mentalmente perturbado,https://raw.githubusercontent.com/MariaaPinzon/ImagesEvaluatingMLLM/refs/heads/main/GPT/IdiomsSingleImage/singleImage_estar_mal_del_chicle.png
SINGLE_1753,estar menopáusico,encontrarse de mal humor,https://raw.githubusercontent.com/MariaaPinzon/ImagesEvaluatingMLLM/refs/heads/main/GPT/IdiomsSingleImage/singleImage_estar_menop%C3%A1usico.png
SINGLE_1754,estar o verse en las delgaditas,encontrarse en aprietos o peligro inminente,https://raw.githubusercontent.com/MariaaPinzon/ImagesEvaluatingMLLM/refs/heads/main/GPT/IdiomsSingleImage/singleImage_estar_o_verse_en_las_delgaditas.png
SINGLE_1755,estar pinta,estar bien vestido,https://raw.githubusercontent.com/MariaaPinzon/ImagesEvaluatingMLLM/refs/heads/main/GPT/IdiomsSingleImage/singleImage_estar_pinta.png
SINGLE_1756,estar podrido o picho en plata,tener mucho dinero,https://raw.githubusercontent.com/MariaaPinzon/ImagesEvaluatingMLLM/refs/heads/main/GPT/IdiomsSingleImage/singleImage_estar_podrido_o_picho_en_plata.png
SINGLE_1757,estar vaciado,"estar de malas, sin dinero, con problemas",https://raw.githubusercontent.com/MariaaPinzon/ImagesEvaluatingMLLM/refs/heads/main/GPT/IdiomsSingleImage/singleImage_estar_vaciado.png
SINGLE_1758,"estar, seguir o mantenerse en su ley","conservar con firmeza usos, costumbres u opiniones",https://raw.githubusercontent.com/MariaaPinzon/ImagesEvaluatingMLLM/refs/heads/main/GPT/IdiomsSingleImage/singleImage_estar__seguir_o_mantenerse_en_su_ley.png
SINGLE_1759,estartazo,"impulso inicial, arranque",https://raw.githubusercontent.com/MariaaPinzon/ImagesEvaluatingMLLM/refs/heads/main/GPT/IdiomsSingleImage/singleImage_estartazo.png
SINGLE_1760,esterilla,"- Instrumento musical compuesto de pequeños tubos de caña de bambú unidos por una cuerda de fique, que suenan al rozarse entre sí.
- Tejido hecho con una fibra vegetal que se usa especialmente para cubrir la superficie de los muebles.",https://raw.githubusercontent.com/MariaaPinzon/ImagesEvaluatingMLLM/refs/heads/main/GPT/IdiomsSingleImage/singleImage_esterilla.png
SINGLE_1761,estero,"humedal, pantano",https://raw.githubusercontent.com/MariaaPinzon/ImagesEvaluatingMLLM/refs/heads/main/GPT/IdiomsSingleImage/singleImage_estero.png
SINGLE_1762,estilógrafo,"Instrumento de escritura o dibujo, provisto de un depósito de tinta y una plumilla.",https://raw.githubusercontent.com/MariaaPinzon/ImagesEvaluatingMLLM/refs/heads/main/GPT/IdiomsSingleImage/singleImage_estil%C3%B3grafo.png
SINGLE_1763,estocharse,"Chocar fuertemente contra algo, estrellarse, especialmente en un vehículo.",https://raw.githubusercontent.com/MariaaPinzon/ImagesEvaluatingMLLM/refs/heads/main/GPT/IdiomsSingleImage/singleImage_estocharse.png
SINGLE_1764,estoraque,"Formación de tierra que toma diferentes figuras a manera de esculturas naturales, labradas por el agua y el viento y endurecidas por el sol.",https://raw.githubusercontent.com/MariaaPinzon/ImagesEvaluatingMLLM/refs/heads/main/GPT/IdiomsSingleImage/singleImage_estoraque.png
SINGLE_1765,estrellada,Choque violento de un vehículo.,https://raw.githubusercontent.com/MariaaPinzon/ImagesEvaluatingMLLM/refs/heads/main/GPT/IdiomsSingleImage/singleImage_estrellada.png
SINGLE_1766,estrellado,"Referido a una persona, equivocada, errada.",https://raw.githubusercontent.com/MariaaPinzon/ImagesEvaluatingMLLM/refs/heads/main/GPT/IdiomsSingleImage/singleImage_estrellado.png
SINGLE_1767,estrellarse,Equivocarse.,https://raw.githubusercontent.com/MariaaPinzon/ImagesEvaluatingMLLM/refs/heads/main/GPT/IdiomsSingleImage/singleImage_estrellarse.png
SINGLE_1768,estrellón,choque fuerte,https://raw.githubusercontent.com/MariaaPinzon/ImagesEvaluatingMLLM/refs/heads/main/GPT/IdiomsSingleImage/singleImage_estrell%C3%B3n.png
SINGLE_1769,estrilar,"Manifestar disconformidad con algo o con alguien, protestar.",https://raw.githubusercontent.com/MariaaPinzon/ImagesEvaluatingMLLM/refs/heads/main/GPT/IdiomsSingleImage/singleImage_estrilar.png
SINGLE_1770,estripar,"- Hacer presión sobre el cuerpo de una persona al encontrarse en una multitud o un espacio reducido.
- Hacer presión sobre algo hasta llegar a aplastarlo o comprimirlo.",https://raw.githubusercontent.com/MariaaPinzon/ImagesEvaluatingMLLM/refs/heads/main/GPT/IdiomsSingleImage/singleImage_estripar.png
SINGLE_1771,estriptisero,"Persona que en un espectáculo público o privado, baila sensualmente al tiempo que se quita poco a poco la ropa.",https://raw.githubusercontent.com/MariaaPinzon/ImagesEvaluatingMLLM/refs/heads/main/GPT/IdiomsSingleImage/singleImage_estriptisero.png
SINGLE_1772,estropeo,Golpiza que recibe una persona o un animal.,https://raw.githubusercontent.com/MariaaPinzon/ImagesEvaluatingMLLM/refs/heads/main/GPT/IdiomsSingleImage/singleImage_estropeo.png
SINGLE_1773,estrén,Prenda de vestir que se estrena.,https://raw.githubusercontent.com/MariaaPinzon/ImagesEvaluatingMLLM/refs/heads/main/GPT/IdiomsSingleImage/singleImage_estr%C3%A9n.png
SINGLE_1774,exequibilidad,"En el ámbito jurídico, proceso mediante el cual la Corte Constitucional aprueba una norma o un proyecto de ley, de acuerdo con la Constitución.",https://raw.githubusercontent.com/MariaaPinzon/ImagesEvaluatingMLLM/refs/heads/main/GPT/IdiomsSingleImage/singleImage_exequibilidad.png
SINGLE_1775,faculto,"Referido a una persona, hábil o experto en una actividad.",https://raw.githubusercontent.com/MariaaPinzon/ImagesEvaluatingMLLM/refs/heads/main/GPT/IdiomsSingleImage/singleImage_faculto.png
SINGLE_1776,fajarse,desarrollar una actividad o tarea con éxito y brillantez,https://raw.githubusercontent.com/MariaaPinzon/ImagesEvaluatingMLLM/refs/heads/main/GPT/IdiomsSingleImage/singleImage_fajarse.png
SINGLE_1777,faldudo,"Referido a un terreno, empinado, inclinado, pendiente.",https://raw.githubusercontent.com/MariaaPinzon/ImagesEvaluatingMLLM/refs/heads/main/GPT/IdiomsSingleImage/singleImage_faldudo.png
SINGLE_1778,falencia,Privación de algo.,https://raw.githubusercontent.com/MariaaPinzon/ImagesEvaluatingMLLM/refs/heads/main/GPT/IdiomsSingleImage/singleImage_falencia.png
SINGLE_1779,falla,"- señal con que se indica la falta en la lista de alumnos
- en los planteles escolares, falta de un alumno a clase",https://raw.githubusercontent.com/MariaaPinzon/ImagesEvaluatingMLLM/refs/heads/main/GPT/IdiomsSingleImage/singleImage_falla.png
SINGLE_1780,faltante,Cantidad de dinero que falta al hacer el conteo de la caja al final de una jornada laboral.,https://raw.githubusercontent.com/MariaaPinzon/ImagesEvaluatingMLLM/refs/heads/main/GPT/IdiomsSingleImage/singleImage_faltante.png
SINGLE_1781,faltonear,Incumplir las promesas hechas o los deberes adquiridos.,https://raw.githubusercontent.com/MariaaPinzon/ImagesEvaluatingMLLM/refs/heads/main/GPT/IdiomsSingleImage/singleImage_faltonear.png
SINGLE_1782,fara,"Mamífero marsupial parecido a la rata, de orejas negras, hocico largo y puntiagudo y cola larga y gruesa.",https://raw.githubusercontent.com/MariaaPinzon/ImagesEvaluatingMLLM/refs/heads/main/GPT/IdiomsSingleImage/singleImage_fara.png
SINGLE_1783,faramallero,"Referido a una persona, presumida, jactanciosa.",https://raw.githubusercontent.com/MariaaPinzon/ImagesEvaluatingMLLM/refs/heads/main/GPT/IdiomsSingleImage/singleImage_faramallero.png
SINGLE_1784,farrear,Irse o estar de fiesta.,https://raw.githubusercontent.com/MariaaPinzon/ImagesEvaluatingMLLM/refs/heads/main/GPT/IdiomsSingleImage/singleImage_farrear.png
SINGLE_1785,farto,"Referido a una persona, complicada.",https://raw.githubusercontent.com/MariaaPinzon/ImagesEvaluatingMLLM/refs/heads/main/GPT/IdiomsSingleImage/singleImage_farto.png
SINGLE_1786,fatuto,"- Referido a una persona, que es arquetipo de su origen étnico o social.
- Referido a una persona, especialmente con respecto a su origen étnico o social, que se considera inferior, despreciable.
- dicho de una persona, auténtica, pura",https://raw.githubusercontent.com/MariaaPinzon/ImagesEvaluatingMLLM/refs/heads/main/GPT/IdiomsSingleImage/singleImage_fatuto.png
SINGLE_1787,faul,"En deportes de contacto físico, trasgresión de una norma consistente en la entrada violenta de un jugador contra un rival.",https://raw.githubusercontent.com/MariaaPinzon/ImagesEvaluatingMLLM/refs/heads/main/GPT/IdiomsSingleImage/singleImage_faul.png
SINGLE_1788,feo,Mostrarle desagrado o desaprobación a alguien o a algo.,https://raw.githubusercontent.com/MariaaPinzon/ImagesEvaluatingMLLM/refs/heads/main/GPT/IdiomsSingleImage/singleImage_feo.png
SINGLE_1789,ficho,Pieza pequeña a la que se le asigna un valor convencional para controlar el turno en determinados lugares.,https://raw.githubusercontent.com/MariaaPinzon/ImagesEvaluatingMLLM/refs/heads/main/GPT/IdiomsSingleImage/singleImage_ficho.png
SINGLE_1790,fichuria,conjunto de menudencias de cabrito y oveja,https://raw.githubusercontent.com/MariaaPinzon/ImagesEvaluatingMLLM/refs/heads/main/GPT/IdiomsSingleImage/singleImage_fichuria.png
SINGLE_1791,fiero,Jactarse o presumir de algo que se posee.,https://raw.githubusercontent.com/MariaaPinzon/ImagesEvaluatingMLLM/refs/heads/main/GPT/IdiomsSingleImage/singleImage_fiero.png
SINGLE_1792,fierro,revólver,https://raw.githubusercontent.com/MariaaPinzon/ImagesEvaluatingMLLM/refs/heads/main/GPT/IdiomsSingleImage/singleImage_fierro.png
SINGLE_1793,fiestear,Estar o irse de fiesta.,https://raw.githubusercontent.com/MariaaPinzon/ImagesEvaluatingMLLM/refs/heads/main/GPT/IdiomsSingleImage/singleImage_fiestear.png
SINGLE_1794,fifirichas,"- dicho de una persona, que le gusta aparentar
- que presume de gracioso",https://raw.githubusercontent.com/MariaaPinzon/ImagesEvaluatingMLLM/refs/heads/main/GPT/IdiomsSingleImage/singleImage_fifirichas.png
SINGLE_1795,filimisco,"Referido a una persona, complicada, especialmente para comer.",https://raw.githubusercontent.com/MariaaPinzon/ImagesEvaluatingMLLM/refs/heads/main/GPT/IdiomsSingleImage/singleImage_filimisco.png
SINGLE_1796,filipichín,"Hombre que ejerce el derecho, sin tener estudios formales para hacerlo.",https://raw.githubusercontent.com/MariaaPinzon/ImagesEvaluatingMLLM/refs/heads/main/GPT/IdiomsSingleImage/singleImage_filipich%C3%ADn.png
SINGLE_1797,fincho,Fin de semana.,https://raw.githubusercontent.com/MariaaPinzon/ImagesEvaluatingMLLM/refs/heads/main/GPT/IdiomsSingleImage/singleImage_fincho.png
SINGLE_1798,finquero,Propietario de una finca.,https://raw.githubusercontent.com/MariaaPinzon/ImagesEvaluatingMLLM/refs/heads/main/GPT/IdiomsSingleImage/singleImage_finquero.png
SINGLE_1799,fisicoculturismo,"Práctica sistemática de ejercicios gimnásticos y de hábitos alimenticios, que al realizarlos en conjunto desarrollan los músculos del cuerpo.",https://raw.githubusercontent.com/MariaaPinzon/ImagesEvaluatingMLLM/refs/heads/main/GPT/IdiomsSingleImage/singleImage_fisicoculturismo.png
SINGLE_1800,fisto,"- pene
- varilla de acero para cargar una escopeta de pistón con balines y pólvora",https://raw.githubusercontent.com/MariaaPinzon/ImagesEvaluatingMLLM/refs/heads/main/GPT/IdiomsSingleImage/singleImage_fisto.png
SINGLE_1801,fisurarse,Quebrarse o agrietarse una cosa.,https://raw.githubusercontent.com/MariaaPinzon/ImagesEvaluatingMLLM/refs/heads/main/GPT/IdiomsSingleImage/singleImage_fisurarse.png
SINGLE_1802,flacuchento,"Referido a una persona, de contextura delgada y frágil.",https://raw.githubusercontent.com/MariaaPinzon/ImagesEvaluatingMLLM/refs/heads/main/GPT/IdiomsSingleImage/singleImage_flacuchento.png
SINGLE_1803,flechudo,"Referido al cabello, liso, grueso y rígido.",https://raw.githubusercontent.com/MariaaPinzon/ImagesEvaluatingMLLM/refs/heads/main/GPT/IdiomsSingleImage/singleImage_flechudo.png
SINGLE_1804,fleco,Destrozar completamente algo.,https://raw.githubusercontent.com/MariaaPinzon/ImagesEvaluatingMLLM/refs/heads/main/GPT/IdiomsSingleImage/singleImage_fleco.png
SINGLE_1805,fleteo,"Modalidad de robo en la que los asaltantes siguen a su víctima dentro de una entidad bancaria, para luego asaltarla en forma violenta y despojarla del dinero retirado.",https://raw.githubusercontent.com/MariaaPinzon/ImagesEvaluatingMLLM/refs/heads/main/GPT/IdiomsSingleImage/singleImage_fleteo.png
SINGLE_1806,fletero,"Delincuente que asalta a la víctima de forma violenta, previo seguimiento y lo despoja del dinero que acaba de retirar de una entidad bancaria.",https://raw.githubusercontent.com/MariaaPinzon/ImagesEvaluatingMLLM/refs/heads/main/GPT/IdiomsSingleImage/singleImage_fletero.png
SINGLE_1807,floja de baticola,"dicho de una mujer, que es fácilmente asequible a las insinuaciones amorosas",https://raw.githubusercontent.com/MariaaPinzon/ImagesEvaluatingMLLM/refs/heads/main/GPT/IdiomsSingleImage/singleImage_floja_de_baticola.png
SINGLE_1808,flojo del estómago,que padece diarrea,https://raw.githubusercontent.com/MariaaPinzon/ImagesEvaluatingMLLM/refs/heads/main/GPT/IdiomsSingleImage/singleImage_flojo_del_est%C3%B3mago.png
SINGLE_1809,floripondio,"Hombre amanerado, afeminado.",https://raw.githubusercontent.com/MariaaPinzon/ImagesEvaluatingMLLM/refs/heads/main/GPT/IdiomsSingleImage/singleImage_floripondio.png
SINGLE_1810,flux,"Traje masculino elegante, hecho generalmente de paño y compuesto de saco, pantalón y chaleco.",https://raw.githubusercontent.com/MariaaPinzon/ImagesEvaluatingMLLM/refs/heads/main/GPT/IdiomsSingleImage/singleImage_flux.png
SINGLE_1811,foforro,Fiesta muy animada con bebidas alcohólicas.,https://raw.githubusercontent.com/MariaaPinzon/ImagesEvaluatingMLLM/refs/heads/main/GPT/IdiomsSingleImage/singleImage_foforro.png
SINGLE_1812,foguearse,"Referido a un deporte, entrenarse con otros equipos antes de la competencia para analizar el nivel en que se encuentra.",https://raw.githubusercontent.com/MariaaPinzon/ImagesEvaluatingMLLM/refs/heads/main/GPT/IdiomsSingleImage/singleImage_foguearse.png
SINGLE_1813,fogón,"Dentro de una maloca, espacio que se considera propio de lo femenino y de las labores domésticas.",https://raw.githubusercontent.com/MariaaPinzon/ImagesEvaluatingMLLM/refs/heads/main/GPT/IdiomsSingleImage/singleImage_fog%C3%B3n.png
SINGLE_1814,fomi,"Láminas de un material industrial sintético y esponjoso, de poco grosor y diversos colores, que se usan para hacer distintas figuras, especialmente manualidades.",https://raw.githubusercontent.com/MariaaPinzon/ImagesEvaluatingMLLM/refs/heads/main/GPT/IdiomsSingleImage/singleImage_fomi.png
SINGLE_1815,fonda,"Establecimiento público en donde se expenden productos básicos, se escucha música y se ingieren bebidas alcohólicas.",https://raw.githubusercontent.com/MariaaPinzon/ImagesEvaluatingMLLM/refs/heads/main/GPT/IdiomsSingleImage/singleImage_fonda.png
SINGLE_1816,fondismo,"En atletismo y en hípica, actividad en la que se realizan carreras de medio y largo recorrido.",https://raw.githubusercontent.com/MariaaPinzon/ImagesEvaluatingMLLM/refs/heads/main/GPT/IdiomsSingleImage/singleImage_fondismo.png
SINGLE_1817,foqueada,Acto de dormir.,https://raw.githubusercontent.com/MariaaPinzon/ImagesEvaluatingMLLM/refs/heads/main/GPT/IdiomsSingleImage/singleImage_foqueada.png
SINGLE_1818,forcha,"Bebida espumosa que se prepara con maíz de trigo, panela y azúcar.",https://raw.githubusercontent.com/MariaaPinzon/ImagesEvaluatingMLLM/refs/heads/main/GPT/IdiomsSingleImage/singleImage_forcha.png
SINGLE_1819,formaleta,Estructura de madera o acero que funciona como molde para construir muros de tierra pisada o columnas de concreto.,https://raw.githubusercontent.com/MariaaPinzon/ImagesEvaluatingMLLM/refs/heads/main/GPT/IdiomsSingleImage/singleImage_formaleta.png
SINGLE_1820,forrear,"Sacar fuertemente el aire por la nariz una caballería, especialmente cuando el animal está asustado.",https://raw.githubusercontent.com/MariaaPinzon/ImagesEvaluatingMLLM/refs/heads/main/GPT/IdiomsSingleImage/singleImage_forrear.png
SINGLE_1821,fosforera,encendedor de bolsillo,https://raw.githubusercontent.com/MariaaPinzon/ImagesEvaluatingMLLM/refs/heads/main/GPT/IdiomsSingleImage/singleImage_fosforera.png
SINGLE_1822,franela,"Prenda interior masculina de tela liviana, manga corta y cuello redondo o en ve.",https://raw.githubusercontent.com/MariaaPinzon/ImagesEvaluatingMLLM/refs/heads/main/GPT/IdiomsSingleImage/singleImage_franela.png
SINGLE_1823,fregadera,"Molestia, incomodidad permanente  que se le causa a alguien.",https://raw.githubusercontent.com/MariaaPinzon/ImagesEvaluatingMLLM/refs/heads/main/GPT/IdiomsSingleImage/singleImage_fregadera.png
SINGLE_1824,fregantina,"Molestia, incomodidad permanente  que se le causa a alguien.",https://raw.githubusercontent.com/MariaaPinzon/ImagesEvaluatingMLLM/refs/heads/main/GPT/IdiomsSingleImage/singleImage_fregantina.png
SINGLE_1825,fregón,"impertinente, molesto, fastidioso",https://raw.githubusercontent.com/MariaaPinzon/ImagesEvaluatingMLLM/refs/heads/main/GPT/IdiomsSingleImage/singleImage_freg%C3%B3n.png
SINGLE_1826,frenillo,Aparato odontológico que se utiliza para corregir la posición o malformación de los dientes.,https://raw.githubusercontent.com/MariaaPinzon/ImagesEvaluatingMLLM/refs/heads/main/GPT/IdiomsSingleImage/singleImage_frenillo.png
SINGLE_1827,fresco,"- Bebida refrescante de diversos sabores, generalmente envasada en botella o en lata.
- Se usa para decirle a alguien que mantenga la calma, que no se preocupe.",https://raw.githubusercontent.com/MariaaPinzon/ImagesEvaluatingMLLM/refs/heads/main/GPT/IdiomsSingleImage/singleImage_fresco.png
SINGLE_1828,friaje,"Periodo del año, de cuatro a siete días de duración, en que se presentan descensos de entre 15 a 20 grados centígrados en la temperatura promedio de la Amazonía.",https://raw.githubusercontent.com/MariaaPinzon/ImagesEvaluatingMLLM/refs/heads/main/GPT/IdiomsSingleImage/singleImage_friaje.png
SINGLE_1829,friquiado,"- Referido a una persona, encontrarse mal, física o económicamente
- Referido a una persona, sorprenderse ante un evento.",https://raw.githubusercontent.com/MariaaPinzon/ImagesEvaluatingMLLM/refs/heads/main/GPT/IdiomsSingleImage/singleImage_friquiado.png
SINGLE_1830,friquimondi,"Referido a una persona, que está sin dinero.",https://raw.githubusercontent.com/MariaaPinzon/ImagesEvaluatingMLLM/refs/heads/main/GPT/IdiomsSingleImage/singleImage_friquimondi.png
SINGLE_1831,fritanguero,"- Persona que vende fritanga.
- Persona que vende fritos.",https://raw.githubusercontent.com/MariaaPinzon/ImagesEvaluatingMLLM/refs/heads/main/GPT/IdiomsSingleImage/singleImage_fritanguero.png
SINGLE_1832,frititi,Sofrito de tomate con cebolla.,https://raw.githubusercontent.com/MariaaPinzon/ImagesEvaluatingMLLM/refs/heads/main/GPT/IdiomsSingleImage/singleImage_frititi.png
SINGLE_1833,"frito, ta","Referido a una persona, que debe pagar una condena muy alta bien en la cárcel o con dinero.",https://raw.githubusercontent.com/MariaaPinzon/ImagesEvaluatingMLLM/refs/heads/main/GPT/IdiomsSingleImage/singleImage_frito__ta.png
SINGLE_1834,frondio,"Referido a una cosa, desagradable, de mal gusto.",https://raw.githubusercontent.com/MariaaPinzon/ImagesEvaluatingMLLM/refs/heads/main/GPT/IdiomsSingleImage/singleImage_frondio.png
SINGLE_1835,frío,Sentir admiración y asombro paralizantes.,https://raw.githubusercontent.com/MariaaPinzon/ImagesEvaluatingMLLM/refs/heads/main/GPT/IdiomsSingleImage/singleImage_fr%C3%ADo.png
SINGLE_1836,fucha,"pelea, gresca",https://raw.githubusercontent.com/MariaaPinzon/ImagesEvaluatingMLLM/refs/heads/main/GPT/IdiomsSingleImage/singleImage_fucha.png
SINGLE_1837,fucú,Mala suerte.,https://raw.githubusercontent.com/MariaaPinzon/ImagesEvaluatingMLLM/refs/heads/main/GPT/IdiomsSingleImage/singleImage_fuc%C3%BA.png
SINGLE_1838,fuetazo,latigazo,https://raw.githubusercontent.com/MariaaPinzon/ImagesEvaluatingMLLM/refs/heads/main/GPT/IdiomsSingleImage/singleImage_fuetazo.png
SINGLE_1839,fuetera,tanda de azotes,https://raw.githubusercontent.com/MariaaPinzon/ImagesEvaluatingMLLM/refs/heads/main/GPT/IdiomsSingleImage/singleImage_fuetera.png
SINGLE_1840,fufa,Prostituta.,https://raw.githubusercontent.com/MariaaPinzon/ImagesEvaluatingMLLM/refs/heads/main/GPT/IdiomsSingleImage/singleImage_fufa.png
SINGLE_1841,fufurufa,"- Prostituta
- prostituta",https://raw.githubusercontent.com/MariaaPinzon/ImagesEvaluatingMLLM/refs/heads/main/GPT/IdiomsSingleImage/singleImage_fufurufa.png
SINGLE_1842,fular,"Cargador para bebés que consiste en una tela, generalmente elástica, que permite sostener al niño envolviéndolo sobre el cuerpo de quien lo carga.",https://raw.githubusercontent.com/MariaaPinzon/ImagesEvaluatingMLLM/refs/heads/main/GPT/IdiomsSingleImage/singleImage_fular.png
SINGLE_1843,fundingue,"Festejo, alegría.",https://raw.githubusercontent.com/MariaaPinzon/ImagesEvaluatingMLLM/refs/heads/main/GPT/IdiomsSingleImage/singleImage_fundingue.png
SINGLE_1844,furgón,"Automóvil grande que cuenta con un espacio amplio en su parte posterior para transportar mercancía, muebles o equipajes.",https://raw.githubusercontent.com/MariaaPinzon/ImagesEvaluatingMLLM/refs/heads/main/GPT/IdiomsSingleImage/singleImage_furg%C3%B3n.png
SINGLE_1845,furrusca,Alboroto ocasionado por personas que discuten airadamente.,https://raw.githubusercontent.com/MariaaPinzon/ImagesEvaluatingMLLM/refs/heads/main/GPT/IdiomsSingleImage/singleImage_furrusca.png
SINGLE_1846,furuminga,"enredo, confusión, lío",https://raw.githubusercontent.com/MariaaPinzon/ImagesEvaluatingMLLM/refs/heads/main/GPT/IdiomsSingleImage/singleImage_furuminga.png
SINGLE_1847,fuñir,"- embromarse, perjudicarse
- molestar, importunar",https://raw.githubusercontent.com/MariaaPinzon/ImagesEvaluatingMLLM/refs/heads/main/GPT/IdiomsSingleImage/singleImage_fu%C3%B1ir.png
SINGLE_1848,fútbol,"Fútbol practicado entre dos equipos de cinco jugadores, en una cancha reducida y de suelo duro.",https://raw.githubusercontent.com/MariaaPinzon/ImagesEvaluatingMLLM/refs/heads/main/GPT/IdiomsSingleImage/singleImage_f%C3%BAtbol.png
SINGLE_1849,gabela,Provecho que se obtiene de alguna actividad.,https://raw.githubusercontent.com/MariaaPinzon/ImagesEvaluatingMLLM/refs/heads/main/GPT/IdiomsSingleImage/singleImage_gabela.png
SINGLE_1850,gabán,"Prenda abrigada y gruesa de manga larga, que se usa sobre las demás prendas de vestir y es más corta que un abrigo.",https://raw.githubusercontent.com/MariaaPinzon/ImagesEvaluatingMLLM/refs/heads/main/GPT/IdiomsSingleImage/singleImage_gab%C3%A1n.png
SINGLE_1851,gacha,"Especie de cacerola hecha de aluminio, en la que se fríen los alimentos.",https://raw.githubusercontent.com/MariaaPinzon/ImagesEvaluatingMLLM/refs/heads/main/GPT/IdiomsSingleImage/singleImage_gacha.png
SINGLE_1852,gacho,"Referido a una persona, que tiene joroba.",https://raw.githubusercontent.com/MariaaPinzon/ImagesEvaluatingMLLM/refs/heads/main/GPT/IdiomsSingleImage/singleImage_gacho.png
SINGLE_1853,gadejo,Ganas de joder.,https://raw.githubusercontent.com/MariaaPinzon/ImagesEvaluatingMLLM/refs/heads/main/GPT/IdiomsSingleImage/singleImage_gadejo.png
SINGLE_1854,gafufo,"Referido a una persona, que usa anteojos o gafas.",https://raw.githubusercontent.com/MariaaPinzon/ImagesEvaluatingMLLM/refs/heads/main/GPT/IdiomsSingleImage/singleImage_gafufo.png
SINGLE_1855,gaita,"- La que tiene dos orificios digitales en su parte inferior, y sirve para marcar el compás.
- La que tiene cinco orificios digitales en su cuerpo, y se usa para llevar la melodía.
- especie de flauta vertical confeccionada con largos fotutos del corazón del cardón y en el extremo superior tiene adaptada una ocarina de cera de abeja y polvo de carbón vegetal",https://raw.githubusercontent.com/MariaaPinzon/ImagesEvaluatingMLLM/refs/heads/main/GPT/IdiomsSingleImage/singleImage_gaita.png
SINGLE_1856,gaja,gajo de plátanos adheridos que forman parte de un racimo,https://raw.githubusercontent.com/MariaaPinzon/ImagesEvaluatingMLLM/refs/heads/main/GPT/IdiomsSingleImage/singleImage_gaja.png
SINGLE_1857,gajo,"- Tallo que se introduce en la tierra como forma de reproducción de algunas plantas.
- Mechón semiondulado de cabello.",https://raw.githubusercontent.com/MariaaPinzon/ImagesEvaluatingMLLM/refs/heads/main/GPT/IdiomsSingleImage/singleImage_gajo.png
SINGLE_1858,galambeado,"En el dominó, referido a un jugador, que no tiene un juego consistente, que cambia de repente y desorienta a los demás.",https://raw.githubusercontent.com/MariaaPinzon/ImagesEvaluatingMLLM/refs/heads/main/GPT/IdiomsSingleImage/singleImage_galambeado.png
SINGLE_1859,galambear,"En el dominó, jugar de forma inconsistente, variable, desorientando a los demás participantes.",https://raw.githubusercontent.com/MariaaPinzon/ImagesEvaluatingMLLM/refs/heads/main/GPT/IdiomsSingleImage/singleImage_galambear.png
SINGLE_1860,galapaguero,"Referido a una caballería, muy mansa, bien adiestrada.",https://raw.githubusercontent.com/MariaaPinzon/ImagesEvaluatingMLLM/refs/heads/main/GPT/IdiomsSingleImage/singleImage_galapaguero.png
SINGLE_1861,galemba,Plaza de mercado.,https://raw.githubusercontent.com/MariaaPinzon/ImagesEvaluatingMLLM/refs/heads/main/GPT/IdiomsSingleImage/singleImage_galemba.png
SINGLE_1862,galembero,"Referido a una persona, ordinaria y escandalosa.",https://raw.githubusercontent.com/MariaaPinzon/ImagesEvaluatingMLLM/refs/heads/main/GPT/IdiomsSingleImage/singleImage_galembero.png
SINGLE_1863,galerón,"- baile popular en parejas, en que el varón y la mujer tratan de atraerse mutuamente. al compás del baile suelen cantarse cuartetas y seguidillas
- Ritmo musical en el que se cantan cuartetas o seguidillas en rima consonántica.",https://raw.githubusercontent.com/MariaaPinzon/ImagesEvaluatingMLLM/refs/heads/main/GPT/IdiomsSingleImage/singleImage_galer%C3%B3n.png
SINGLE_1864,galguear,"Comer algo liviano y, generalmente, poco nutritivo entre comidas.",https://raw.githubusercontent.com/MariaaPinzon/ImagesEvaluatingMLLM/refs/heads/main/GPT/IdiomsSingleImage/singleImage_galguear.png
SINGLE_1865,galguería,Alimento ligero y generalmente poco nutritivo que se come entre comidas.,https://raw.githubusercontent.com/MariaaPinzon/ImagesEvaluatingMLLM/refs/heads/main/GPT/IdiomsSingleImage/singleImage_galguer%C3%ADa.png
SINGLE_1866,gallinacear,buscar conquistas amorosas,https://raw.githubusercontent.com/MariaaPinzon/ImagesEvaluatingMLLM/refs/heads/main/GPT/IdiomsSingleImage/singleImage_gallinacear.png
SINGLE_1867,gallinaceo,Coquetear un hombre a una mujer.,https://raw.githubusercontent.com/MariaaPinzon/ImagesEvaluatingMLLM/refs/heads/main/GPT/IdiomsSingleImage/singleImage_gallinaceo.png
SINGLE_1868,gallito,Persona inclinada a las peleas y discusiones.,https://raw.githubusercontent.com/MariaaPinzon/ImagesEvaluatingMLLM/refs/heads/main/GPT/IdiomsSingleImage/singleImage_gallito.png
SINGLE_1869,gallo,"- Clítoris
- defecto técnico de un vehículo
- Tarea que presenta mucha dificultad.
- Juego de accesorios como los elementos cromados, rines de lujo, luces halógenas que se ponen a los carros para adornarlos.",https://raw.githubusercontent.com/MariaaPinzon/ImagesEvaluatingMLLM/refs/heads/main/GPT/IdiomsSingleImage/singleImage_gallo.png
SINGLE_1870,galápago,"- Sillín de la bicicleta.
- silla de montar en la que cabalgan las mujeres",https://raw.githubusercontent.com/MariaaPinzon/ImagesEvaluatingMLLM/refs/heads/main/GPT/IdiomsSingleImage/singleImage_gal%C3%A1pago.png
SINGLE_1871,gambeta,"En fútbol, jugada en la que se esquivan los rivales con cambios rápidos en el movimiento.",https://raw.githubusercontent.com/MariaaPinzon/ImagesEvaluatingMLLM/refs/heads/main/GPT/IdiomsSingleImage/singleImage_gambeta.png
SINGLE_1872,gambeteador,"En fútbol, jugador que esquiva a los contrincantes con movimientos rápidos.",https://raw.githubusercontent.com/MariaaPinzon/ImagesEvaluatingMLLM/refs/heads/main/GPT/IdiomsSingleImage/singleImage_gambeteador.png
SINGLE_1873,gambetear,"- En fútbol, moverse rápidamente y cambiando de dirección con el fin de evitar que el contrincante tome el balón.
- Evadir obstáculos o inconvenientes.",https://raw.githubusercontent.com/MariaaPinzon/ImagesEvaluatingMLLM/refs/heads/main/GPT/IdiomsSingleImage/singleImage_gambetear.png
SINGLE_1874,gamonal,Persona que tiene mucha influencia política en los pueblos y provincias.,https://raw.githubusercontent.com/MariaaPinzon/ImagesEvaluatingMLLM/refs/heads/main/GPT/IdiomsSingleImage/singleImage_gamonal.png
SINGLE_1875,gamín,"Persona grosera, agresiva y de modales toscos.",https://raw.githubusercontent.com/MariaaPinzon/ImagesEvaluatingMLLM/refs/heads/main/GPT/IdiomsSingleImage/singleImage_gam%C3%ADn.png
SINGLE_1876,garabato,"- Persona muy delgada.
- Palo con una horquilla en la punta que se usa para separar la maleza que se corta con el machete.",https://raw.githubusercontent.com/MariaaPinzon/ImagesEvaluatingMLLM/refs/heads/main/GPT/IdiomsSingleImage/singleImage_garabato.png
SINGLE_1877,garlancha,"Pala, herramienta formada por una plancha rectangular sujeta a un mango cilíndrico y largo, que se usa para cavar, trasladar o recoger algo.",https://raw.githubusercontent.com/MariaaPinzon/ImagesEvaluatingMLLM/refs/heads/main/GPT/IdiomsSingleImage/singleImage_garlancha.png
SINGLE_1878,garlar,Hablar.,https://raw.githubusercontent.com/MariaaPinzon/ImagesEvaluatingMLLM/refs/heads/main/GPT/IdiomsSingleImage/singleImage_garlar.png
SINGLE_1879,garlero,"Referido a una persona, que habla demasiado.",https://raw.githubusercontent.com/MariaaPinzon/ImagesEvaluatingMLLM/refs/heads/main/GPT/IdiomsSingleImage/singleImage_garlero.png
SINGLE_1880,garoso,"Referido a una persona o un animal, que come en forma abundante y desordenada.",https://raw.githubusercontent.com/MariaaPinzon/ImagesEvaluatingMLLM/refs/heads/main/GPT/IdiomsSingleImage/singleImage_garoso.png
SINGLE_1881,garroteada,paliza,https://raw.githubusercontent.com/MariaaPinzon/ImagesEvaluatingMLLM/refs/heads/main/GPT/IdiomsSingleImage/singleImage_garroteada.png
SINGLE_1882,garrotera,Riña en la que se forma gran algarabía.,https://raw.githubusercontent.com/MariaaPinzon/ImagesEvaluatingMLLM/refs/heads/main/GPT/IdiomsSingleImage/singleImage_garrotera.png
SINGLE_1883,garruchento,"que solo tiene garra o que es muy flaco, flacuchento",https://raw.githubusercontent.com/MariaaPinzon/ImagesEvaluatingMLLM/refs/heads/main/GPT/IdiomsSingleImage/singleImage_garruchento.png
SINGLE_1884,gaseosa,"Bebida refrescante de diversos sabores, generalmente envasada en botella o en lata.",https://raw.githubusercontent.com/MariaaPinzon/ImagesEvaluatingMLLM/refs/heads/main/GPT/IdiomsSingleImage/singleImage_gaseosa.png
SINGLE_1885,gasimba,"Bebida refrescante de diversos sabores, generalmente envasada en botella o en lata.",https://raw.githubusercontent.com/MariaaPinzon/ImagesEvaluatingMLLM/refs/heads/main/GPT/IdiomsSingleImage/singleImage_gasimba.png
SINGLE_1886,gastar pólvora en gallinazos,emplear esfuerzos en asuntos sin importancia,https://raw.githubusercontent.com/MariaaPinzon/ImagesEvaluatingMLLM/refs/heads/main/GPT/IdiomsSingleImage/singleImage_gastar_p%C3%B3lvora_en_gallinazos.png
SINGLE_1887,gavera,Molde para hacer ladrillos o tejas.,https://raw.githubusercontent.com/MariaaPinzon/ImagesEvaluatingMLLM/refs/heads/main/GPT/IdiomsSingleImage/singleImage_gavera.png
SINGLE_1888,gavilla,pandilla,https://raw.githubusercontent.com/MariaaPinzon/ImagesEvaluatingMLLM/refs/heads/main/GPT/IdiomsSingleImage/singleImage_gavilla.png
SINGLE_1889,gazapera,Alboroto o escándalo generalmente producido por una disputa o altercado.,https://raw.githubusercontent.com/MariaaPinzon/ImagesEvaluatingMLLM/refs/heads/main/GPT/IdiomsSingleImage/singleImage_gazapera.png
SINGLE_1890,gaznapatada,Golpe que se da con el pie en la mejilla de una persona.,https://raw.githubusercontent.com/MariaaPinzon/ImagesEvaluatingMLLM/refs/heads/main/GPT/IdiomsSingleImage/singleImage_gaznapatada.png
SINGLE_1891,geba,Novia o amante joven.,https://raw.githubusercontent.com/MariaaPinzon/ImagesEvaluatingMLLM/refs/heads/main/GPT/IdiomsSingleImage/singleImage_geba.png
SINGLE_1892,gis,Tiza blanca que se usa para escribir o dibujar sobre diversas superficies.,https://raw.githubusercontent.com/MariaaPinzon/ImagesEvaluatingMLLM/refs/heads/main/GPT/IdiomsSingleImage/singleImage_gis.png
SINGLE_1893,glaxo,"- Hombre bien vestido que se preocupa exageradamente por su apariencia personal.
- individuo elegante en el vestir y en las maneras",https://raw.githubusercontent.com/MariaaPinzon/ImagesEvaluatingMLLM/refs/heads/main/GPT/IdiomsSingleImage/singleImage_glaxo.png
SINGLE_1894,gloria,Juego infantil que consiste en lanzar una piedra sobre un recorrido trazado en el suelo y luego saltar en un solo pie sobre el trazado para recoger la piedra.,https://raw.githubusercontent.com/MariaaPinzon/ImagesEvaluatingMLLM/refs/heads/main/GPT/IdiomsSingleImage/singleImage_gloria.png
SINGLE_1895,gocetas,"Persona muy alegre y extrovertida, que disfruta en todo momento.",https://raw.githubusercontent.com/MariaaPinzon/ImagesEvaluatingMLLM/refs/heads/main/GPT/IdiomsSingleImage/singleImage_gocetas.png
SINGLE_1896,gocho,"Referido a una persona o animal, sin orejas o que le falta una oreja.",https://raw.githubusercontent.com/MariaaPinzon/ImagesEvaluatingMLLM/refs/heads/main/GPT/IdiomsSingleImage/singleImage_gocho.png
SINGLE_1897,godarria,conjunto de miembros del partido conservador,https://raw.githubusercontent.com/MariaaPinzon/ImagesEvaluatingMLLM/refs/heads/main/GPT/IdiomsSingleImage/singleImage_godarria.png
SINGLE_1898,godo,"- Referido a una persona, grupo político o gobierno, que defiende el conservadurismo.
- Referido a una persona, que está relacionado o es seguidor del Partido Conservador Colombiano.
- persona que pertenece al partido conservador",https://raw.githubusercontent.com/MariaaPinzon/ImagesEvaluatingMLLM/refs/heads/main/GPT/IdiomsSingleImage/singleImage_godo.png
SINGLE_1899,gol,"- Obtener un triunfo inesperado ante otro, con perspicacia y engaño.
- En el fútbol, diferencia que hay entre los goles anotados y los recibidos, con el fin de establecer la tabla de posiciones.",https://raw.githubusercontent.com/MariaaPinzon/ImagesEvaluatingMLLM/refs/heads/main/GPT/IdiomsSingleImage/singleImage_gol.png
SINGLE_1900,golear,Robar.,https://raw.githubusercontent.com/MariaaPinzon/ImagesEvaluatingMLLM/refs/heads/main/GPT/IdiomsSingleImage/singleImage_golear.png
SINGLE_1901,golero,"En el fútbol y otros deportes, persona que defiende el arco de su equipo.",https://raw.githubusercontent.com/MariaaPinzon/ImagesEvaluatingMLLM/refs/heads/main/GPT/IdiomsSingleImage/singleImage_golero.png
SINGLE_1902,golpera,"tanda de golpes, especialmente de puñetazos",https://raw.githubusercontent.com/MariaaPinzon/ImagesEvaluatingMLLM/refs/heads/main/GPT/IdiomsSingleImage/singleImage_golpera.png
SINGLE_1903,golpiza,Serie de golpes dados a una persona o a un animal a modo de castigo.,https://raw.githubusercontent.com/MariaaPinzon/ImagesEvaluatingMLLM/refs/heads/main/GPT/IdiomsSingleImage/singleImage_golpiza.png
SINGLE_1904,gomelo,"Referido a una persona, que manifiesta gustos de clase social alta en su forma de vestir, hablar y actuar.",https://raw.githubusercontent.com/MariaaPinzon/ImagesEvaluatingMLLM/refs/heads/main/GPT/IdiomsSingleImage/singleImage_gomelo.png
SINGLE_1905,gonorrea,"- Forma de dirigirse o de mencionar a un amigo o amiga.
- Referido a una persona, ruin, despreciable.",https://raw.githubusercontent.com/MariaaPinzon/ImagesEvaluatingMLLM/refs/heads/main/GPT/IdiomsSingleImage/singleImage_gonorrea.png
SINGLE_1906,gordolobo,ron blanco,https://raw.githubusercontent.com/MariaaPinzon/ImagesEvaluatingMLLM/refs/heads/main/GPT/IdiomsSingleImage/singleImage_gordolobo.png
SINGLE_1907,gorgorear,"- Ronronear un gato al recibir caricias.
- Borbotear ruidosamente el agua.
- Hacer gárgaras.",https://raw.githubusercontent.com/MariaaPinzon/ImagesEvaluatingMLLM/refs/heads/main/GPT/IdiomsSingleImage/singleImage_gorgorear.png
SINGLE_1908,gorobeta,Hambre.,https://raw.githubusercontent.com/MariaaPinzon/ImagesEvaluatingMLLM/refs/heads/main/GPT/IdiomsSingleImage/singleImage_gorobeta.png
SINGLE_1909,goteras,alrededores o afueras de un pueblo o de una ciudad,https://raw.githubusercontent.com/MariaaPinzon/ImagesEvaluatingMLLM/refs/heads/main/GPT/IdiomsSingleImage/singleImage_goteras.png
SINGLE_1910,goterear,"- tomar licor o comer a costa de otras personas
- caer las primeras gotas de lluvia",https://raw.githubusercontent.com/MariaaPinzon/ImagesEvaluatingMLLM/refs/heads/main/GPT/IdiomsSingleImage/singleImage_goterear.png
SINGLE_1911,goterero,Persona que se aprovecha de las circunstancias para hacerse invitar a tomar bebidas alcohólicas.,https://raw.githubusercontent.com/MariaaPinzon/ImagesEvaluatingMLLM/refs/heads/main/GPT/IdiomsSingleImage/singleImage_goterero.png
SINGLE_1912,gozadera,Fiesta muy animada con bebidas alcohólicas.,https://raw.githubusercontent.com/MariaaPinzon/ImagesEvaluatingMLLM/refs/heads/main/GPT/IdiomsSingleImage/singleImage_gozadera.png
SINGLE_1913,gozque,Perro que no es de raza y vive en las calle.,https://raw.githubusercontent.com/MariaaPinzon/ImagesEvaluatingMLLM/refs/heads/main/GPT/IdiomsSingleImage/singleImage_gozque.png
SINGLE_1914,grajo,"- Mal olor de las axilas.
- Insecto de cuerpo alargado y oscuro, con seis patas y un par de antenas largas, que se caracteriza por despedir mal olor al sentirse amenazado.",https://raw.githubusercontent.com/MariaaPinzon/ImagesEvaluatingMLLM/refs/heads/main/GPT/IdiomsSingleImage/singleImage_grajo.png
SINGLE_1915,gramilla,Cancha de fútbol.,https://raw.githubusercontent.com/MariaaPinzon/ImagesEvaluatingMLLM/refs/heads/main/GPT/IdiomsSingleImage/singleImage_gramilla.png
SINGLE_1916,grifo,"Tener la piel erizada como reacción a un hecho inesperado, o a la sensación de miedo o de frío.",https://raw.githubusercontent.com/MariaaPinzon/ImagesEvaluatingMLLM/refs/heads/main/GPT/IdiomsSingleImage/singleImage_grifo.png
SINGLE_1917,gringo,Relativo a los Estados Unidos.,https://raw.githubusercontent.com/MariaaPinzon/ImagesEvaluatingMLLM/refs/heads/main/GPT/IdiomsSingleImage/singleImage_gringo.png
SINGLE_1918,gritadera,griterío,https://raw.githubusercontent.com/MariaaPinzon/ImagesEvaluatingMLLM/refs/heads/main/GPT/IdiomsSingleImage/singleImage_gritadera.png
SINGLE_1919,guaca,"En los entierros indígenas, joyas y objetos de oro y piedras preciosas depositadas en vasijas de barro.",https://raw.githubusercontent.com/MariaaPinzon/ImagesEvaluatingMLLM/refs/heads/main/GPT/IdiomsSingleImage/singleImage_guaca.png
SINGLE_1920,guacaba,"Variedad de lechuza de tamaño muy pequeño, de hábitos especialmente diurnos y de canto muy característico.",https://raw.githubusercontent.com/MariaaPinzon/ImagesEvaluatingMLLM/refs/heads/main/GPT/IdiomsSingleImage/singleImage_guacaba.png
SINGLE_1921,guacal,"Caja hecha de listones delgados de madera, que se usa para transportar objetos o alimentos.",https://raw.githubusercontent.com/MariaaPinzon/ImagesEvaluatingMLLM/refs/heads/main/GPT/IdiomsSingleImage/singleImage_guacal.png
SINGLE_1922,guachado,Técnica tradicional de agricultura que permite preparar la tierra para el cultivo de papa y otros tubérculos que consiste en hacer surcos.,https://raw.githubusercontent.com/MariaaPinzon/ImagesEvaluatingMLLM/refs/heads/main/GPT/IdiomsSingleImage/singleImage_guachado.png
SINGLE_1923,guachafita,Alboroto producido por varias personas que se hace por entretenimiento.,https://raw.githubusercontent.com/MariaaPinzon/ImagesEvaluatingMLLM/refs/heads/main/GPT/IdiomsSingleImage/singleImage_guachafita.png
SINGLE_1924,guachapanda,"Referido a la forma de hacer algo, sin cuidado, toscamente.",https://raw.githubusercontent.com/MariaaPinzon/ImagesEvaluatingMLLM/refs/heads/main/GPT/IdiomsSingleImage/singleImage_guachapanda.png
SINGLE_1925,guachapear,"- Bailar, comer y beber licor en una fiesta.
- Quitar la maleza con el machete.",https://raw.githubusercontent.com/MariaaPinzon/ImagesEvaluatingMLLM/refs/heads/main/GPT/IdiomsSingleImage/singleImage_guachapear.png
SINGLE_1926,guachaquear,"en el juego de dados, hacerlos sonar moviéndolos entre la mano, antes de arrojarlos a la mesa",https://raw.githubusercontent.com/MariaaPinzon/ImagesEvaluatingMLLM/refs/heads/main/GPT/IdiomsSingleImage/singleImage_guachaquear.png
SINGLE_1927,guachaquear bien,hacer bien una cosa,https://raw.githubusercontent.com/MariaaPinzon/ImagesEvaluatingMLLM/refs/heads/main/GPT/IdiomsSingleImage/singleImage_guachaquear_bien.png
SINGLE_1928,guachaquear mal,hacer mal una cosa,https://raw.githubusercontent.com/MariaaPinzon/ImagesEvaluatingMLLM/refs/heads/main/GPT/IdiomsSingleImage/singleImage_guachaquear_mal.png
SINGLE_1929,guacharaca,Instrumento musical de percusión hecho de una caña con ranuras que se toca raspándolas con un trinche o palo.,https://raw.githubusercontent.com/MariaaPinzon/ImagesEvaluatingMLLM/refs/heads/main/GPT/IdiomsSingleImage/singleImage_guacharaca.png
SINGLE_1930,guacharacazo,"- golpe
- trago de licor",https://raw.githubusercontent.com/MariaaPinzon/ImagesEvaluatingMLLM/refs/heads/main/GPT/IdiomsSingleImage/singleImage_guacharacazo.png
SINGLE_1931,guacharaquear,Persona que toca la guacharaca.,https://raw.githubusercontent.com/MariaaPinzon/ImagesEvaluatingMLLM/refs/heads/main/GPT/IdiomsSingleImage/singleImage_guacharaquear.png
SINGLE_1932,guache,"Persona grosera, agresiva y de modales toscos.",https://raw.githubusercontent.com/MariaaPinzon/ImagesEvaluatingMLLM/refs/heads/main/GPT/IdiomsSingleImage/singleImage_guache.png
SINGLE_1933,guacherna,"gente baja, maleducada y vulgar",https://raw.githubusercontent.com/MariaaPinzon/ImagesEvaluatingMLLM/refs/heads/main/GPT/IdiomsSingleImage/singleImage_guacherna.png
SINGLE_1934,guachimán,Persona que trabaja como vigilante o guarda de seguridad.,https://raw.githubusercontent.com/MariaaPinzon/ImagesEvaluatingMLLM/refs/heads/main/GPT/IdiomsSingleImage/singleImage_guachim%C3%A1n.png
SINGLE_1935,guaco,"- Referido a una persona, que ha perdido parte de su dentadura.
- Referido a una persona, que tiene labio leporino.",https://raw.githubusercontent.com/MariaaPinzon/ImagesEvaluatingMLLM/refs/heads/main/GPT/IdiomsSingleImage/singleImage_guaco.png
SINGLE_1936,guagua,Niño de pecho.,https://raw.githubusercontent.com/MariaaPinzon/ImagesEvaluatingMLLM/refs/heads/main/GPT/IdiomsSingleImage/singleImage_guagua.png
SINGLE_1937,guaguancó,Ritmo musical de origen cubano en donde predominan los instrumentos de percusión y cuyo baile representa escenas muy eróticas.,https://raw.githubusercontent.com/MariaaPinzon/ImagesEvaluatingMLLM/refs/heads/main/GPT/IdiomsSingleImage/singleImage_guaguanc%C3%B3.png
SINGLE_1938,guaimarón,Persona muy alta o corpulenta.,https://raw.githubusercontent.com/MariaaPinzon/ImagesEvaluatingMLLM/refs/heads/main/GPT/IdiomsSingleImage/singleImage_guaimar%C3%B3n.png
SINGLE_1939,gualmo,"Pala de madera que termina en punta, usada para hacer hoyos con una profundidad de 5 cm, para que haya una buena germinación en las plantas.",https://raw.githubusercontent.com/MariaaPinzon/ImagesEvaluatingMLLM/refs/heads/main/GPT/IdiomsSingleImage/singleImage_gualmo.png
SINGLE_1940,gualí,"Ceremonia fúnebre en la que se canta, juega o se cuentan historias durante el rito funerario exclusivo para niños.",https://raw.githubusercontent.com/MariaaPinzon/ImagesEvaluatingMLLM/refs/heads/main/GPT/IdiomsSingleImage/singleImage_gual%C3%AD.png
SINGLE_1941,guamazo,Golpe muy fuerte que sufre una persona al caerse o chocarse contra algo.,https://raw.githubusercontent.com/MariaaPinzon/ImagesEvaluatingMLLM/refs/heads/main/GPT/IdiomsSingleImage/singleImage_guamazo.png
SINGLE_1942,guambe,Niño varón de corta edad.,https://raw.githubusercontent.com/MariaaPinzon/ImagesEvaluatingMLLM/refs/heads/main/GPT/IdiomsSingleImage/singleImage_guambe.png
SINGLE_1943,guando,"- Procesión fúnebre fantasmagórica de medianoche, donde aparecen cuatro campesinos cargando un muerto sobre una camilla artesanal y los acompañantes lloran, se lamentan y rezan.
- camilla rústica, hecha de palos y varas",https://raw.githubusercontent.com/MariaaPinzon/ImagesEvaluatingMLLM/refs/heads/main/GPT/IdiomsSingleImage/singleImage_guando.png
SINGLE_1944,guandoca,"- Cárcel.
- cárcel",https://raw.githubusercontent.com/MariaaPinzon/ImagesEvaluatingMLLM/refs/heads/main/GPT/IdiomsSingleImage/singleImage_guandoca.png
SINGLE_1945,guandolo,Ron preparado de forma artesanal.,https://raw.githubusercontent.com/MariaaPinzon/ImagesEvaluatingMLLM/refs/heads/main/GPT/IdiomsSingleImage/singleImage_guandolo.png
SINGLE_1946,guandoy,guarapo,https://raw.githubusercontent.com/MariaaPinzon/ImagesEvaluatingMLLM/refs/heads/main/GPT/IdiomsSingleImage/singleImage_guandoy.png
SINGLE_1947,guaneña,"- En la época de la Independencia, mujer pastusa que acompañó y defendió a las tropas realistas de las tropas patrióticas.
- Canción tradicional que se interpreta en todas las festividades y carnavales.",https://raw.githubusercontent.com/MariaaPinzon/ImagesEvaluatingMLLM/refs/heads/main/GPT/IdiomsSingleImage/singleImage_guane%C3%B1a.png
SINGLE_1948,guanga,"Telar vertical artesanal para la fabricación de diferentes tejidos como cobijas, ruanas, alfombras entre otros.",https://raw.githubusercontent.com/MariaaPinzon/ImagesEvaluatingMLLM/refs/heads/main/GPT/IdiomsSingleImage/singleImage_guanga.png
SINGLE_1949,guango,"- Procesión fúnebre fantasmagórica de medianoche, donde aparecen cuatro campesinos cargando un muerto sobre una camilla artersanal y los acompañantes lloran, se lamentan y rezan.
- conjunto de cosas largas atadas
- Especie de camilla artesanal hecha con palos y amarrados con bejucos para transportar un enfermo o difunto.
- Conjunto de plátano o chontaduro en que se subdivide un racimo.
- Medida de volumen equivalente a 0.23 m cúbicos usada para la venta de leña.
- Conjunto de víveres, paja, leña u otros objetos amarrados con una soga, pita u otro elemento para tal fin.",https://raw.githubusercontent.com/MariaaPinzon/ImagesEvaluatingMLLM/refs/heads/main/GPT/IdiomsSingleImage/singleImage_guango.png
SINGLE_1950,guantera,Tarea difícil que produce agotamiento.,https://raw.githubusercontent.com/MariaaPinzon/ImagesEvaluatingMLLM/refs/heads/main/GPT/IdiomsSingleImage/singleImage_guantera.png
SINGLE_1951,guapa,"Canasto de borde muy bajo, elaborado con fibras vegetales y que sirve para guardar el cazabe.",https://raw.githubusercontent.com/MariaaPinzon/ImagesEvaluatingMLLM/refs/heads/main/GPT/IdiomsSingleImage/singleImage_guapa.png
SINGLE_1952,guapachoso,"Referido a una persona o la música, muy alegre, festiva.",https://raw.githubusercontent.com/MariaaPinzon/ImagesEvaluatingMLLM/refs/heads/main/GPT/IdiomsSingleImage/singleImage_guapachoso.png
SINGLE_1953,guapirrear,aguijonear con gritos o excitar,https://raw.githubusercontent.com/MariaaPinzon/ImagesEvaluatingMLLM/refs/heads/main/GPT/IdiomsSingleImage/singleImage_guapirrear.png
SINGLE_1954,guapirreo,Grito de alegría que se usa en la cumbia y en el porro para animar a los músicos y a los bailadores.,https://raw.githubusercontent.com/MariaaPinzon/ImagesEvaluatingMLLM/refs/heads/main/GPT/IdiomsSingleImage/singleImage_guapirreo.png
SINGLE_1955,guaquero,Persona dedicada a buscar guacas o tesoros escondidos de forma ilegal para venderlos.,https://raw.githubusercontent.com/MariaaPinzon/ImagesEvaluatingMLLM/refs/heads/main/GPT/IdiomsSingleImage/singleImage_guaquero.png
SINGLE_1956,guara,"Mamífero roedor de tamaño mediano, cuerpo alargado que vive en cuevas y zonas boscosas.",https://raw.githubusercontent.com/MariaaPinzon/ImagesEvaluatingMLLM/refs/heads/main/GPT/IdiomsSingleImage/singleImage_guara.png
SINGLE_1957,guaraca,honda,https://raw.githubusercontent.com/MariaaPinzon/ImagesEvaluatingMLLM/refs/heads/main/GPT/IdiomsSingleImage/singleImage_guaraca.png
SINGLE_1958,guarapazo,"- golpe muy fuerte
- Golpe muy fuerte que sufre una persona al caerse o chocarse contra algo.",https://raw.githubusercontent.com/MariaaPinzon/ImagesEvaluatingMLLM/refs/heads/main/GPT/IdiomsSingleImage/singleImage_guarapazo.png
SINGLE_1959,guarapería,"- Establecimiento en el que se vende guarapo.
- tienda en donde principalmente se vende guarapo",https://raw.githubusercontent.com/MariaaPinzon/ImagesEvaluatingMLLM/refs/heads/main/GPT/IdiomsSingleImage/singleImage_guaraper%C3%ADa.png
SINGLE_1960,guarapismo,Consumo excesivo de guarapo.,https://raw.githubusercontent.com/MariaaPinzon/ImagesEvaluatingMLLM/refs/heads/main/GPT/IdiomsSingleImage/singleImage_guarapismo.png
SINGLE_1961,guardaescobas,"Borde horizontal, hecho generalmente del mismo material de los pisos y superpuesto a ellos, que se usa como decoración o protección.",https://raw.githubusercontent.com/MariaaPinzon/ImagesEvaluatingMLLM/refs/heads/main/GPT/IdiomsSingleImage/singleImage_guardaescobas.png
SINGLE_1962,guarengue,Decadencia económica o moral de un sitio o una persona.,https://raw.githubusercontent.com/MariaaPinzon/ImagesEvaluatingMLLM/refs/heads/main/GPT/IdiomsSingleImage/singleImage_guarengue.png
SINGLE_1963,guaricha,"- Prostituta.
- mujer grosera, peleadora
- prostituta",https://raw.githubusercontent.com/MariaaPinzon/ImagesEvaluatingMLLM/refs/heads/main/GPT/IdiomsSingleImage/singleImage_guaricha.png
SINGLE_1964,guaricho,"Persona vulgar, sin educación.",https://raw.githubusercontent.com/MariaaPinzon/ImagesEvaluatingMLLM/refs/heads/main/GPT/IdiomsSingleImage/singleImage_guaricho.png
SINGLE_1965,guarilaque,"- aguardiente, licor fuerte
- Trago de aguardiente.",https://raw.githubusercontent.com/MariaaPinzon/ImagesEvaluatingMLLM/refs/heads/main/GPT/IdiomsSingleImage/singleImage_guarilaque.png
SINGLE_1966,guaro,aguardiente,https://raw.githubusercontent.com/MariaaPinzon/ImagesEvaluatingMLLM/refs/heads/main/GPT/IdiomsSingleImage/singleImage_guaro.png
SINGLE_1967,guarruz,Sedimento del grano en la chicha o el masato.,https://raw.githubusercontent.com/MariaaPinzon/ImagesEvaluatingMLLM/refs/heads/main/GPT/IdiomsSingleImage/singleImage_guarruz.png
SINGLE_1968,guasca,"- tira de cuero o de otro material que se usa como rienda, cordel o látigo
- campesino que llega a la ciudad por primera vez
- Tallo herbáceo y sin hojas de la planta del plátano, se emplea para empaque artesanal de algunos alimentos y para hacer bolsas y otros objetos.",https://raw.githubusercontent.com/MariaaPinzon/ImagesEvaluatingMLLM/refs/heads/main/GPT/IdiomsSingleImage/singleImage_guasca.png
SINGLE_1969,guascazo,Golpe muy fuerte que sufre una persona al caerse o chocarse contra algo.,https://raw.githubusercontent.com/MariaaPinzon/ImagesEvaluatingMLLM/refs/heads/main/GPT/IdiomsSingleImage/singleImage_guascazo.png
SINGLE_1970,guascuda,"Referido a la yuca, que adquiere una consistencia dura y poco jugosa después de cocinarla.",https://raw.githubusercontent.com/MariaaPinzon/ImagesEvaluatingMLLM/refs/heads/main/GPT/IdiomsSingleImage/singleImage_guascuda.png
SINGLE_1971,guasquearse,Vomitarse.,https://raw.githubusercontent.com/MariaaPinzon/ImagesEvaluatingMLLM/refs/heads/main/GPT/IdiomsSingleImage/singleImage_guasquearse.png
SINGLE_1972,guasá,Instrumento musical de percusión construido con un tubo de guadua y semillas secas o piedritas.,https://raw.githubusercontent.com/MariaaPinzon/ImagesEvaluatingMLLM/refs/heads/main/GPT/IdiomsSingleImage/singleImage_guas%C3%A1.png
SINGLE_1973,guate,Saliva seca pegada cerca de la boca al despertar.,https://raw.githubusercontent.com/MariaaPinzon/ImagesEvaluatingMLLM/refs/heads/main/GPT/IdiomsSingleImage/singleImage_guate.png
SINGLE_1974,guato,"dicho de la papa, que es pequeña",https://raw.githubusercontent.com/MariaaPinzon/ImagesEvaluatingMLLM/refs/heads/main/GPT/IdiomsSingleImage/singleImage_guato.png
SINGLE_1975,guatín,"- Danza de salón típica de Antioquia en la que la pareja baila suelta con movimientos independientes y rápidos, y mientras la mujer da muchas vueltas el hombre baila alrededor de ella.
- Mamífero roedor de tamaño mediano, cuerpo alargado que vive en cuevas y zonas boscosas.",https://raw.githubusercontent.com/MariaaPinzon/ImagesEvaluatingMLLM/refs/heads/main/GPT/IdiomsSingleImage/singleImage_guat%C3%ADn.png
SINGLE_1976,guaucho,"dicho de un animal, que ha perdido a su madre",https://raw.githubusercontent.com/MariaaPinzon/ImagesEvaluatingMLLM/refs/heads/main/GPT/IdiomsSingleImage/singleImage_guaucho.png
SINGLE_1977,guaya,Cable hecho con hilos de acero que sirve para activar a distancia diversos mecanismos de automóviles y otros vehículos.,https://raw.githubusercontent.com/MariaaPinzon/ImagesEvaluatingMLLM/refs/heads/main/GPT/IdiomsSingleImage/singleImage_guaya.png
SINGLE_1978,guayabal,Terreno sembrado con árboles de guayabo.,https://raw.githubusercontent.com/MariaaPinzon/ImagesEvaluatingMLLM/refs/heads/main/GPT/IdiomsSingleImage/singleImage_guayabal.png
SINGLE_1979,guayabita,"Tipo de pimienta oriunda del continente americano, de olores y sabores dulces cercanos al clavo de olor, la pimienta negra o la canela, muy utilizada en la cocina del Caribe.",https://raw.githubusercontent.com/MariaaPinzon/ImagesEvaluatingMLLM/refs/heads/main/GPT/IdiomsSingleImage/singleImage_guayabita.png
SINGLE_1980,guayo,zapato deportivo de suela gruesa y con taches que se usa para jugar fútbol,https://raw.githubusercontent.com/MariaaPinzon/ImagesEvaluatingMLLM/refs/heads/main/GPT/IdiomsSingleImage/singleImage_guayo.png
SINGLE_1981,guayoyo,Café negro que se prepara en una infusión con una proporción mayor de agua y que generalmente se endulza con panela o azúcar.,https://raw.githubusercontent.com/MariaaPinzon/ImagesEvaluatingMLLM/refs/heads/main/GPT/IdiomsSingleImage/singleImage_guayoyo.png
SINGLE_1982,guayuco,"Trozo de tela o piel de animales, que usan los indígenas para taparse los genitales.",https://raw.githubusercontent.com/MariaaPinzon/ImagesEvaluatingMLLM/refs/heads/main/GPT/IdiomsSingleImage/singleImage_guayuco.png
SINGLE_1983,gubia,"Herramienta usada en ebanistería, similar a un formón, que se utiliza para hacer labrados curvos por su hoja en forma semicircular.",https://raw.githubusercontent.com/MariaaPinzon/ImagesEvaluatingMLLM/refs/heads/main/GPT/IdiomsSingleImage/singleImage_gubia.png
SINGLE_1984,guerrillo,"- guerrillero, miembro de los grupos subversivos
- Guerrillero.",https://raw.githubusercontent.com/MariaaPinzon/ImagesEvaluatingMLLM/refs/heads/main/GPT/IdiomsSingleImage/singleImage_guerrillo.png
SINGLE_1985,guindar,"Colgar, sostener con cuerdas desde un punto más elevado, especialmente la hamaca.",https://raw.githubusercontent.com/MariaaPinzon/ImagesEvaluatingMLLM/refs/heads/main/GPT/IdiomsSingleImage/singleImage_guindar.png
SINGLE_1986,guindo,Cuerda con que se cuelga la hamaca.,https://raw.githubusercontent.com/MariaaPinzon/ImagesEvaluatingMLLM/refs/heads/main/GPT/IdiomsSingleImage/singleImage_guindo.png
SINGLE_1987,guisa,empleada del servicio doméstico,https://raw.githubusercontent.com/MariaaPinzon/ImagesEvaluatingMLLM/refs/heads/main/GPT/IdiomsSingleImage/singleImage_guisa.png
SINGLE_1988,guisador,"Rizoma de esta hierba, ramificado, de forma cilíndrica y de pulpa de color amarillo o naranja.",https://raw.githubusercontent.com/MariaaPinzon/ImagesEvaluatingMLLM/refs/heads/main/GPT/IdiomsSingleImage/singleImage_guisador.png
SINGLE_1989,"guiso, sa",Cocinera.,https://raw.githubusercontent.com/MariaaPinzon/ImagesEvaluatingMLLM/refs/heads/main/GPT/IdiomsSingleImage/singleImage_guiso__sa.png
SINGLE_1990,guión,"En la arriería, caballo que guía el grupo de animales y personas que van en un viaje de carga.",https://raw.githubusercontent.com/MariaaPinzon/ImagesEvaluatingMLLM/refs/heads/main/GPT/IdiomsSingleImage/singleImage_gui%C3%B3n.png
SINGLE_1991,gumarra,Gallina.,https://raw.githubusercontent.com/MariaaPinzon/ImagesEvaluatingMLLM/refs/heads/main/GPT/IdiomsSingleImage/singleImage_gumarra.png
SINGLE_1992,gurbia,Hambre.,https://raw.githubusercontent.com/MariaaPinzon/ImagesEvaluatingMLLM/refs/heads/main/GPT/IdiomsSingleImage/singleImage_gurbia.png
SINGLE_1993,gurria,persona o cosa fea,https://raw.githubusercontent.com/MariaaPinzon/ImagesEvaluatingMLLM/refs/heads/main/GPT/IdiomsSingleImage/singleImage_gurria.png
SINGLE_1994,gurrupleto,"Referido a una persona, descomplicada.",https://raw.githubusercontent.com/MariaaPinzon/ImagesEvaluatingMLLM/refs/heads/main/GPT/IdiomsSingleImage/singleImage_gurrupleto.png
SINGLE_1995,gurupera,Cuerda generalmente forrada en material suave que se coloca bajo la cola de una caballería para evitar que la silla se deslice hacia delante.,https://raw.githubusercontent.com/MariaaPinzon/ImagesEvaluatingMLLM/refs/heads/main/GPT/IdiomsSingleImage/singleImage_gurupera.png
SINGLE_1996,gusanear,Cortejar a la pareja del amigo buscando sostener una aventura con ella.,https://raw.githubusercontent.com/MariaaPinzon/ImagesEvaluatingMLLM/refs/heads/main/GPT/IdiomsSingleImage/singleImage_gusanear.png
SINGLE_1997,guámbito,Niño de corta edad.,https://raw.githubusercontent.com/MariaaPinzon/ImagesEvaluatingMLLM/refs/heads/main/GPT/IdiomsSingleImage/singleImage_gu%C3%A1mbito.png
SINGLE_1998,güeregüere,Parloteo inútil.,https://raw.githubusercontent.com/MariaaPinzon/ImagesEvaluatingMLLM/refs/heads/main/GPT/IdiomsSingleImage/singleImage_g%C3%BCereg%C3%BCere.png
SINGLE_1999,güete,Feliz.,https://raw.githubusercontent.com/MariaaPinzon/ImagesEvaluatingMLLM/refs/heads/main/GPT/IdiomsSingleImage/singleImage_g%C3%BCete.png
SINGLE_2000,güevón,forma de tratamiento de extrema confianza,https://raw.githubusercontent.com/MariaaPinzon/ImagesEvaluatingMLLM/refs/heads/main/GPT/IdiomsSingleImage/singleImage_g%C3%BCev%C3%B3n.png
SINGLE_2001,güinche,"dicho de un fruto, duro y seco, por haber madurado prematuramente",https://raw.githubusercontent.com/MariaaPinzon/ImagesEvaluatingMLLM/refs/heads/main/GPT/IdiomsSingleImage/singleImage_g%C3%BCinche.png
SINGLE_2002,güipa,Niño pequeño.,https://raw.githubusercontent.com/MariaaPinzon/ImagesEvaluatingMLLM/refs/heads/main/GPT/IdiomsSingleImage/singleImage_g%C3%BCipa.png
SINGLE_2003,güire,"Variedad de pato americano de hasta 48 cm de longitud, de color café oscuro rojizo en la corona y detrás del cuello, frente y lados de la cabeza grises, lomo y pecho superior café y pico rosado.",https://raw.githubusercontent.com/MariaaPinzon/ImagesEvaluatingMLLM/refs/heads/main/GPT/IdiomsSingleImage/singleImage_g%C3%BCire.png
SINGLE_2004,güirirí,"Variedad de pato americano de hasta 48 cm de longitud, de color café oscuro rojizo en la corona y detrás del cuello, frente y lados de la cabeza grises, lomo y pecho superior café y pico rosado.",https://raw.githubusercontent.com/MariaaPinzon/ImagesEvaluatingMLLM/refs/heads/main/GPT/IdiomsSingleImage/singleImage_g%C3%BCirir%C3%AD.png
SINGLE_2005,habano,"banano, plátano que se come crudo",https://raw.githubusercontent.com/MariaaPinzon/ImagesEvaluatingMLLM/refs/heads/main/GPT/IdiomsSingleImage/singleImage_habano.png
SINGLE_2006,hablado,Modo de hablar que identifica a una persona o una comunidad lingüística.,https://raw.githubusercontent.com/MariaaPinzon/ImagesEvaluatingMLLM/refs/heads/main/GPT/IdiomsSingleImage/singleImage_hablado.png
SINGLE_2007,hablador,"Referido a una persona, mentirosa.",https://raw.githubusercontent.com/MariaaPinzon/ImagesEvaluatingMLLM/refs/heads/main/GPT/IdiomsSingleImage/singleImage_hablador.png
SINGLE_2008,hablar como una revendedora,hablar de manera vulgar,https://raw.githubusercontent.com/MariaaPinzon/ImagesEvaluatingMLLM/refs/heads/main/GPT/IdiomsSingleImage/singleImage_hablar_como_una_revendedora.png
SINGLE_2009,hacendado,"Persona dueña de una gran finca o hacienda, especialmente de ganado.",https://raw.githubusercontent.com/MariaaPinzon/ImagesEvaluatingMLLM/refs/heads/main/GPT/IdiomsSingleImage/singleImage_hacendado.png
SINGLE_2010,hacer algo a la gachapanda,"realizar algo a la ligera, en forma desordenada",https://raw.githubusercontent.com/MariaaPinzon/ImagesEvaluatingMLLM/refs/heads/main/GPT/IdiomsSingleImage/singleImage_hacer_algo_a_la_gachapanda.png
SINGLE_2011,hacer algo a la guachapanda,"realizar algo a la ligera, en forma desordenada",https://raw.githubusercontent.com/MariaaPinzon/ImagesEvaluatingMLLM/refs/heads/main/GPT/IdiomsSingleImage/singleImage_hacer_algo_a_la_guachapanda.png
SINGLE_2012,hacer cositas,realizar el acto sexual,https://raw.githubusercontent.com/MariaaPinzon/ImagesEvaluatingMLLM/refs/heads/main/GPT/IdiomsSingleImage/singleImage_hacer_cositas.png
SINGLE_2013,hacer cucarrón,rezongar,https://raw.githubusercontent.com/MariaaPinzon/ImagesEvaluatingMLLM/refs/heads/main/GPT/IdiomsSingleImage/singleImage_hacer_cucarr%C3%B3n.png
SINGLE_2014,hacer el mercado,adquirir los productos alimenticios que requiere la familia,https://raw.githubusercontent.com/MariaaPinzon/ImagesEvaluatingMLLM/refs/heads/main/GPT/IdiomsSingleImage/singleImage_hacer_el_mercado.png
SINGLE_2015,hacer escuadra,detenerse un vehículo en el sitio indicado,https://raw.githubusercontent.com/MariaaPinzon/ImagesEvaluatingMLLM/refs/heads/main/GPT/IdiomsSingleImage/singleImage_hacer_escuadra.png
SINGLE_2016,hacer hasta pa,"excederse, propasarse",https://raw.githubusercontent.com/MariaaPinzon/ImagesEvaluatingMLLM/refs/heads/main/GPT/IdiomsSingleImage/singleImage_hacer_hasta_pa.png
SINGLE_2017,hacer locha,haraganear,https://raw.githubusercontent.com/MariaaPinzon/ImagesEvaluatingMLLM/refs/heads/main/GPT/IdiomsSingleImage/singleImage_hacer_locha.png
SINGLE_2018,hacer moñona,triunfar en varias actividades a un mismo tiempo,https://raw.githubusercontent.com/MariaaPinzon/ImagesEvaluatingMLLM/refs/heads/main/GPT/IdiomsSingleImage/singleImage_hacer_mo%C3%B1ona.png
SINGLE_2019,hacer pistola,"- ademán de burla u ofensa que consiste en extender el dedo medio o del corazón y doblar el índice y el anular
- incumplir con algo prometido, no complacer a alguien",https://raw.githubusercontent.com/MariaaPinzon/ImagesEvaluatingMLLM/refs/heads/main/GPT/IdiomsSingleImage/singleImage_hacer_pistola.png
SINGLE_2020,hacer popó,"defecar, especialmente los niños",https://raw.githubusercontent.com/MariaaPinzon/ImagesEvaluatingMLLM/refs/heads/main/GPT/IdiomsSingleImage/singleImage_hacer_pop%C3%B3.png
SINGLE_2021,hacer roña,actuar con lentitud y demora deliberadamente,https://raw.githubusercontent.com/MariaaPinzon/ImagesEvaluatingMLLM/refs/heads/main/GPT/IdiomsSingleImage/singleImage_hacer_ro%C3%B1a.png
SINGLE_2022,hacer una vaca,hacer una colecta para un fin determinado,https://raw.githubusercontent.com/MariaaPinzon/ImagesEvaluatingMLLM/refs/heads/main/GPT/IdiomsSingleImage/singleImage_hacer_una_vaca.png
SINGLE_2023,hacerle el mandado,embarazar a una mujer,https://raw.githubusercontent.com/MariaaPinzon/ImagesEvaluatingMLLM/refs/heads/main/GPT/IdiomsSingleImage/singleImage_hacerle_el_mandado.png
SINGLE_2024,hacerle gavilla,a alguien . actuar dos o más personas contra una sola,https://raw.githubusercontent.com/MariaaPinzon/ImagesEvaluatingMLLM/refs/heads/main/GPT/IdiomsSingleImage/singleImage_hacerle_gavilla.png
SINGLE_2025,hacerle la tiradera,burlarse,https://raw.githubusercontent.com/MariaaPinzon/ImagesEvaluatingMLLM/refs/heads/main/GPT/IdiomsSingleImage/singleImage_hacerle_la_tiradera.png
SINGLE_2026,hacerse el gato bravo,mostrar ostensiblemente el enojo,https://raw.githubusercontent.com/MariaaPinzon/ImagesEvaluatingMLLM/refs/heads/main/GPT/IdiomsSingleImage/singleImage_hacerse_el_gato_bravo.png
SINGLE_2027,hacerse o montarse un video,Imaginarse algo exagerado.,https://raw.githubusercontent.com/MariaaPinzon/ImagesEvaluatingMLLM/refs/heads/main/GPT/IdiomsSingleImage/singleImage_hacerse_o_montarse_un_video.png
SINGLE_2028,hamaca,"Referido a una persona, tonta, ingenua.",https://raw.githubusercontent.com/MariaaPinzon/ImagesEvaluatingMLLM/refs/heads/main/GPT/IdiomsSingleImage/singleImage_hamaca.png
SINGLE_2029,hamaquear,"Referido a una cosa, balancearse de un lado a otro.",https://raw.githubusercontent.com/MariaaPinzon/ImagesEvaluatingMLLM/refs/heads/main/GPT/IdiomsSingleImage/singleImage_hamaquear.png
SINGLE_2030,hamaquero,Embarcación de gran tamaño que navega por el río Amazonas y en cuya cubierta se cuelgan hamacas para el descanso de los pasajeros.,https://raw.githubusercontent.com/MariaaPinzon/ImagesEvaluatingMLLM/refs/heads/main/GPT/IdiomsSingleImage/singleImage_hamaquero.png
SINGLE_2031,haragán,Persona experta en una actividad.,https://raw.githubusercontent.com/MariaaPinzon/ImagesEvaluatingMLLM/refs/heads/main/GPT/IdiomsSingleImage/singleImage_harag%C3%A1n.png
SINGLE_2032,hartón,"plátano de gran tamaño, que se come verde, amarillo o maduro, cocinado o al horno",https://raw.githubusercontent.com/MariaaPinzon/ImagesEvaluatingMLLM/refs/heads/main/GPT/IdiomsSingleImage/singleImage_hart%C3%B3n.png
SINGLE_2033,hatillo,atado o sobrecarga pequeña que les ponen a veces a las bestias,https://raw.githubusercontent.com/MariaaPinzon/ImagesEvaluatingMLLM/refs/heads/main/GPT/IdiomsSingleImage/singleImage_hatillo.png
SINGLE_2034,hazañoso,"Referido a una persona, presumida, jactanciosa.",https://raw.githubusercontent.com/MariaaPinzon/ImagesEvaluatingMLLM/refs/heads/main/GPT/IdiomsSingleImage/singleImage_haza%C3%B1oso.png
SINGLE_2035,hebilla,"Pinza metálica, plástica o de otro material que se usa para coger el pelo.",https://raw.githubusercontent.com/MariaaPinzon/ImagesEvaluatingMLLM/refs/heads/main/GPT/IdiomsSingleImage/singleImage_hebilla.png
SINGLE_2036,hechor,"dicho del asno, destinado para cubrir o reproducir",https://raw.githubusercontent.com/MariaaPinzon/ImagesEvaluatingMLLM/refs/heads/main/GPT/IdiomsSingleImage/singleImage_hechor.png
SINGLE_2037,helaje,frío intenso,https://raw.githubusercontent.com/MariaaPinzon/ImagesEvaluatingMLLM/refs/heads/main/GPT/IdiomsSingleImage/singleImage_helaje.png
SINGLE_2038,hermanolo,hermano,https://raw.githubusercontent.com/MariaaPinzon/ImagesEvaluatingMLLM/refs/heads/main/GPT/IdiomsSingleImage/singleImage_hermanolo.png
SINGLE_2039,herrón,Punta de hierro del trompo.,https://raw.githubusercontent.com/MariaaPinzon/ImagesEvaluatingMLLM/refs/heads/main/GPT/IdiomsSingleImage/singleImage_herr%C3%B3n.png
SINGLE_2040,hervezón,"- Respiración agitada y rápida.
- Preparación terapéutica con hierbas, especias y vegetales, principalmente cebolla y ajo que se bebe caliente para aliviar malestares de estómago, mareos y otros.",https://raw.githubusercontent.com/MariaaPinzon/ImagesEvaluatingMLLM/refs/heads/main/GPT/IdiomsSingleImage/singleImage_hervez%C3%B3n.png
SINGLE_2041,hico,Cuerda o lazo con el que se amarra la hamaca o el chinchorro.,https://raw.githubusercontent.com/MariaaPinzon/ImagesEvaluatingMLLM/refs/heads/main/GPT/IdiomsSingleImage/singleImage_hico.png
SINGLE_2042,hijo de puta,expresión que se emplea como ofensa o como interjección emotiva,https://raw.githubusercontent.com/MariaaPinzon/ImagesEvaluatingMLLM/refs/heads/main/GPT/IdiomsSingleImage/singleImage_hijo_de_puta.png
SINGLE_2043,hijuemadre,"Se usa para expresar admiración, sorpresa, desagrado y miedo.",https://raw.githubusercontent.com/MariaaPinzon/ImagesEvaluatingMLLM/refs/heads/main/GPT/IdiomsSingleImage/singleImage_hijuemadre.png
SINGLE_2044,hijuemichica,"- Persona desagradable, de mal proceder.
- Se usa para expresar admiración, sorpresa, desagrado y miedo.",https://raw.githubusercontent.com/MariaaPinzon/ImagesEvaluatingMLLM/refs/heads/main/GPT/IdiomsSingleImage/singleImage_hijuemichica.png
SINGLE_2045,hijuemil,"Mucho, gran cantidad de algo.",https://raw.githubusercontent.com/MariaaPinzon/ImagesEvaluatingMLLM/refs/heads/main/GPT/IdiomsSingleImage/singleImage_hijuemil.png
SINGLE_2046,hijuepuerca,"Expresa sorpresa, ira, alegría o dolor",https://raw.githubusercontent.com/MariaaPinzon/ImagesEvaluatingMLLM/refs/heads/main/GPT/IdiomsSingleImage/singleImage_hijuepuerca.png
SINGLE_2047,hijueputa,"- expresión que se emplea como ofensa o como interjección emotiva
- Se usa para expresar disgusto, sorpresa, admiración y miedo.
- Persona detestable, que actúa con maldad.",https://raw.githubusercontent.com/MariaaPinzon/ImagesEvaluatingMLLM/refs/heads/main/GPT/IdiomsSingleImage/singleImage_hijueputa.png
SINGLE_2048,hisopo,"- Palito de plástico cuyos extremos están forrados en algodón, que se usa para el aseo personal.
- escobilla para pintar paredes",https://raw.githubusercontent.com/MariaaPinzon/ImagesEvaluatingMLLM/refs/heads/main/GPT/IdiomsSingleImage/singleImage_hisopo.png
SINGLE_2049,hora pico,Periodo del día en que hay mayor congestión en el transporte.,https://raw.githubusercontent.com/MariaaPinzon/ImagesEvaluatingMLLM/refs/heads/main/GPT/IdiomsSingleImage/singleImage_hora_pico.png
SINGLE_2050,hora(s) pico,horas de mayor tráfico o demanda,https://raw.githubusercontent.com/MariaaPinzon/ImagesEvaluatingMLLM/refs/heads/main/GPT/IdiomsSingleImage/singleImage_hora_s__pico.png
SINGLE_2051,horneada,Cantidad de alimentos que se ponen al horno en una tanda.,https://raw.githubusercontent.com/MariaaPinzon/ImagesEvaluatingMLLM/refs/heads/main/GPT/IdiomsSingleImage/singleImage_horneada.png
SINGLE_2052,horra,"Referido a una vaca, que no produce leche.",https://raw.githubusercontent.com/MariaaPinzon/ImagesEvaluatingMLLM/refs/heads/main/GPT/IdiomsSingleImage/singleImage_horra.png
SINGLE_2053,hostigante,"Referido a un alimento, empalagoso por la cantidad de dulce.",https://raw.githubusercontent.com/MariaaPinzon/ImagesEvaluatingMLLM/refs/heads/main/GPT/IdiomsSingleImage/singleImage_hostigante.png
SINGLE_2054,hucha,voz que se emplea para azuzar a los perros,https://raw.githubusercontent.com/MariaaPinzon/ImagesEvaluatingMLLM/refs/heads/main/GPT/IdiomsSingleImage/singleImage_hucha.png
SINGLE_2055,huchar,Incitar a un perro para que ataque.,https://raw.githubusercontent.com/MariaaPinzon/ImagesEvaluatingMLLM/refs/heads/main/GPT/IdiomsSingleImage/singleImage_huchar.png
SINGLE_2056,hueguera,enfermedad del ganado vacuno que provoca inflamación de los senos craneales y cuernos,https://raw.githubusercontent.com/MariaaPinzon/ImagesEvaluatingMLLM/refs/heads/main/GPT/IdiomsSingleImage/singleImage_hueguera.png
SINGLE_2057,huequera,enfermedad del ganado vacuno que provoca inflamación de los senos craneales y cuernos,https://raw.githubusercontent.com/MariaaPinzon/ImagesEvaluatingMLLM/refs/heads/main/GPT/IdiomsSingleImage/singleImage_huequera.png
SINGLE_2058,hueso de la alegría,cóxis,https://raw.githubusercontent.com/MariaaPinzon/ImagesEvaluatingMLLM/refs/heads/main/GPT/IdiomsSingleImage/singleImage_hueso_de_la_alegr%C3%ADa.png
SINGLE_2059,huevirayado,"Referido a un hombre maduro, que ya se encuentra en capacidad de afrontar la vida y sus asuntos.",https://raw.githubusercontent.com/MariaaPinzon/ImagesEvaluatingMLLM/refs/heads/main/GPT/IdiomsSingleImage/singleImage_huevirayado.png
SINGLE_2060,huevo tibio,el que es a medio cocer,https://raw.githubusercontent.com/MariaaPinzon/ImagesEvaluatingMLLM/refs/heads/main/GPT/IdiomsSingleImage/singleImage_huevo_tibio.png
SINGLE_2061,huevonada,Cosa de poca importancia.,https://raw.githubusercontent.com/MariaaPinzon/ImagesEvaluatingMLLM/refs/heads/main/GPT/IdiomsSingleImage/singleImage_huevonada.png
SINGLE_2062,huevonear,hacer o decir necedades,https://raw.githubusercontent.com/MariaaPinzon/ImagesEvaluatingMLLM/refs/heads/main/GPT/IdiomsSingleImage/singleImage_huevonear.png
SINGLE_2063,huevos en cacerola,huevos fritos,https://raw.githubusercontent.com/MariaaPinzon/ImagesEvaluatingMLLM/refs/heads/main/GPT/IdiomsSingleImage/singleImage_huevos_en_cacerola.png
SINGLE_2064,huevos pericos,huevos revueltos,https://raw.githubusercontent.com/MariaaPinzon/ImagesEvaluatingMLLM/refs/heads/main/GPT/IdiomsSingleImage/singleImage_huevos_pericos.png
SINGLE_2065,huevón,"- forma de tratamiento de extrema confianza
- Referido a una persona, de poca inteligencia.",https://raw.githubusercontent.com/MariaaPinzon/ImagesEvaluatingMLLM/refs/heads/main/GPT/IdiomsSingleImage/singleImage_huev%C3%B3n.png
SINGLE_2066,hula hula,Juego que consiste en hacer girar un aro alrededor de una parte del cuerpo y mantenerlo por un tiempo en movimiento.,https://raw.githubusercontent.com/MariaaPinzon/ImagesEvaluatingMLLM/refs/heads/main/GPT/IdiomsSingleImage/singleImage_hula_hula.png
SINGLE_2067,hunche,"- Hollejo que queda como residuo en distintos procesos con maíz y algunos cereales.
- Bagazo de la hoja del fique cuando se saca la fibra.
- afrecho, hollejo del maíz y otros cereales",https://raw.githubusercontent.com/MariaaPinzon/ImagesEvaluatingMLLM/refs/heads/main/GPT/IdiomsSingleImage/singleImage_hunche.png
SINGLE_2068,icopor,"Material polímero utilizado para proteger y empacar diferentes tipos de productos, objetos delicados, maquinaria y para hacer manualidades.",https://raw.githubusercontent.com/MariaaPinzon/ImagesEvaluatingMLLM/refs/heads/main/GPT/IdiomsSingleImage/singleImage_icopor.png
SINGLE_2069,icotea,"Tortuga de agua dulce de hasta 30 cm de longitud, caparazón de color café, compuesto de diseños circulares irregulares.",https://raw.githubusercontent.com/MariaaPinzon/ImagesEvaluatingMLLM/refs/heads/main/GPT/IdiomsSingleImage/singleImage_icotea.png
SINGLE_2070,igapó,Tipo de selva propio de las planicies inundables de los ríos de aguas negras de la Amazonía.,https://raw.githubusercontent.com/MariaaPinzon/ImagesEvaluatingMLLM/refs/heads/main/GPT/IdiomsSingleImage/singleImage_igap%C3%B3.png
SINGLE_2071,igua,papa de baja calidad que nace en una sementera de semilla que queda rezagada al tiempo de la cosecha,https://raw.githubusercontent.com/MariaaPinzon/ImagesEvaluatingMLLM/refs/heads/main/GPT/IdiomsSingleImage/singleImage_igua.png
SINGLE_2072,iguazo,"Persona de mal gusto, ordinaria, desagradable.",https://raw.githubusercontent.com/MariaaPinzon/ImagesEvaluatingMLLM/refs/heads/main/GPT/IdiomsSingleImage/singleImage_iguazo.png
SINGLE_2073,iji,expresa negación enérgica,https://raw.githubusercontent.com/MariaaPinzon/ImagesEvaluatingMLLM/refs/heads/main/GPT/IdiomsSingleImage/singleImage_iji.png
SINGLE_2074,imbombera,estado enfermizo de una persona que se manifiesta por hinchazón y palidez excesiva,https://raw.githubusercontent.com/MariaaPinzon/ImagesEvaluatingMLLM/refs/heads/main/GPT/IdiomsSingleImage/singleImage_imbombera.png
SINGLE_2075,imbombo,"torpe, atontado, aturdido",https://raw.githubusercontent.com/MariaaPinzon/ImagesEvaluatingMLLM/refs/heads/main/GPT/IdiomsSingleImage/singleImage_imbombo.png
SINGLE_2076,impajaritable,Que no admite duda ni discusión.,https://raw.githubusercontent.com/MariaaPinzon/ImagesEvaluatingMLLM/refs/heads/main/GPT/IdiomsSingleImage/singleImage_impajaritable.png
SINGLE_2077,imponencia,"Majestuosidad, grandiosidad.",https://raw.githubusercontent.com/MariaaPinzon/ImagesEvaluatingMLLM/refs/heads/main/GPT/IdiomsSingleImage/singleImage_imponencia.png
SINGLE_2078,importaculismo,Actitud de total despreocupación ante una situación que pueda alterar la tranquilidad.,https://raw.githubusercontent.com/MariaaPinzon/ImagesEvaluatingMLLM/refs/heads/main/GPT/IdiomsSingleImage/singleImage_importaculismo.png
SINGLE_2079,impuesto,Tasa con la que está gravada la actividad comercial en el país.,https://raw.githubusercontent.com/MariaaPinzon/ImagesEvaluatingMLLM/refs/heads/main/GPT/IdiomsSingleImage/singleImage_impuesto.png
SINGLE_2080,impulsador,Persona que se encarga de la promoción de productos dentro de un establecimiento comercial.,https://raw.githubusercontent.com/MariaaPinzon/ImagesEvaluatingMLLM/refs/heads/main/GPT/IdiomsSingleImage/singleImage_impulsador.png
SINGLE_2081,incutrino,"Referido a una persona, de apariencia desaseada y descuidada.",https://raw.githubusercontent.com/MariaaPinzon/ImagesEvaluatingMLLM/refs/heads/main/GPT/IdiomsSingleImage/singleImage_incutrino.png
SINGLE_2082,indagatoriar,recibir indagatoria a un acusado,https://raw.githubusercontent.com/MariaaPinzon/ImagesEvaluatingMLLM/refs/heads/main/GPT/IdiomsSingleImage/singleImage_indagatoriar.png
SINGLE_2083,"indio, dia","Referido a una persona, maleducada e inculta.",https://raw.githubusercontent.com/MariaaPinzon/ImagesEvaluatingMLLM/refs/heads/main/GPT/IdiomsSingleImage/singleImage_indio__dia.png
SINGLE_2084,infundia,"Grasa de las aves de corral, especialmente de gallina.",https://raw.githubusercontent.com/MariaaPinzon/ImagesEvaluatingMLLM/refs/heads/main/GPT/IdiomsSingleImage/singleImage_infundia.png
SINGLE_2085,inmamable,"Referido a alguien o a algo, que no se puede soportar, inaguantable.",https://raw.githubusercontent.com/MariaaPinzon/ImagesEvaluatingMLLM/refs/heads/main/GPT/IdiomsSingleImage/singleImage_inmamable.png
SINGLE_2086,inoficioso,Que es innecesario.,https://raw.githubusercontent.com/MariaaPinzon/ImagesEvaluatingMLLM/refs/heads/main/GPT/IdiomsSingleImage/singleImage_inoficioso.png
SINGLE_2087,interiores,"- calzoncillos
- Prenda interior femenina que cubre generalmente desde la cintura hasta la ingle.
- calzones íntimos de mujer",https://raw.githubusercontent.com/MariaaPinzon/ImagesEvaluatingMLLM/refs/heads/main/GPT/IdiomsSingleImage/singleImage_interiores.png
SINGLE_2088,interventoría,"Proceso de supervisión y control del desarrollo de un proyecto, para verificar y exigir el cumplimiento de lo establecido en el contrato.",https://raw.githubusercontent.com/MariaaPinzon/ImagesEvaluatingMLLM/refs/heads/main/GPT/IdiomsSingleImage/singleImage_interventor%C3%ADa.png
SINGLE_2089,intratar,Tratar mal a alguien.,https://raw.githubusercontent.com/MariaaPinzon/ImagesEvaluatingMLLM/refs/heads/main/GPT/IdiomsSingleImage/singleImage_intratar.png
SINGLE_2090,inyectología,"- aplicación de inyecciones
- Técnica o práctica de poner inyecciones.",https://raw.githubusercontent.com/MariaaPinzon/ImagesEvaluatingMLLM/refs/heads/main/GPT/IdiomsSingleImage/singleImage_inyectolog%C3%ADa.png
SINGLE_2091,iqui,Hipo.,https://raw.githubusercontent.com/MariaaPinzon/ImagesEvaluatingMLLM/refs/heads/main/GPT/IdiomsSingleImage/singleImage_iqui.png
SINGLE_2092,irse por el camino viejo,Atorarse con algún alimento o líquido.,https://raw.githubusercontent.com/MariaaPinzon/ImagesEvaluatingMLLM/refs/heads/main/GPT/IdiomsSingleImage/singleImage_irse_por_el_camino_viejo.png
SINGLE_2093,ja,voz con que se ahuyenta las reses y se anima a que caminen los bueyes de carga,https://raw.githubusercontent.com/MariaaPinzon/ImagesEvaluatingMLLM/refs/heads/main/GPT/IdiomsSingleImage/singleImage_ja.png
SINGLE_2094,jacho,Persona tosca o brusca en su actuar.,https://raw.githubusercontent.com/MariaaPinzon/ImagesEvaluatingMLLM/refs/heads/main/GPT/IdiomsSingleImage/singleImage_jacho.png
SINGLE_2095,jai,Clase social alta.,https://raw.githubusercontent.com/MariaaPinzon/ImagesEvaluatingMLLM/refs/heads/main/GPT/IdiomsSingleImage/singleImage_jai.png
SINGLE_2096,jaibaná,Líder espiritual y médico tradicional de las comunidades indígenas de la región del Pacífico.,https://raw.githubusercontent.com/MariaaPinzon/ImagesEvaluatingMLLM/refs/heads/main/GPT/IdiomsSingleImage/singleImage_jaiban%C3%A1.png
SINGLE_2097,jailoso,"dicho de una persona, que pertenece a la alta sociedad o aristocracia",https://raw.githubusercontent.com/MariaaPinzon/ImagesEvaluatingMLLM/refs/heads/main/GPT/IdiomsSingleImage/singleImage_jailoso.png
SINGLE_2098,jala,Borrachera.,https://raw.githubusercontent.com/MariaaPinzon/ImagesEvaluatingMLLM/refs/heads/main/GPT/IdiomsSingleImage/singleImage_jala.png
SINGLE_2099,jalonazo,Tirón de forma violenta a alguien o algo de repente.,https://raw.githubusercontent.com/MariaaPinzon/ImagesEvaluatingMLLM/refs/heads/main/GPT/IdiomsSingleImage/singleImage_jalonazo.png
SINGLE_2100,jalón,"Tirón fuerte, de forma brusca y premeditado algunas veces.",https://raw.githubusercontent.com/MariaaPinzon/ImagesEvaluatingMLLM/refs/heads/main/GPT/IdiomsSingleImage/singleImage_jal%C3%B3n.png
SINGLE_2101,jardinear,Trabajar el jardín por pasatiempo.,https://raw.githubusercontent.com/MariaaPinzon/ImagesEvaluatingMLLM/refs/heads/main/GPT/IdiomsSingleImage/singleImage_jardinear.png
SINGLE_2102,jarocho,"alegre, desenvuelto, ágil de movimientos",https://raw.githubusercontent.com/MariaaPinzon/ImagesEvaluatingMLLM/refs/heads/main/GPT/IdiomsSingleImage/singleImage_jarocho.png
SINGLE_2103,jarrada,Contenido de un líquido en una jarra.,https://raw.githubusercontent.com/MariaaPinzon/ImagesEvaluatingMLLM/refs/heads/main/GPT/IdiomsSingleImage/singleImage_jarrada.png
SINGLE_2104,jarretón,"Referido a una persona, que tiene los pies grandes.",https://raw.githubusercontent.com/MariaaPinzon/ImagesEvaluatingMLLM/refs/heads/main/GPT/IdiomsSingleImage/singleImage_jarret%C3%B3n.png
SINGLE_2105,jarriador,"Referido a una persona, que transporta y vende a domicilio agua potable o leche.",https://raw.githubusercontent.com/MariaaPinzon/ImagesEvaluatingMLLM/refs/heads/main/GPT/IdiomsSingleImage/singleImage_jarriador.png
SINGLE_2106,jartar,"- ingerir licor u otro líquido
- fastidiarse con algo o alguien
- Comer en exceso",https://raw.githubusercontent.com/MariaaPinzon/ImagesEvaluatingMLLM/refs/heads/main/GPT/IdiomsSingleImage/singleImage_jartar.png
SINGLE_2107,jartera,"- Cosa o situación que produce pereza o falta de interés.
- fastidio, molestia",https://raw.githubusercontent.com/MariaaPinzon/ImagesEvaluatingMLLM/refs/heads/main/GPT/IdiomsSingleImage/singleImage_jartera.png
SINGLE_2108,jartiña,"Comida, alimento.",https://raw.githubusercontent.com/MariaaPinzon/ImagesEvaluatingMLLM/refs/heads/main/GPT/IdiomsSingleImage/singleImage_jarti%C3%B1a.png
SINGLE_2109,jarto,"- Referido a una actividad o cosa, desagradable.
- Referido a una persona, cansada o aburrida de algo.",https://raw.githubusercontent.com/MariaaPinzon/ImagesEvaluatingMLLM/refs/heads/main/GPT/IdiomsSingleImage/singleImage_jarto.png
SINGLE_2110,jasajasa,Enfermedad de la piel que se manifiesta en una fuerte comezón o rasquiña.,https://raw.githubusercontent.com/MariaaPinzon/ImagesEvaluatingMLLM/refs/heads/main/GPT/IdiomsSingleImage/singleImage_jasajasa.png
SINGLE_2111,jayaco,"Alimento que se prepara con masa de maíz, de forma cilíndrica, envuelta generalmente en ameros y cocida al vapor.",https://raw.githubusercontent.com/MariaaPinzon/ImagesEvaluatingMLLM/refs/heads/main/GPT/IdiomsSingleImage/singleImage_jayaco.png
SINGLE_2112,jayanazo,"Hombre alto, corpulento y fuerte.",https://raw.githubusercontent.com/MariaaPinzon/ImagesEvaluatingMLLM/refs/heads/main/GPT/IdiomsSingleImage/singleImage_jayanazo.png
SINGLE_2113,jecho,"Referido a una fruta, madura.",https://raw.githubusercontent.com/MariaaPinzon/ImagesEvaluatingMLLM/refs/heads/main/GPT/IdiomsSingleImage/singleImage_jecho.png
SINGLE_2114,jedentina,hediondez,https://raw.githubusercontent.com/MariaaPinzon/ImagesEvaluatingMLLM/refs/heads/main/GPT/IdiomsSingleImage/singleImage_jedentina.png
SINGLE_2115,jediondera,molestia,https://raw.githubusercontent.com/MariaaPinzon/ImagesEvaluatingMLLM/refs/heads/main/GPT/IdiomsSingleImage/singleImage_jediondera.png
SINGLE_2116,jediondo,"- Referido a una cosa o persona, que despide un olor fétido.
- Referido a una persona, despreciable.",https://raw.githubusercontent.com/MariaaPinzon/ImagesEvaluatingMLLM/refs/heads/main/GPT/IdiomsSingleImage/singleImage_jediondo.png
SINGLE_2117,jerentina,Olor fuerte y desagradable.,https://raw.githubusercontent.com/MariaaPinzon/ImagesEvaluatingMLLM/refs/heads/main/GPT/IdiomsSingleImage/singleImage_jerentina.png
SINGLE_2118,jeringada,Cantidad de líquido que cabe en una jeringa.,https://raw.githubusercontent.com/MariaaPinzon/ImagesEvaluatingMLLM/refs/heads/main/GPT/IdiomsSingleImage/singleImage_jeringada.png
SINGLE_2119,jerrequejere,"desorden, barullo",https://raw.githubusercontent.com/MariaaPinzon/ImagesEvaluatingMLLM/refs/heads/main/GPT/IdiomsSingleImage/singleImage_jerrequejere.png
SINGLE_2120,jeta,"- Hacer mala cara.
- Caerse de cara.",https://raw.githubusercontent.com/MariaaPinzon/ImagesEvaluatingMLLM/refs/heads/main/GPT/IdiomsSingleImage/singleImage_jeta.png
SINGLE_2121,jetabulario,vocabulario soez,https://raw.githubusercontent.com/MariaaPinzon/ImagesEvaluatingMLLM/refs/heads/main/GPT/IdiomsSingleImage/singleImage_jetabulario.png
SINGLE_2122,jetiar,"Ensanchar algo por uso, perdiendo su forma original.",https://raw.githubusercontent.com/MariaaPinzon/ImagesEvaluatingMLLM/refs/heads/main/GPT/IdiomsSingleImage/singleImage_jetiar.png
SINGLE_2123,jetiarse,"- Morir.
- Dormir.",https://raw.githubusercontent.com/MariaaPinzon/ImagesEvaluatingMLLM/refs/heads/main/GPT/IdiomsSingleImage/singleImage_jetiarse.png
SINGLE_2124,jetón,"- Referido a una persona, de boca grande.
- Referido a una persona, mitómana o charlatana.",https://raw.githubusercontent.com/MariaaPinzon/ImagesEvaluatingMLLM/refs/heads/main/GPT/IdiomsSingleImage/singleImage_jet%C3%B3n.png
SINGLE_2125,jinchera,"- borrachera
- Borrachera.",https://raw.githubusercontent.com/MariaaPinzon/ImagesEvaluatingMLLM/refs/heads/main/GPT/IdiomsSingleImage/singleImage_jinchera.png
SINGLE_2126,jincho,"Referido a una persona, borracha.",https://raw.githubusercontent.com/MariaaPinzon/ImagesEvaluatingMLLM/refs/heads/main/GPT/IdiomsSingleImage/singleImage_jincho.png
SINGLE_2127,jipa,"- Fibra obtenida de la palma de iraca, con la que se hacen sombreros.
- Sombrero hecho con palma de iraca.",https://raw.githubusercontent.com/MariaaPinzon/ImagesEvaluatingMLLM/refs/heads/main/GPT/IdiomsSingleImage/singleImage_jipa.png
SINGLE_2128,jipata,mujer encinta,https://raw.githubusercontent.com/MariaaPinzon/ImagesEvaluatingMLLM/refs/heads/main/GPT/IdiomsSingleImage/singleImage_jipata.png
SINGLE_2129,jipato,"- Referido a una persona, que está lleno luego de ingerir alimentos.
- Referido a una persona, de semblante pálido, demacrada y sin ánimo.
- Referido a una cosa o animal, de color pálido o amarillento.",https://raw.githubusercontent.com/MariaaPinzon/ImagesEvaluatingMLLM/refs/heads/main/GPT/IdiomsSingleImage/singleImage_jipato.png
SINGLE_2130,jiquerón,"Referido a una persona, que actúa con poca inteligencia o poco entendimiento.",https://raw.githubusercontent.com/MariaaPinzon/ImagesEvaluatingMLLM/refs/heads/main/GPT/IdiomsSingleImage/singleImage_jiquer%C3%B3n.png
SINGLE_2131,jochar,aguijar al ganado,https://raw.githubusercontent.com/MariaaPinzon/ImagesEvaluatingMLLM/refs/heads/main/GPT/IdiomsSingleImage/singleImage_jochar.png
SINGLE_2132,joche,"Referido a una persona, lenta y de poca inteligencia.",https://raw.githubusercontent.com/MariaaPinzon/ImagesEvaluatingMLLM/refs/heads/main/GPT/IdiomsSingleImage/singleImage_joche.png
SINGLE_2133,joco,Recipiente de uso doméstico hecho del fruto del totumo para guardar diferentes alimentos o cargar líquidos.,https://raw.githubusercontent.com/MariaaPinzon/ImagesEvaluatingMLLM/refs/heads/main/GPT/IdiomsSingleImage/singleImage_joco.png
SINGLE_2134,jodencia,joda,https://raw.githubusercontent.com/MariaaPinzon/ImagesEvaluatingMLLM/refs/heads/main/GPT/IdiomsSingleImage/singleImage_jodencia.png
SINGLE_2135,jojoro,"podrido, esponjoso, sin sustancia",https://raw.githubusercontent.com/MariaaPinzon/ImagesEvaluatingMLLM/refs/heads/main/GPT/IdiomsSingleImage/singleImage_jojoro.png
SINGLE_2136,jojoto,Maíz tierno.,https://raw.githubusercontent.com/MariaaPinzon/ImagesEvaluatingMLLM/refs/heads/main/GPT/IdiomsSingleImage/singleImage_jojoto.png
SINGLE_2137,jondear,"tirar, lanzar, arrojar",https://raw.githubusercontent.com/MariaaPinzon/ImagesEvaluatingMLLM/refs/heads/main/GPT/IdiomsSingleImage/singleImage_jondear.png
SINGLE_2138,jonjolear,Cuidar o tratar con condescendencia a alguien que es caprichoso o que demanda mucha atención.,https://raw.githubusercontent.com/MariaaPinzon/ImagesEvaluatingMLLM/refs/heads/main/GPT/IdiomsSingleImage/singleImage_jonjolear.png
SINGLE_2139,jonrón,"En el béisbol, golpe que le permite al bateador recorrer todas las bases en orden para hacer una carrera.",https://raw.githubusercontent.com/MariaaPinzon/ImagesEvaluatingMLLM/refs/heads/main/GPT/IdiomsSingleImage/singleImage_jonr%C3%B3n.png
SINGLE_2140,jopo,Nalgas de una persona.,https://raw.githubusercontent.com/MariaaPinzon/ImagesEvaluatingMLLM/refs/heads/main/GPT/IdiomsSingleImage/singleImage_jopo.png
SINGLE_2141,joropear,"- bailar, divertirse
- bailar el joropo",https://raw.githubusercontent.com/MariaaPinzon/ImagesEvaluatingMLLM/refs/heads/main/GPT/IdiomsSingleImage/singleImage_joropear.png
SINGLE_2142,joropo,baile popular que se practica principalmente en los llanos orientales,https://raw.githubusercontent.com/MariaaPinzon/ImagesEvaluatingMLLM/refs/heads/main/GPT/IdiomsSingleImage/singleImage_joropo.png
SINGLE_2143,joropódromo,Espectáculo a campo abierto donde se baila joropo con música en vivo y participan bailarines expertos y aficionados.,https://raw.githubusercontent.com/MariaaPinzon/ImagesEvaluatingMLLM/refs/heads/main/GPT/IdiomsSingleImage/singleImage_jorop%C3%B3dromo.png
SINGLE_2144,jorra,"Referido a la yuca, que no está en buen estado, azulosa y amarga.",https://raw.githubusercontent.com/MariaaPinzon/ImagesEvaluatingMLLM/refs/heads/main/GPT/IdiomsSingleImage/singleImage_jorra.png
SINGLE_2145,jorro,"Referido a una persona, que está fastidiada o aburrida por una situación reiterativa.",https://raw.githubusercontent.com/MariaaPinzon/ImagesEvaluatingMLLM/refs/heads/main/GPT/IdiomsSingleImage/singleImage_jorro.png
SINGLE_2146,josefino,homosexual,https://raw.githubusercontent.com/MariaaPinzon/ImagesEvaluatingMLLM/refs/heads/main/GPT/IdiomsSingleImage/singleImage_josefino.png
SINGLE_2147,jota,Baile chocoano que nace como una burla de los afrodescendientes esclavizados a la forma en que los esclavistas españoles bailaban el propio.,https://raw.githubusercontent.com/MariaaPinzon/ImagesEvaluatingMLLM/refs/heads/main/GPT/IdiomsSingleImage/singleImage_jota.png
SINGLE_2148,juagar,Retirar el jabón de algo enjabonado.,https://raw.githubusercontent.com/MariaaPinzon/ImagesEvaluatingMLLM/refs/heads/main/GPT/IdiomsSingleImage/singleImage_juagar.png
SINGLE_2149,juaica,anciano fabuloso que vive en las montañas y que persigue a las muchachas casaderas,https://raw.githubusercontent.com/MariaaPinzon/ImagesEvaluatingMLLM/refs/heads/main/GPT/IdiomsSingleImage/singleImage_juaica.png
SINGLE_2150,juchar,Incrustar el toro los cuernos a alguien.,https://raw.githubusercontent.com/MariaaPinzon/ImagesEvaluatingMLLM/refs/heads/main/GPT/IdiomsSingleImage/singleImage_juchar.png
SINGLE_2151,juepa,"voz que expresa alegría, especialmente en los bailes",https://raw.githubusercontent.com/MariaaPinzon/ImagesEvaluatingMLLM/refs/heads/main/GPT/IdiomsSingleImage/singleImage_juepa.png
SINGLE_2152,juglar,"Persona que componía, improvisaba, ejecutaba el acordeón y cantaba ritmos vallenatos sobre las vivencias y costumbres del Valle de Upar.",https://raw.githubusercontent.com/MariaaPinzon/ImagesEvaluatingMLLM/refs/heads/main/GPT/IdiomsSingleImage/singleImage_juglar.png
SINGLE_2153,julenco,"Referido a una persona o animal, que cojea.",https://raw.githubusercontent.com/MariaaPinzon/ImagesEvaluatingMLLM/refs/heads/main/GPT/IdiomsSingleImage/singleImage_julenco.png
SINGLE_2154,julepear,"insistir, urgir",https://raw.githubusercontent.com/MariaaPinzon/ImagesEvaluatingMLLM/refs/heads/main/GPT/IdiomsSingleImage/singleImage_julepear.png
SINGLE_2155,jullero,"- Referido a una persona, mentirosa.
- Referido a una persona, entrometida.",https://raw.githubusercontent.com/MariaaPinzon/ImagesEvaluatingMLLM/refs/heads/main/GPT/IdiomsSingleImage/singleImage_jullero.png
SINGLE_2156,juma,Borrachera.,https://raw.githubusercontent.com/MariaaPinzon/ImagesEvaluatingMLLM/refs/heads/main/GPT/IdiomsSingleImage/singleImage_juma.png
SINGLE_2157,jumarse,emborracharse,https://raw.githubusercontent.com/MariaaPinzon/ImagesEvaluatingMLLM/refs/heads/main/GPT/IdiomsSingleImage/singleImage_jumarse.png
SINGLE_2158,jumbo,"En el ejército, ejercicio físico que consiste en dar un giro completo sobre sí mismo con los brazos extendidos.",https://raw.githubusercontent.com/MariaaPinzon/ImagesEvaluatingMLLM/refs/heads/main/GPT/IdiomsSingleImage/singleImage_jumbo.png
SINGLE_2159,jumo,borracho,https://raw.githubusercontent.com/MariaaPinzon/ImagesEvaluatingMLLM/refs/heads/main/GPT/IdiomsSingleImage/singleImage_jumo.png
SINGLE_2160,juniniar,"Pasear por el centro de Medellín, especialmente por la calle de Junín.",https://raw.githubusercontent.com/MariaaPinzon/ImagesEvaluatingMLLM/refs/heads/main/GPT/IdiomsSingleImage/singleImage_juniniar.png
SINGLE_2161,jura,Lanzar algo al aire para que otros la tomen.,https://raw.githubusercontent.com/MariaaPinzon/ImagesEvaluatingMLLM/refs/heads/main/GPT/IdiomsSingleImage/singleImage_jura.png
SINGLE_2162,jurgo,Cantidad excesiva de algo.,https://raw.githubusercontent.com/MariaaPinzon/ImagesEvaluatingMLLM/refs/heads/main/GPT/IdiomsSingleImage/singleImage_jurgo.png
SINGLE_2163,jurgonera,vivienda pequeña y muy pobre,https://raw.githubusercontent.com/MariaaPinzon/ImagesEvaluatingMLLM/refs/heads/main/GPT/IdiomsSingleImage/singleImage_jurgonera.png
SINGLE_2164,jurguillas,"Referido a una persona, entrometida.",https://raw.githubusercontent.com/MariaaPinzon/ImagesEvaluatingMLLM/refs/heads/main/GPT/IdiomsSingleImage/singleImage_jurguillas.png
SINGLE_2165,jurumba,pipa para fumar,https://raw.githubusercontent.com/MariaaPinzon/ImagesEvaluatingMLLM/refs/heads/main/GPT/IdiomsSingleImage/singleImage_jurumba.png
SINGLE_2166,jurungo,"- idioma extraño
- extranjero",https://raw.githubusercontent.com/MariaaPinzon/ImagesEvaluatingMLLM/refs/heads/main/GPT/IdiomsSingleImage/singleImage_jurungo.png
SINGLE_2167,juste,Cuerpo.,https://raw.githubusercontent.com/MariaaPinzon/ImagesEvaluatingMLLM/refs/heads/main/GPT/IdiomsSingleImage/singleImage_juste.png
SINGLE_2168,kartismo,Deporte de competencia que se practica en karts.,https://raw.githubusercontent.com/MariaaPinzon/ImagesEvaluatingMLLM/refs/heads/main/GPT/IdiomsSingleImage/singleImage_kartismo.png
SINGLE_2169,kepis,Gorra militar de forma ovalada y con visera.,https://raw.githubusercontent.com/MariaaPinzon/ImagesEvaluatingMLLM/refs/heads/main/GPT/IdiomsSingleImage/singleImage_kepis.png
SINGLE_2170,kermesse,"Evento en el que se venden objetos, comida, etc., generalmente con fines benéficos.",https://raw.githubusercontent.com/MariaaPinzon/ImagesEvaluatingMLLM/refs/heads/main/GPT/IdiomsSingleImage/singleImage_kermesse.png
SINGLE_2171,kikato,Persona menor de 15 años.,https://raw.githubusercontent.com/MariaaPinzon/ImagesEvaluatingMLLM/refs/heads/main/GPT/IdiomsSingleImage/singleImage_kikato.png
SINGLE_2172,kilele,"Danza colectiva de origen africano donde los bailarines se ubican en círculos dando pasos cortos hacia adelante y atrás, coreando versos.",https://raw.githubusercontent.com/MariaaPinzon/ImagesEvaluatingMLLM/refs/heads/main/GPT/IdiomsSingleImage/singleImage_kilele.png
SINGLE_2173,kilometraje,Tener mucha experiencia en el ámbito sexual.,https://raw.githubusercontent.com/MariaaPinzon/ImagesEvaluatingMLLM/refs/heads/main/GPT/IdiomsSingleImage/singleImage_kilometraje.png
SINGLE_2174,kárdex,archivo de documentos,https://raw.githubusercontent.com/MariaaPinzon/ImagesEvaluatingMLLM/refs/heads/main/GPT/IdiomsSingleImage/singleImage_k%C3%A1rdex.png
SINGLE_2175,la ropa sucia se lava en casa,expresión que se refiere a la conveniencia de no exponer por fuera problemas domésticos,https://raw.githubusercontent.com/MariaaPinzon/ImagesEvaluatingMLLM/refs/heads/main/GPT/IdiomsSingleImage/singleImage_la_ropa_sucia_se_lava_en_casa.png
SINGLE_2176,laborar,Tener una actividad o trabajo remunerado.,https://raw.githubusercontent.com/MariaaPinzon/ImagesEvaluatingMLLM/refs/heads/main/GPT/IdiomsSingleImage/singleImage_laborar.png
SINGLE_2177,ladilla,Persona o cosa que causa mucho fastidio o malestar.,https://raw.githubusercontent.com/MariaaPinzon/ImagesEvaluatingMLLM/refs/heads/main/GPT/IdiomsSingleImage/singleImage_ladilla.png
SINGLE_2178,lagartear,Tener una persona un comportamiento adulador y oportunista para obtener un puesto de trabajo o algún beneficio propio sin haber hecho ningún mérito.,https://raw.githubusercontent.com/MariaaPinzon/ImagesEvaluatingMLLM/refs/heads/main/GPT/IdiomsSingleImage/singleImage_lagartear.png
SINGLE_2179,lagartería,comportamiento típico de una persona intrigante,https://raw.githubusercontent.com/MariaaPinzon/ImagesEvaluatingMLLM/refs/heads/main/GPT/IdiomsSingleImage/singleImage_lagarter%C3%ADa.png
SINGLE_2180,lambedor,dedo índice,https://raw.githubusercontent.com/MariaaPinzon/ImagesEvaluatingMLLM/refs/heads/main/GPT/IdiomsSingleImage/singleImage_lambedor.png
SINGLE_2181,lambeladrillo,"beato, que frecuenta mucho los templos y se dedica a toda clase de devociones",https://raw.githubusercontent.com/MariaaPinzon/ImagesEvaluatingMLLM/refs/heads/main/GPT/IdiomsSingleImage/singleImage_lambeladrillo.png
SINGLE_2182,lambericas,"- Persona aduladora.
- persona aduladora y servil",https://raw.githubusercontent.com/MariaaPinzon/ImagesEvaluatingMLLM/refs/heads/main/GPT/IdiomsSingleImage/singleImage_lambericas.png
SINGLE_2183,lambetazo,"- acto de adulación
- cada movimiento de la lengua al lamer",https://raw.githubusercontent.com/MariaaPinzon/ImagesEvaluatingMLLM/refs/heads/main/GPT/IdiomsSingleImage/singleImage_lambetazo.png
SINGLE_2184,lambisquear,lamer de prisa y con ansia,https://raw.githubusercontent.com/MariaaPinzon/ImagesEvaluatingMLLM/refs/heads/main/GPT/IdiomsSingleImage/singleImage_lambisquear.png
SINGLE_2185,lambonear,"- Dar una persona opiniones o divulgar información que no es de su incumbencia.
- Adular o tener un comportamiento servil generalmente con sus superiores.",https://raw.githubusercontent.com/MariaaPinzon/ImagesEvaluatingMLLM/refs/heads/main/GPT/IdiomsSingleImage/singleImage_lambonear.png
SINGLE_2186,lambonería,adulación,https://raw.githubusercontent.com/MariaaPinzon/ImagesEvaluatingMLLM/refs/heads/main/GPT/IdiomsSingleImage/singleImage_lamboner%C3%ADa.png
SINGLE_2187,lambón,"- Referido a una persona, que se entromete o divulga información sobre los demás.
- entrometido, adulador",https://raw.githubusercontent.com/MariaaPinzon/ImagesEvaluatingMLLM/refs/heads/main/GPT/IdiomsSingleImage/singleImage_lamb%C3%B3n.png
SINGLE_2188,lamparazo,"- trago grande de licor
- golpe seco",https://raw.githubusercontent.com/MariaaPinzon/ImagesEvaluatingMLLM/refs/heads/main/GPT/IdiomsSingleImage/singleImage_lamparazo.png
SINGLE_2189,lampareado,"Referido a una persona o cosa, salpicado con una sustancia.",https://raw.githubusercontent.com/MariaaPinzon/ImagesEvaluatingMLLM/refs/heads/main/GPT/IdiomsSingleImage/singleImage_lampareado.png
SINGLE_2190,lamparón,Raspadura o herida que se hace en alguna parte del cuerpo.,https://raw.githubusercontent.com/MariaaPinzon/ImagesEvaluatingMLLM/refs/heads/main/GPT/IdiomsSingleImage/singleImage_lampar%C3%B3n.png
SINGLE_2191,lamprea,Persona que come mucho y compulsivamente.,https://raw.githubusercontent.com/MariaaPinzon/ImagesEvaluatingMLLM/refs/heads/main/GPT/IdiomsSingleImage/singleImage_lamprea.png
SINGLE_2192,lana,"dinero, plata",https://raw.githubusercontent.com/MariaaPinzon/ImagesEvaluatingMLLM/refs/heads/main/GPT/IdiomsSingleImage/singleImage_lana.png
SINGLE_2193,langaruto,"Referido a una persona, de contextura delgada y frágil.",https://raw.githubusercontent.com/MariaaPinzon/ImagesEvaluatingMLLM/refs/heads/main/GPT/IdiomsSingleImage/singleImage_langaruto.png
SINGLE_2194,lapa,"Roedor de hasta 50 cm de longitud, pelaje espeso y liso de color café, con hileras de manchas blancas en el lomo, cola y patas cortas, hocico alargado y orejas pequeñas y redondas.",https://raw.githubusercontent.com/MariaaPinzon/ImagesEvaluatingMLLM/refs/heads/main/GPT/IdiomsSingleImage/singleImage_lapa.png
SINGLE_2195,lapicero,"Bolígrafo, instrumento que se usa para escribir que tiene en su interior un tubo de tinta y en uno de sus extremos una punta redonda.",https://raw.githubusercontent.com/MariaaPinzon/ImagesEvaluatingMLLM/refs/heads/main/GPT/IdiomsSingleImage/singleImage_lapicero.png
SINGLE_2196,largada,"En una carrera, partida de los competidores.",https://raw.githubusercontent.com/MariaaPinzon/ImagesEvaluatingMLLM/refs/heads/main/GPT/IdiomsSingleImage/singleImage_largada.png
SINGLE_2197,lavadero,"- Lugar en el que se lavan vehículos, generalmente con máquinas de limpieza especiales.
- Negocio mediante el cual se oculta estratégicamente la procedencia de dineros ilícitos.",https://raw.githubusercontent.com/MariaaPinzon/ImagesEvaluatingMLLM/refs/heads/main/GPT/IdiomsSingleImage/singleImage_lavadero.png
SINGLE_2198,lechería,"finca, especialmente destinada al ordeño de vacas",https://raw.githubusercontent.com/MariaaPinzon/ImagesEvaluatingMLLM/refs/heads/main/GPT/IdiomsSingleImage/singleImage_lecher%C3%ADa.png
SINGLE_2199,lechosa,Papaya.,https://raw.githubusercontent.com/MariaaPinzon/ImagesEvaluatingMLLM/refs/heads/main/GPT/IdiomsSingleImage/singleImage_lechosa.png
SINGLE_2200,legajador,"Utensilio de oficina que consiste en una lámina rectangular de cartón o plástico doblada por la mitad y generalmente con un gancho en la mitad, en el cual se guardan documentos.",https://raw.githubusercontent.com/MariaaPinzon/ImagesEvaluatingMLLM/refs/heads/main/GPT/IdiomsSingleImage/singleImage_legajador.png
SINGLE_2201,leguleyada,Maniobra jurídica en la que se hace parecer una norma o gestión como legal cuando en realidad es ilícita.,https://raw.githubusercontent.com/MariaaPinzon/ImagesEvaluatingMLLM/refs/heads/main/GPT/IdiomsSingleImage/singleImage_leguleyada.png
SINGLE_2202,lejura,Parte remota o muy distante de otro lugar.,https://raw.githubusercontent.com/MariaaPinzon/ImagesEvaluatingMLLM/refs/heads/main/GPT/IdiomsSingleImage/singleImage_lejura.png
SINGLE_2203,lempo,"Referido a una persona, animal o cosa, muy grande, descomunal.",https://raw.githubusercontent.com/MariaaPinzon/ImagesEvaluatingMLLM/refs/heads/main/GPT/IdiomsSingleImage/singleImage_lempo.png
SINGLE_2204,lenguarada,expresión ininteligible por defectuosa vocalización,https://raw.githubusercontent.com/MariaaPinzon/ImagesEvaluatingMLLM/refs/heads/main/GPT/IdiomsSingleImage/singleImage_lenguarada.png
SINGLE_2205,lengüisucio,que emplea expresiones malsonantes,https://raw.githubusercontent.com/MariaaPinzon/ImagesEvaluatingMLLM/refs/heads/main/GPT/IdiomsSingleImage/singleImage_leng%C3%BCisucio.png
SINGLE_2206,lengüisuelto,"indiscreto, chismoso",https://raw.githubusercontent.com/MariaaPinzon/ImagesEvaluatingMLLM/refs/heads/main/GPT/IdiomsSingleImage/singleImage_leng%C3%BCisuelto.png
SINGLE_2207,lentejo,"Referido a una persona, que aparenta ser poco inteligente y muy pausada en sus acciones.",https://raw.githubusercontent.com/MariaaPinzon/ImagesEvaluatingMLLM/refs/heads/main/GPT/IdiomsSingleImage/singleImage_lentejo.png
SINGLE_2208,letra,Indica un tipo de letra ilegible.,https://raw.githubusercontent.com/MariaaPinzon/ImagesEvaluatingMLLM/refs/heads/main/GPT/IdiomsSingleImage/singleImage_letra.png
SINGLE_2209,leva,Faltar intencionalmente a clases.,https://raw.githubusercontent.com/MariaaPinzon/ImagesEvaluatingMLLM/refs/heads/main/GPT/IdiomsSingleImage/singleImage_leva.png
SINGLE_2210,leñatero,el que tiene por oficio buscar leña para venderla,https://raw.githubusercontent.com/MariaaPinzon/ImagesEvaluatingMLLM/refs/heads/main/GPT/IdiomsSingleImage/singleImage_le%C3%B1atero.png
SINGLE_2211,libreta,Documento oficial en el que se certifica que un hombre adulto tiene definida su situación militar.,https://raw.githubusercontent.com/MariaaPinzon/ImagesEvaluatingMLLM/refs/heads/main/GPT/IdiomsSingleImage/singleImage_libreta.png
SINGLE_2212,licorera,"Establecimiento público en el que se venden bebidas alcohólicas, generalmente para llevar.",https://raw.githubusercontent.com/MariaaPinzon/ImagesEvaluatingMLLM/refs/heads/main/GPT/IdiomsSingleImage/singleImage_licorera.png
SINGLE_2213,licra,"Pantalón largo o corto, hecho de un material delgado, elástico y ajustado al cuerpo que se utiliza generalmente para hacer una actividad física.",https://raw.githubusercontent.com/MariaaPinzon/ImagesEvaluatingMLLM/refs/heads/main/GPT/IdiomsSingleImage/singleImage_licra.png
SINGLE_2214,liendra,Huevo de piojo que se adhiere al pelo.,https://raw.githubusercontent.com/MariaaPinzon/ImagesEvaluatingMLLM/refs/heads/main/GPT/IdiomsSingleImage/singleImage_liendra.png
SINGLE_2215,ligado,"- Referido a una persona, que tiene buena suerte.
- Referido a una persona, que tiene mala suerte.",https://raw.githubusercontent.com/MariaaPinzon/ImagesEvaluatingMLLM/refs/heads/main/GPT/IdiomsSingleImage/singleImage_ligado.png
SINGLE_2216,limosnero,"Referido a una persona, que pide limosna en las calles.",https://raw.githubusercontent.com/MariaaPinzon/ImagesEvaluatingMLLM/refs/heads/main/GPT/IdiomsSingleImage/singleImage_limosnero.png
SINGLE_2217,limpiavidrios,"- Persona que tiene por oficio la limpieza de vidrios, generalmente de las ventanas de los edificios.
- Detergente líquido que se emplea para desengrasar y limpiar los vidrios.",https://raw.githubusercontent.com/MariaaPinzon/ImagesEvaluatingMLLM/refs/heads/main/GPT/IdiomsSingleImage/singleImage_limpiavidrios.png
SINGLE_2218,limpión,Trozo de tela que se emplea en la cocina para secar o limpiar.,https://raw.githubusercontent.com/MariaaPinzon/ImagesEvaluatingMLLM/refs/heads/main/GPT/IdiomsSingleImage/singleImage_limpi%C3%B3n.png
SINGLE_2219,liquiliqui,"Traje típico masculino de los Llanos Orientales, hecho generalmente de lino o dril y compuesto por chaqueta y pantalón del mismo color.",https://raw.githubusercontent.com/MariaaPinzon/ImagesEvaluatingMLLM/refs/heads/main/GPT/IdiomsSingleImage/singleImage_liquiliqui.png
SINGLE_2220,lisura,"- desfachatez, desvergüenza
- expresión procaz",https://raw.githubusercontent.com/MariaaPinzon/ImagesEvaluatingMLLM/refs/heads/main/GPT/IdiomsSingleImage/singleImage_lisura.png
SINGLE_2221,liudar,fermentar la masa con la levadura,https://raw.githubusercontent.com/MariaaPinzon/ImagesEvaluatingMLLM/refs/heads/main/GPT/IdiomsSingleImage/singleImage_liudar.png
SINGLE_2222,lizadero,Juego infantil ubicado en los parques que consta de una rampa y unas escaleras por las que los niños suben para luego deslizarse.,https://raw.githubusercontent.com/MariaaPinzon/ImagesEvaluatingMLLM/refs/heads/main/GPT/IdiomsSingleImage/singleImage_lizadero.png
SINGLE_2223,llanero,Relacionado con los Llanos orientales colombianos.,https://raw.githubusercontent.com/MariaaPinzon/ImagesEvaluatingMLLM/refs/heads/main/GPT/IdiomsSingleImage/singleImage_llanero.png
SINGLE_2224,llave,Forma de tratamiento usada entre amigos o compañeros de género masculino.,https://raw.githubusercontent.com/MariaaPinzon/ImagesEvaluatingMLLM/refs/heads/main/GPT/IdiomsSingleImage/singleImage_llave.png
SINGLE_2225,llavería,"Amigo, compañero inseparable.",https://raw.githubusercontent.com/MariaaPinzon/ImagesEvaluatingMLLM/refs/heads/main/GPT/IdiomsSingleImage/singleImage_llaver%C3%ADa.png
SINGLE_2226,llevado,"- a . dicho de una persona, que está en mala situación económica
- Referido a una persona, que está muy cansado o no puede más con la actividad que debe llevar a cabo.
- Referido a una persona, que se encuentra bajo los efectos de las drogas.
- Referido a una persona, que se encuentra en una mala situación económica.",https://raw.githubusercontent.com/MariaaPinzon/ImagesEvaluatingMLLM/refs/heads/main/GPT/IdiomsSingleImage/singleImage_llevado.png
SINGLE_2227,llevar de diestro,llevar de cabestro a una bestia,https://raw.githubusercontent.com/MariaaPinzon/ImagesEvaluatingMLLM/refs/heads/main/GPT/IdiomsSingleImage/singleImage_llevar_de_diestro.png
SINGLE_2228,lloretas,"Referido a una persona, que llora mucho.",https://raw.githubusercontent.com/MariaaPinzon/ImagesEvaluatingMLLM/refs/heads/main/GPT/IdiomsSingleImage/singleImage_lloretas.png
SINGLE_2229,llorona,borrachera con llanto,https://raw.githubusercontent.com/MariaaPinzon/ImagesEvaluatingMLLM/refs/heads/main/GPT/IdiomsSingleImage/singleImage_llorona.png
SINGLE_2230,llovedera,Lluvia continua.,https://raw.githubusercontent.com/MariaaPinzon/ImagesEvaluatingMLLM/refs/heads/main/GPT/IdiomsSingleImage/singleImage_llovedera.png
SINGLE_2231,lloviznarse,Mojarse con la lluvia.,https://raw.githubusercontent.com/MariaaPinzon/ImagesEvaluatingMLLM/refs/heads/main/GPT/IdiomsSingleImage/singleImage_lloviznarse.png
SINGLE_2232,lluspar,"Resbalar, deslizar.",https://raw.githubusercontent.com/MariaaPinzon/ImagesEvaluatingMLLM/refs/heads/main/GPT/IdiomsSingleImage/singleImage_lluspar.png
SINGLE_2233,lluspioso,"Referido a un objeto o superficie, que se resbala o se desliza con facilidad.",https://raw.githubusercontent.com/MariaaPinzon/ImagesEvaluatingMLLM/refs/heads/main/GPT/IdiomsSingleImage/singleImage_lluspioso.png
SINGLE_2234,lluvia,"- Celebración de diverso tipo en la que los invitados regalan sobres con dinero al festejado.
- En la reunión de una pareja que se casa, o de una futura madre, obsequios que se llevan para el nuevo hogar o el nuevo bebé.",https://raw.githubusercontent.com/MariaaPinzon/ImagesEvaluatingMLLM/refs/heads/main/GPT/IdiomsSingleImage/singleImage_lluvia.png
SINGLE_2235,lobería,"- Algo de mal gusto, escandaloso u ordinario.
- acción de mal gusto",https://raw.githubusercontent.com/MariaaPinzon/ImagesEvaluatingMLLM/refs/heads/main/GPT/IdiomsSingleImage/singleImage_lober%C3%ADa.png
SINGLE_2236,lobo,"- dicho de una persona o cosa, de mal gusto, horrible ¡qué casa tan loba
- Referido a una persona u objeto, ordinario o de apariencia desagradable.",https://raw.githubusercontent.com/MariaaPinzon/ImagesEvaluatingMLLM/refs/heads/main/GPT/IdiomsSingleImage/singleImage_lobo.png
SINGLE_2237,lobón,"Lagarto de color verde oliva con manchas negras, caracterizado por una cola de cerca de 50 cm que usa para defenderse, y la propiedad de mimetizarse según las tonalidades del ambiente que le rodea.",https://raw.githubusercontent.com/MariaaPinzon/ImagesEvaluatingMLLM/refs/heads/main/GPT/IdiomsSingleImage/singleImage_lob%C3%B3n.png
SINGLE_2238,locato,"dicho de una persona, alocada, de poco juicio",https://raw.githubusercontent.com/MariaaPinzon/ImagesEvaluatingMLLM/refs/heads/main/GPT/IdiomsSingleImage/singleImage_locato.png
SINGLE_2239,locha,pereza,https://raw.githubusercontent.com/MariaaPinzon/ImagesEvaluatingMLLM/refs/heads/main/GPT/IdiomsSingleImage/singleImage_locha.png
SINGLE_2240,locho,Pereza para realizar alguna actividad.,https://raw.githubusercontent.com/MariaaPinzon/ImagesEvaluatingMLLM/refs/heads/main/GPT/IdiomsSingleImage/singleImage_locho.png
SINGLE_2241,locro,sopa de papas,https://raw.githubusercontent.com/MariaaPinzon/ImagesEvaluatingMLLM/refs/heads/main/GPT/IdiomsSingleImage/singleImage_locro.png
SINGLE_2242,lolas,Senos de la mujer.,https://raw.githubusercontent.com/MariaaPinzon/ImagesEvaluatingMLLM/refs/heads/main/GPT/IdiomsSingleImage/singleImage_lolas.png
SINGLE_2243,loliar,Ir por varios almacenes probándose los productos o preguntando por sus características sin tener la intención de comprarlos.,https://raw.githubusercontent.com/MariaaPinzon/ImagesEvaluatingMLLM/refs/heads/main/GPT/IdiomsSingleImage/singleImage_loliar.png
SINGLE_2244,lolo,Persona que va por distintos almacenes probándose los productos o preguntando por sus características sin tener la intención de comprarlos.,https://raw.githubusercontent.com/MariaaPinzon/ImagesEvaluatingMLLM/refs/heads/main/GPT/IdiomsSingleImage/singleImage_lolo.png
SINGLE_2245,lonche,"agasajo infantil, generalmente para celebrar un cumpleaños",https://raw.githubusercontent.com/MariaaPinzon/ImagesEvaluatingMLLM/refs/heads/main/GPT/IdiomsSingleImage/singleImage_lonche.png
SINGLE_2246,lonchera,Recipiente plástico o de otro material en el que los niños llevan su alimento al colegio.,https://raw.githubusercontent.com/MariaaPinzon/ImagesEvaluatingMLLM/refs/heads/main/GPT/IdiomsSingleImage/singleImage_lonchera.png
SINGLE_2247,lonchería,restaurante donde se consumen comidas ligeras,https://raw.githubusercontent.com/MariaaPinzon/ImagesEvaluatingMLLM/refs/heads/main/GPT/IdiomsSingleImage/singleImage_loncher%C3%ADa.png
SINGLE_2248,longo,Piedra.,https://raw.githubusercontent.com/MariaaPinzon/ImagesEvaluatingMLLM/refs/heads/main/GPT/IdiomsSingleImage/singleImage_longo.png
SINGLE_2249,loquera,"locura. ¡correr por el cura! –vocifera mazuera– pero ligero, que la fiebre poética le ha dado con loquera",https://raw.githubusercontent.com/MariaaPinzon/ImagesEvaluatingMLLM/refs/heads/main/GPT/IdiomsSingleImage/singleImage_loquera.png
SINGLE_2250,loquina,loquera,https://raw.githubusercontent.com/MariaaPinzon/ImagesEvaluatingMLLM/refs/heads/main/GPT/IdiomsSingleImage/singleImage_loquina.png
SINGLE_2251,lora,"- Persona que habla mucho.
- llaga, úlcera",https://raw.githubusercontent.com/MariaaPinzon/ImagesEvaluatingMLLM/refs/heads/main/GPT/IdiomsSingleImage/singleImage_lora.png
SINGLE_2252,loína,"Armónica, instrumento de viento tradicional usada en ceremonias y festividades.",https://raw.githubusercontent.com/MariaaPinzon/ImagesEvaluatingMLLM/refs/heads/main/GPT/IdiomsSingleImage/singleImage_lo%C3%ADna.png
SINGLE_2253,luca,Cantidad de dinero equivalente a un peso.,https://raw.githubusercontent.com/MariaaPinzon/ImagesEvaluatingMLLM/refs/heads/main/GPT/IdiomsSingleImage/singleImage_luca.png
SINGLE_2254,lulo,"Juego de mesa que se realiza con la baraja española que consiste en que los jugadores, con las cartas que tienen en la mano, debe ganar a los demás según la muestra de carta que haya salido, para ganar uno de los tres montos de apuesta.",https://raw.githubusercontent.com/MariaaPinzon/ImagesEvaluatingMLLM/refs/heads/main/GPT/IdiomsSingleImage/singleImage_lulo.png
SINGLE_2255,lumbalú,"Ritual funerario de San Basilio de Palenque, en el que los adultos realizan cantos y danzas durante el velorio.",https://raw.githubusercontent.com/MariaaPinzon/ImagesEvaluatingMLLM/refs/heads/main/GPT/IdiomsSingleImage/singleImage_lumbal%C3%BA.png
SINGLE_2256,lunarejo,"dicho de una persona, que tiene muchos lunares, y de ciertos animales que tienen muchas manchas",https://raw.githubusercontent.com/MariaaPinzon/ImagesEvaluatingMLLM/refs/heads/main/GPT/IdiomsSingleImage/singleImage_lunarejo.png
SINGLE_2257,lungo,"- jornal
- jornalero
- falto de destreza, torpe",https://raw.githubusercontent.com/MariaaPinzon/ImagesEvaluatingMLLM/refs/heads/main/GPT/IdiomsSingleImage/singleImage_lungo.png
SINGLE_2258,lupia,Dinero.,https://raw.githubusercontent.com/MariaaPinzon/ImagesEvaluatingMLLM/refs/heads/main/GPT/IdiomsSingleImage/singleImage_lupia.png
SINGLE_2259,lupias,dinero en poca cantidad,https://raw.githubusercontent.com/MariaaPinzon/ImagesEvaluatingMLLM/refs/heads/main/GPT/IdiomsSingleImage/singleImage_lupias.png
SINGLE_2260,luquiado,"Referido a una persona, que tiene mucho dinero.",https://raw.githubusercontent.com/MariaaPinzon/ImagesEvaluatingMLLM/refs/heads/main/GPT/IdiomsSingleImage/singleImage_luquiado.png
SINGLE_2261,lustrabotas,"- persona cuyo oficio es limpiar y lustrar el calzado
- Persona que tiene por oficio limpiar y lustrar el calzado.",https://raw.githubusercontent.com/MariaaPinzon/ImagesEvaluatingMLLM/refs/heads/main/GPT/IdiomsSingleImage/singleImage_lustrabotas.png
SINGLE_2262,líchigo,"- Cantidad pequeña de hortalizas, frutas y verduras que se compra generalmente para el consumo diario.
- Dinero.
- Referido a una persona, tacaña.",https://raw.githubusercontent.com/MariaaPinzon/ImagesEvaluatingMLLM/refs/heads/main/GPT/IdiomsSingleImage/singleImage_l%C3%ADchigo.png
SINGLE_2263,"líchigo, ga","Referido a una persona, sin dinero, pobre.",https://raw.githubusercontent.com/MariaaPinzon/ImagesEvaluatingMLLM/refs/heads/main/GPT/IdiomsSingleImage/singleImage_l%C3%ADchigo__ga.png
SINGLE_2264,macambo,"Fruto de este árbol, de forma ovoide y de hasta 20 cm de largo, de cáscara leñosa de color amarillo al madurar, de semillas grandes y cubiertas de pulpa blanca, dulce y comestible.",https://raw.githubusercontent.com/MariaaPinzon/ImagesEvaluatingMLLM/refs/heads/main/GPT/IdiomsSingleImage/singleImage_macambo.png
SINGLE_2265,macancán,"Hombre alto, corpulento y fuerte.",https://raw.githubusercontent.com/MariaaPinzon/ImagesEvaluatingMLLM/refs/heads/main/GPT/IdiomsSingleImage/singleImage_macanc%C3%A1n.png
SINGLE_2266,machera,"Persona, cosa o situación que agradan mucho.",https://raw.githubusercontent.com/MariaaPinzon/ImagesEvaluatingMLLM/refs/heads/main/GPT/IdiomsSingleImage/singleImage_machera.png
SINGLE_2267,macheta,Machete corto de hoja ancha y cabo en madera o material sintético usado para labores del campo y como arma blanca.,https://raw.githubusercontent.com/MariaaPinzon/ImagesEvaluatingMLLM/refs/heads/main/GPT/IdiomsSingleImage/singleImage_macheta.png
SINGLE_2268,machete estate en tu vaina,expresión que advierte que en algunos casos uno debe abstenerse de obrar por temor de riesgos que se presienten,https://raw.githubusercontent.com/MariaaPinzon/ImagesEvaluatingMLLM/refs/heads/main/GPT/IdiomsSingleImage/singleImage_machete_estate_en_tu_vaina.png
SINGLE_2269,machiro,"Referido a una caballería, difícil de adiestrar o con resabios o mañas.",https://raw.githubusercontent.com/MariaaPinzon/ImagesEvaluatingMLLM/refs/heads/main/GPT/IdiomsSingleImage/singleImage_machiro.png
SINGLE_2270,machona,mujer de aspecto y comportamiento hombruno,https://raw.githubusercontent.com/MariaaPinzon/ImagesEvaluatingMLLM/refs/heads/main/GPT/IdiomsSingleImage/singleImage_machona.png
SINGLE_2271,machorra,"- lesbiana, mujer homosexual
- marimacho, mujer corpulenta con ademanes o acciones hombrunas",https://raw.githubusercontent.com/MariaaPinzon/ImagesEvaluatingMLLM/refs/heads/main/GPT/IdiomsSingleImage/singleImage_machorra.png
SINGLE_2272,machorrucio,Sopa hecha de maíz pelado y triturado.,https://raw.githubusercontent.com/MariaaPinzon/ImagesEvaluatingMLLM/refs/heads/main/GPT/IdiomsSingleImage/singleImage_machorrucio.png
SINGLE_2273,machucante,"- novio
- Amante o compañero sexual, que se mantiene oculto socialmente.",https://raw.githubusercontent.com/MariaaPinzon/ImagesEvaluatingMLLM/refs/heads/main/GPT/IdiomsSingleImage/singleImage_machucante.png
SINGLE_2274,machucar,Aprisionar fuertemente los dedos u otra parte del cuerpo hasta lastimarlos.,https://raw.githubusercontent.com/MariaaPinzon/ImagesEvaluatingMLLM/refs/heads/main/GPT/IdiomsSingleImage/singleImage_machucar.png
SINGLE_2275,machucarse,sufrir una contusión una parte del cuerpo al quedar atrapado entre dos superficies,https://raw.githubusercontent.com/MariaaPinzon/ImagesEvaluatingMLLM/refs/heads/main/GPT/IdiomsSingleImage/singleImage_machucarse.png
SINGLE_2276,machucho,"Referido a una persona, tacaña o avara.",https://raw.githubusercontent.com/MariaaPinzon/ImagesEvaluatingMLLM/refs/heads/main/GPT/IdiomsSingleImage/singleImage_machucho.png
SINGLE_2277,"machucho, cha","- Referido a un producto, de mala calidad.
- Referido a una persona, que realiza trabajos imperfectos o hace las cosas sin esmero.",https://raw.githubusercontent.com/MariaaPinzon/ImagesEvaluatingMLLM/refs/heads/main/GPT/IdiomsSingleImage/singleImage_machucho__cha.png
SINGLE_2278,machucón,golpe producido por el aprisionamiento de una parte del cuerpo entre dos supuerficies,https://raw.githubusercontent.com/MariaaPinzon/ImagesEvaluatingMLLM/refs/heads/main/GPT/IdiomsSingleImage/singleImage_machuc%C3%B3n.png
SINGLE_2279,machín machón,"Juego de parques infantiles que consiste en una barra sujeta al suelo por un eje central, que permite subir y bajar alternativamente a quienes se sitúan en cada extremo para balancearse.",https://raw.githubusercontent.com/MariaaPinzon/ImagesEvaluatingMLLM/refs/heads/main/GPT/IdiomsSingleImage/singleImage_mach%C3%ADn_mach%C3%B3n.png
SINGLE_2280,macoca,machete corto y gastado,https://raw.githubusercontent.com/MariaaPinzon/ImagesEvaluatingMLLM/refs/heads/main/GPT/IdiomsSingleImage/singleImage_macoca.png
SINGLE_2281,macoco,"Machete corto usado por los trabajadores de Baranoa, Magdalena, para laborar en el campo en actividades de siembra y cultivo.",https://raw.githubusercontent.com/MariaaPinzon/ImagesEvaluatingMLLM/refs/heads/main/GPT/IdiomsSingleImage/singleImage_macoco.png
SINGLE_2282,macojarto,"Referido a una persona, tonta o de poco entendimiento.",https://raw.githubusercontent.com/MariaaPinzon/ImagesEvaluatingMLLM/refs/heads/main/GPT/IdiomsSingleImage/singleImage_macojarto.png
SINGLE_2283,macondiano,"- Referido a la novela de Gabriel García Márquez, universo referido a Macondo, pueblo de Cien años de soledad.
- Situación de apariencia fantástica o increíble, pero de naturaleza real.",https://raw.githubusercontent.com/MariaaPinzon/ImagesEvaluatingMLLM/refs/heads/main/GPT/IdiomsSingleImage/singleImage_macondiano.png
SINGLE_2284,macuco,"Referido a una persona, de cuerpo grueso, formas toscas y baja estatura.",https://raw.githubusercontent.com/MariaaPinzon/ImagesEvaluatingMLLM/refs/heads/main/GPT/IdiomsSingleImage/singleImage_macuco.png
SINGLE_2285,macumba,Hechizo o brujería con la que se pretende perjudicar a una persona.,https://raw.githubusercontent.com/MariaaPinzon/ImagesEvaluatingMLLM/refs/heads/main/GPT/IdiomsSingleImage/singleImage_macumba.png
SINGLE_2286,madrazo,"Insulto que se dice a una persona, nombrándole irrespetuosamente su madre.",https://raw.githubusercontent.com/MariaaPinzon/ImagesEvaluatingMLLM/refs/heads/main/GPT/IdiomsSingleImage/singleImage_madrazo.png
SINGLE_2287,madrina,"- Lote de ganado caballar o vacuno.
- En una manada de ganado, res o grupo de reses mansas que sirven para reunir o guiar al resto de animales, especialmente a los bravíos.",https://raw.githubusercontent.com/MariaaPinzon/ImagesEvaluatingMLLM/refs/heads/main/GPT/IdiomsSingleImage/singleImage_madrina.png
SINGLE_2288,madrinero,Referido a una persona o animal que reúne y guía al ganado.,https://raw.githubusercontent.com/MariaaPinzon/ImagesEvaluatingMLLM/refs/heads/main/GPT/IdiomsSingleImage/singleImage_madrinero.png
SINGLE_2289,madrino,caballo que sirve de guía a otras bestias,https://raw.githubusercontent.com/MariaaPinzon/ImagesEvaluatingMLLM/refs/heads/main/GPT/IdiomsSingleImage/singleImage_madrino.png
SINGLE_2290,maduro,"Tipo de plátano de forma alargada y curva, de cáscara amarilla y pulpa blanda y amarillenta que se come crudo.",https://raw.githubusercontent.com/MariaaPinzon/ImagesEvaluatingMLLM/refs/heads/main/GPT/IdiomsSingleImage/singleImage_maduro.png
SINGLE_2291,maganza,"pachorra, ociosidad",https://raw.githubusercontent.com/MariaaPinzon/ImagesEvaluatingMLLM/refs/heads/main/GPT/IdiomsSingleImage/singleImage_maganza.png
SINGLE_2292,maganzón,holgazán,https://raw.githubusercontent.com/MariaaPinzon/ImagesEvaluatingMLLM/refs/heads/main/GPT/IdiomsSingleImage/singleImage_maganz%C3%B3n.png
SINGLE_2293,maguaré,"Instrumento tradicional de percusión, hecho de un tronco hueco, que sirve para fines rituales o para transmitir noticias entre distintos pueblos de la Amazonía.",https://raw.githubusercontent.com/MariaaPinzon/ImagesEvaluatingMLLM/refs/heads/main/GPT/IdiomsSingleImage/singleImage_maguar%C3%A9.png
SINGLE_2294,maicera,Terreno plantado de maíz.,https://raw.githubusercontent.com/MariaaPinzon/ImagesEvaluatingMLLM/refs/heads/main/GPT/IdiomsSingleImage/singleImage_maicera.png
SINGLE_2295,maicerada,Actitud o acción propia del maicero o antioqueño.,https://raw.githubusercontent.com/MariaaPinzon/ImagesEvaluatingMLLM/refs/heads/main/GPT/IdiomsSingleImage/singleImage_maicerada.png
SINGLE_2296,maicero,Relativo a la región de Antioquia.,https://raw.githubusercontent.com/MariaaPinzon/ImagesEvaluatingMLLM/refs/heads/main/GPT/IdiomsSingleImage/singleImage_maicero.png
SINGLE_2297,majada,Corral amplio en donde el ganado puede descansar y pastar y que es de mayores proporciones que el reservado para las vacas de ordeño.,https://raw.githubusercontent.com/MariaaPinzon/ImagesEvaluatingMLLM/refs/heads/main/GPT/IdiomsSingleImage/singleImage_majada.png
SINGLE_2298,majayucas,"Persona, tonta o de poco entendimiento.",https://raw.githubusercontent.com/MariaaPinzon/ImagesEvaluatingMLLM/refs/heads/main/GPT/IdiomsSingleImage/singleImage_majayucas.png
SINGLE_2299,majiña,"Hormiga pequeña, de color rojo y de fuerte picadura.",https://raw.githubusercontent.com/MariaaPinzon/ImagesEvaluatingMLLM/refs/heads/main/GPT/IdiomsSingleImage/singleImage_maji%C3%B1a.png
SINGLE_2300,malacrianza,"falta de urbanidad, grosería",https://raw.githubusercontent.com/MariaaPinzon/ImagesEvaluatingMLLM/refs/heads/main/GPT/IdiomsSingleImage/singleImage_malacrianza.png
SINGLE_2301,malamaña,predisposición al robo,https://raw.githubusercontent.com/MariaaPinzon/ImagesEvaluatingMLLM/refs/heads/main/GPT/IdiomsSingleImage/singleImage_malama%C3%B1a.png
SINGLE_2302,malamañoso,"Referido a una persona, ladrona",https://raw.githubusercontent.com/MariaaPinzon/ImagesEvaluatingMLLM/refs/heads/main/GPT/IdiomsSingleImage/singleImage_malama%C3%B1oso.png
SINGLE_2303,malandro,delincuente,https://raw.githubusercontent.com/MariaaPinzon/ImagesEvaluatingMLLM/refs/heads/main/GPT/IdiomsSingleImage/singleImage_malandro.png
SINGLE_2304,malandrín,Delincuente.,https://raw.githubusercontent.com/MariaaPinzon/ImagesEvaluatingMLLM/refs/heads/main/GPT/IdiomsSingleImage/singleImage_malandr%C3%ADn.png
SINGLE_2305,malaya,expresa un deseo vehemente en relación con algo alcanzado o difícil de alcanzar,https://raw.githubusercontent.com/MariaaPinzon/ImagesEvaluatingMLLM/refs/heads/main/GPT/IdiomsSingleImage/singleImage_malaya.png
SINGLE_2306,maldadoso,"- Referido a una persona o cosa, malintencionada.
- Referido a una persona, que acostumbra a hacer bromas pesadas o travesuras.",https://raw.githubusercontent.com/MariaaPinzon/ImagesEvaluatingMLLM/refs/heads/main/GPT/IdiomsSingleImage/singleImage_maldadoso.png
SINGLE_2307,maldecido,"Referido a una persona, que comete faltas imperdonables.",https://raw.githubusercontent.com/MariaaPinzon/ImagesEvaluatingMLLM/refs/heads/main/GPT/IdiomsSingleImage/singleImage_maldecido.png
SINGLE_2308,maldingo,"Referido a algo o a alguien, que es o está maldito.",https://raw.githubusercontent.com/MariaaPinzon/ImagesEvaluatingMLLM/refs/heads/main/GPT/IdiomsSingleImage/singleImage_maldingo.png
SINGLE_2309,malencarado,"Persona grosera, agresiva y de modales toscos.",https://raw.githubusercontent.com/MariaaPinzon/ImagesEvaluatingMLLM/refs/heads/main/GPT/IdiomsSingleImage/singleImage_malencarado.png
SINGLE_2310,malgeniado,"Referido a una persona, malhumorada o que se irrita con facilidad.",https://raw.githubusercontent.com/MariaaPinzon/ImagesEvaluatingMLLM/refs/heads/main/GPT/IdiomsSingleImage/singleImage_malgeniado.png
SINGLE_2311,malgenioso,"Referido a una persona, de mal genio.",https://raw.githubusercontent.com/MariaaPinzon/ImagesEvaluatingMLLM/refs/heads/main/GPT/IdiomsSingleImage/singleImage_malgenioso.png
SINGLE_2312,malhaya,expresa un deseo vehemente en relación con algo alcanzado o difícil de alcanzar,https://raw.githubusercontent.com/MariaaPinzon/ImagesEvaluatingMLLM/refs/heads/main/GPT/IdiomsSingleImage/singleImage_malhaya.png
SINGLE_2313,malongo,"Referido a algo, de mala calidad.",https://raw.githubusercontent.com/MariaaPinzon/ImagesEvaluatingMLLM/refs/heads/main/GPT/IdiomsSingleImage/singleImage_malongo.png
SINGLE_2314,maloquero,"Dueño, jefe o autoridad principal de una maloca.",https://raw.githubusercontent.com/MariaaPinzon/ImagesEvaluatingMLLM/refs/heads/main/GPT/IdiomsSingleImage/singleImage_maloquero.png
SINGLE_2315,maloso,"Referido a una persona, que actúa con maldad.",https://raw.githubusercontent.com/MariaaPinzon/ImagesEvaluatingMLLM/refs/heads/main/GPT/IdiomsSingleImage/singleImage_maloso.png
SINGLE_2316,malparidez,"Depresión, tristeza profunda.",https://raw.githubusercontent.com/MariaaPinzon/ImagesEvaluatingMLLM/refs/heads/main/GPT/IdiomsSingleImage/singleImage_malparidez.png
SINGLE_2317,malto,"Referido a un animal, que aún no ha dado cría.",https://raw.githubusercontent.com/MariaaPinzon/ImagesEvaluatingMLLM/refs/heads/main/GPT/IdiomsSingleImage/singleImage_malto.png
SINGLE_2318,maluco,"- Referido a una persona o cosa, que carece de belleza.
- Referido a una persona, indispuesta debido a un quebranto de salud.
- Referido a una cosa, desagradable según el sentido del gusto o el olfato.",https://raw.githubusercontent.com/MariaaPinzon/ImagesEvaluatingMLLM/refs/heads/main/GPT/IdiomsSingleImage/singleImage_maluco.png
SINGLE_2319,maluquearse,"Enfermarse repentinamente, algunas veces hasta desmayarse.",https://raw.githubusercontent.com/MariaaPinzon/ImagesEvaluatingMLLM/refs/heads/main/GPT/IdiomsSingleImage/singleImage_maluquearse.png
SINGLE_2320,maluquera,Malestar o quebranto leve de salud que no se puede describir fácilmente.,https://raw.githubusercontent.com/MariaaPinzon/ImagesEvaluatingMLLM/refs/heads/main/GPT/IdiomsSingleImage/singleImage_maluquera.png
SINGLE_2321,mamadera de gallo,tomar del pelo,https://raw.githubusercontent.com/MariaaPinzon/ImagesEvaluatingMLLM/refs/heads/main/GPT/IdiomsSingleImage/singleImage_mamadera_de_gallo.png
SINGLE_2322,mamado,"- aburrido, cansado de algo
- cansado, fatigado",https://raw.githubusercontent.com/MariaaPinzon/ImagesEvaluatingMLLM/refs/heads/main/GPT/IdiomsSingleImage/singleImage_mamado.png
SINGLE_2323,mamagallista,Persona que le gusta hacer bromas o burlarse de los demás.,https://raw.githubusercontent.com/MariaaPinzon/ImagesEvaluatingMLLM/refs/heads/main/GPT/IdiomsSingleImage/singleImage_mamagallista.png
SINGLE_2324,mamarse,Desistir de un trato.,https://raw.githubusercontent.com/MariaaPinzon/ImagesEvaluatingMLLM/refs/heads/main/GPT/IdiomsSingleImage/singleImage_mamarse.png
SINGLE_2325,mambeadero,"- Reunión ceremonial en que se consume mambe y ambil y se dialoga intensamente, especialmente para orientar la acción y el comportamiento futuro a través de los relatos tradicionales.
- Dentro de una maloca, espacio donde se elabora y consume ritualmente el mambe.",https://raw.githubusercontent.com/MariaaPinzon/ImagesEvaluatingMLLM/refs/heads/main/GPT/IdiomsSingleImage/singleImage_mambeadero.png
SINGLE_2326,mambear,"- Consumir, diluyendo con la saliva el polvo del mambe en la boca, especialmente con fines rituales, medicinales o espirituales.
- Consumir la hoja de coca tostada masticándola junto con algún tipo de cal, especialmente con fines rituales.",https://raw.githubusercontent.com/MariaaPinzon/ImagesEvaluatingMLLM/refs/heads/main/GPT/IdiomsSingleImage/singleImage_mambear.png
SINGLE_2327,mamera,"- cosa o situación que causa desagrado, aburrimiento
- Cosa o situación que produce pereza o falta de interés.",https://raw.githubusercontent.com/MariaaPinzon/ImagesEvaluatingMLLM/refs/heads/main/GPT/IdiomsSingleImage/singleImage_mamera.png
SINGLE_2328,mamerto,"Referido a una persona, que sigue los lineamientos del comunismo o partidos de izquierda.",https://raw.githubusercontent.com/MariaaPinzon/ImagesEvaluatingMLLM/refs/heads/main/GPT/IdiomsSingleImage/singleImage_mamerto.png
SINGLE_2329,mamey,"dicho de una actividad, fácil de hacer",https://raw.githubusercontent.com/MariaaPinzon/ImagesEvaluatingMLLM/refs/heads/main/GPT/IdiomsSingleImage/singleImage_mamey.png
SINGLE_2330,mameyudo,"Referido a una cosa, grande.",https://raw.githubusercontent.com/MariaaPinzon/ImagesEvaluatingMLLM/refs/heads/main/GPT/IdiomsSingleImage/singleImage_mameyudo.png
SINGLE_2331,mamila,Objeto de goma en forma de pezón con un agujero que se pone al biberón para que el niño succione.,https://raw.githubusercontent.com/MariaaPinzon/ImagesEvaluatingMLLM/refs/heads/main/GPT/IdiomsSingleImage/singleImage_mamila.png
SINGLE_2332,mamo,Líder espiritual y médico tradicional de las comunidades indígenas de la Sierra Nevada de Santa Marta.,https://raw.githubusercontent.com/MariaaPinzon/ImagesEvaluatingMLLM/refs/heads/main/GPT/IdiomsSingleImage/singleImage_mamo.png
SINGLE_2333,mamona,Carne de ternera que se corta en trozos y se inserta en una varilla para que se ase al aire libre.,https://raw.githubusercontent.com/MariaaPinzon/ImagesEvaluatingMLLM/refs/heads/main/GPT/IdiomsSingleImage/singleImage_mamona.png
SINGLE_2334,mamonazo,Golpe muy fuerte que sufre una persona al caerse o chocarse contra algo.,https://raw.githubusercontent.com/MariaaPinzon/ImagesEvaluatingMLLM/refs/heads/main/GPT/IdiomsSingleImage/singleImage_mamonazo.png
SINGLE_2335,mamonúo,"Referido a una persona u objeto, que es grande y alto.",https://raw.githubusercontent.com/MariaaPinzon/ImagesEvaluatingMLLM/refs/heads/main/GPT/IdiomsSingleImage/singleImage_mamon%C3%BAo.png
SINGLE_2336,mamotreto,Texto impreso voluminoso.,https://raw.githubusercontent.com/MariaaPinzon/ImagesEvaluatingMLLM/refs/heads/main/GPT/IdiomsSingleImage/singleImage_mamotreto.png
SINGLE_2337,mamón,"- dicho de una cosa o situación, que es aburrida
- Referido a una persona, cosa o situación, aburrida o difícil de soportar.",https://raw.githubusercontent.com/MariaaPinzon/ImagesEvaluatingMLLM/refs/heads/main/GPT/IdiomsSingleImage/singleImage_mam%C3%B3n.png
SINGLE_2338,man,"Hombre, individuo.",https://raw.githubusercontent.com/MariaaPinzon/ImagesEvaluatingMLLM/refs/heads/main/GPT/IdiomsSingleImage/singleImage_man.png
SINGLE_2339,mana,"manadero, manantial",https://raw.githubusercontent.com/MariaaPinzon/ImagesEvaluatingMLLM/refs/heads/main/GPT/IdiomsSingleImage/singleImage_mana.png
SINGLE_2340,mancado,"Referido a una persona, armado con arma blanca o cortopunzante.",https://raw.githubusercontent.com/MariaaPinzon/ImagesEvaluatingMLLM/refs/heads/main/GPT/IdiomsSingleImage/singleImage_mancado.png
SINGLE_2341,mancar,Dejar a alguien con la sensación de un calambre en la pierna o en el brazo después de haberle propinado un golpe con el puño.,https://raw.githubusercontent.com/MariaaPinzon/ImagesEvaluatingMLLM/refs/heads/main/GPT/IdiomsSingleImage/singleImage_mancar.png
SINGLE_2342,mandadero,"Referido a una persona, que se encarga de hacer los mandados o de llevar recados en un hogar o en una empresa.",https://raw.githubusercontent.com/MariaaPinzon/ImagesEvaluatingMLLM/refs/heads/main/GPT/IdiomsSingleImage/singleImage_mandadero.png
SINGLE_2343,mandado,encargo de comprar algo que se le hace a alguien,https://raw.githubusercontent.com/MariaaPinzon/ImagesEvaluatingMLLM/refs/heads/main/GPT/IdiomsSingleImage/singleImage_mandado.png
SINGLE_2344,mandarria,"fuerza, vigor, prepotencia",https://raw.githubusercontent.com/MariaaPinzon/ImagesEvaluatingMLLM/refs/heads/main/GPT/IdiomsSingleImage/singleImage_mandarria.png
SINGLE_2345,mandarriazo,golpe fuerte que da una persona a otra,https://raw.githubusercontent.com/MariaaPinzon/ImagesEvaluatingMLLM/refs/heads/main/GPT/IdiomsSingleImage/singleImage_mandarriazo.png
SINGLE_2346,mandrax,Sustancia alucinógena con efectos sobre el sistema nervioso central.,https://raw.githubusercontent.com/MariaaPinzon/ImagesEvaluatingMLLM/refs/heads/main/GPT/IdiomsSingleImage/singleImage_mandrax.png
SINGLE_2347,manduca,Expresión soez o malsonante.,https://raw.githubusercontent.com/MariaaPinzon/ImagesEvaluatingMLLM/refs/heads/main/GPT/IdiomsSingleImage/singleImage_manduca.png
SINGLE_2348,manducazo,"- golpe en general
- golpe dado con el manduco",https://raw.githubusercontent.com/MariaaPinzon/ImagesEvaluatingMLLM/refs/heads/main/GPT/IdiomsSingleImage/singleImage_manducazo.png
SINGLE_2349,manduco,Palo de madera con el que se golpea la ropa lavada para exprimirla.,https://raw.githubusercontent.com/MariaaPinzon/ImagesEvaluatingMLLM/refs/heads/main/GPT/IdiomsSingleImage/singleImage_manduco.png
SINGLE_2350,manero,"Persona que tiene por oficio cambiar divisas colombianas y venezolanas en la calle, agitando los billetes para llamar a los clientes.",https://raw.githubusercontent.com/MariaaPinzon/ImagesEvaluatingMLLM/refs/heads/main/GPT/IdiomsSingleImage/singleImage_manero.png
SINGLE_2351,manfifio,equivocado o confuso,https://raw.githubusercontent.com/MariaaPinzon/ImagesEvaluatingMLLM/refs/heads/main/GPT/IdiomsSingleImage/singleImage_manfifio.png
SINGLE_2352,mangonear,"- ejercer dominio o poder sobre la gente aprovechando alguna posición de ventaja como la fuerza física, el dinero
- Manipular o usar una persona para obtener un beneficio propio.",https://raw.githubusercontent.com/MariaaPinzon/ImagesEvaluatingMLLM/refs/heads/main/GPT/IdiomsSingleImage/singleImage_mangonear.png
SINGLE_2353,manguala,Acuerdo entre varias personas para cometer actos ilícitos.,https://raw.githubusercontent.com/MariaaPinzon/ImagesEvaluatingMLLM/refs/heads/main/GPT/IdiomsSingleImage/singleImage_manguala.png
SINGLE_2354,manguera,Embutido de gran extensión.,https://raw.githubusercontent.com/MariaaPinzon/ImagesEvaluatingMLLM/refs/heads/main/GPT/IdiomsSingleImage/singleImage_manguera.png
SINGLE_2355,maniado,"- Referido a una persona, que no puede actuar libremente frente a una situación problemática.
- Referido a una persona, que no puede mover libremente sus manos por tenerlas ocupadas.",https://raw.githubusercontent.com/MariaaPinzon/ImagesEvaluatingMLLM/refs/heads/main/GPT/IdiomsSingleImage/singleImage_maniado.png
SINGLE_2356,manicagado,zurdo,https://raw.githubusercontent.com/MariaaPinzon/ImagesEvaluatingMLLM/refs/heads/main/GPT/IdiomsSingleImage/singleImage_manicagado.png
SINGLE_2357,manicuera,Bebida preparada mediante la cocción del almidon de la yuca dulce.,https://raw.githubusercontent.com/MariaaPinzon/ImagesEvaluatingMLLM/refs/heads/main/GPT/IdiomsSingleImage/singleImage_manicuera.png
SINGLE_2358,manicure,"Cuidado de las uñas de las manos en el que generalmente se cortan, liman y pintan.",https://raw.githubusercontent.com/MariaaPinzon/ImagesEvaluatingMLLM/refs/heads/main/GPT/IdiomsSingleImage/singleImage_manicure.png
SINGLE_2359,maniflojo,"Referido a una persona, que despilfarra el dinero.",https://raw.githubusercontent.com/MariaaPinzon/ImagesEvaluatingMLLM/refs/heads/main/GPT/IdiomsSingleImage/singleImage_maniflojo.png
SINGLE_2360,manimoto,"Golosina de forma redonda, consistencia dura con un maní en el centro.",https://raw.githubusercontent.com/MariaaPinzon/ImagesEvaluatingMLLM/refs/heads/main/GPT/IdiomsSingleImage/singleImage_manimoto.png
SINGLE_2361,manjarete,"Dulce hecho de harina de maíz, coco, leche y azúcar, que se cocina y se cuaja al enfriarse.",https://raw.githubusercontent.com/MariaaPinzon/ImagesEvaluatingMLLM/refs/heads/main/GPT/IdiomsSingleImage/singleImage_manjarete.png
SINGLE_2362,manjarillo,"Dulce elaborado con leche hervida, panela y harina de arroz.",https://raw.githubusercontent.com/MariaaPinzon/ImagesEvaluatingMLLM/refs/heads/main/GPT/IdiomsSingleImage/singleImage_manjarillo.png
SINGLE_2363,manopla,"Arma en forma de eslabón con agujeros para todos los dedos menos el pulgar, que se usa para golpear con el puño cerrado.",https://raw.githubusercontent.com/MariaaPinzon/ImagesEvaluatingMLLM/refs/heads/main/GPT/IdiomsSingleImage/singleImage_manopla.png
SINGLE_2364,mansalva,"En un ataque o agresión, despiadamente, por sorpresa.",https://raw.githubusercontent.com/MariaaPinzon/ImagesEvaluatingMLLM/refs/heads/main/GPT/IdiomsSingleImage/singleImage_mansalva.png
SINGLE_2365,manteca,"- cocinera, empleada doméstica
- Empleada de servicio doméstico, especialmente de la cocina.",https://raw.githubusercontent.com/MariaaPinzon/ImagesEvaluatingMLLM/refs/heads/main/GPT/IdiomsSingleImage/singleImage_manteca.png
SINGLE_2366,manteco,"- Referido a una persona, de piel y cabello grasoso.
- Persona de estrato bajo.
- persona de baja condición social
- dicho de una persona, mal vestido",https://raw.githubusercontent.com/MariaaPinzon/ImagesEvaluatingMLLM/refs/heads/main/GPT/IdiomsSingleImage/singleImage_manteco.png
SINGLE_2367,manzanita,Golosina elaborada a base de coco y de color anaranjado.,https://raw.githubusercontent.com/MariaaPinzon/ImagesEvaluatingMLLM/refs/heads/main/GPT/IdiomsSingleImage/singleImage_manzanita.png
SINGLE_2368,mapire,"Canasto de forma cilíndrica y con boca ancha, tejido con diversos tipos de fibras vegetales, con tiras para cargarlo a la espalda y que es usado por algunas comunidades indígenas de la orinoquía.",https://raw.githubusercontent.com/MariaaPinzon/ImagesEvaluatingMLLM/refs/heads/main/GPT/IdiomsSingleImage/singleImage_mapire.png
SINGLE_2369,maquila,Persona o microempresa contratada por terceros que se encarga de la confección de prendas de vestir y accesorios.,https://raw.githubusercontent.com/MariaaPinzon/ImagesEvaluatingMLLM/refs/heads/main/GPT/IdiomsSingleImage/singleImage_maquila.png
SINGLE_2370,maquinaria,Sistema organizacional que tiene un partido político para salir favorecido en una elección.,https://raw.githubusercontent.com/MariaaPinzon/ImagesEvaluatingMLLM/refs/heads/main/GPT/IdiomsSingleImage/singleImage_maquinaria.png
SINGLE_2371,maquinitas,Máquina de juegos de azar en la que el jugador introduce una moneda para iniciar el juego.,https://raw.githubusercontent.com/MariaaPinzon/ImagesEvaluatingMLLM/refs/heads/main/GPT/IdiomsSingleImage/singleImage_maquinitas.png
SINGLE_2372,mara,Canica de color blanco.,https://raw.githubusercontent.com/MariaaPinzon/ImagesEvaluatingMLLM/refs/heads/main/GPT/IdiomsSingleImage/singleImage_mara.png
SINGLE_2373,maracachafa,Marihuana.,https://raw.githubusercontent.com/MariaaPinzon/ImagesEvaluatingMLLM/refs/heads/main/GPT/IdiomsSingleImage/singleImage_maracachafa.png
SINGLE_2374,maranguango,"- Brebaje utilizado para enamorar a alguien.
- hechizo, brebaje para causar maleficios",https://raw.githubusercontent.com/MariaaPinzon/ImagesEvaluatingMLLM/refs/heads/main/GPT/IdiomsSingleImage/singleImage_maranguango.png
SINGLE_2375,maratónico,"Referido a una cosa, que genera mucho cansancio y requiere de mucho tiempo.",https://raw.githubusercontent.com/MariaaPinzon/ImagesEvaluatingMLLM/refs/heads/main/GPT/IdiomsSingleImage/singleImage_marat%C3%B3nico.png
SINGLE_2376,maraña,Actividad o trabajo ocasional con que se gana la vida.,https://raw.githubusercontent.com/MariaaPinzon/ImagesEvaluatingMLLM/refs/heads/main/GPT/IdiomsSingleImage/singleImage_mara%C3%B1a.png
SINGLE_2377,marañaco,Dibujo garabateado o mal hecho.,https://raw.githubusercontent.com/MariaaPinzon/ImagesEvaluatingMLLM/refs/heads/main/GPT/IdiomsSingleImage/singleImage_mara%C3%B1aco.png
SINGLE_2378,marañita,"Trabajo, labor.",https://raw.githubusercontent.com/MariaaPinzon/ImagesEvaluatingMLLM/refs/heads/main/GPT/IdiomsSingleImage/singleImage_mara%C3%B1ita.png
SINGLE_2379,marca gato,Se usa para expresar que un producto no es de una marca conocida.,https://raw.githubusercontent.com/MariaaPinzon/ImagesEvaluatingMLLM/refs/heads/main/GPT/IdiomsSingleImage/singleImage_marca_gato.png
SINGLE_2380,marcación,"- Proximidad o control estricto que se mantiene sobre el rival en un deporte para evitar ventaja en el juego.
- Discado de un número telefónico.",https://raw.githubusercontent.com/MariaaPinzon/ImagesEvaluatingMLLM/refs/heads/main/GPT/IdiomsSingleImage/singleImage_marcaci%C3%B3n.png
SINGLE_2381,marconi,Telegrama que parte y llega a una estación móvil a través de radiocomunicación.,https://raw.githubusercontent.com/MariaaPinzon/ImagesEvaluatingMLLM/refs/heads/main/GPT/IdiomsSingleImage/singleImage_marconi.png
SINGLE_2382,mariapalito,"- Mecedora.
- Insecto en forma de rama u hoja para esquivar a sus depredadores.",https://raw.githubusercontent.com/MariaaPinzon/ImagesEvaluatingMLLM/refs/heads/main/GPT/IdiomsSingleImage/singleImage_mariapalito.png
SINGLE_2383,marica,Modo de dirigirse a un amigo o a una amiga.,https://raw.githubusercontent.com/MariaaPinzon/ImagesEvaluatingMLLM/refs/heads/main/GPT/IdiomsSingleImage/singleImage_marica.png
SINGLE_2384,maricada,"- Cosa de poco valor.
- Comentario o hecho sin importancia.",https://raw.githubusercontent.com/MariaaPinzon/ImagesEvaluatingMLLM/refs/heads/main/GPT/IdiomsSingleImage/singleImage_maricada.png
SINGLE_2385,marihuanero,"Referido a una persona, que es adicta a la marihuana.",https://raw.githubusercontent.com/MariaaPinzon/ImagesEvaluatingMLLM/refs/heads/main/GPT/IdiomsSingleImage/singleImage_marihuanero.png
SINGLE_2386,marimacha,"- Mujer homosexual.
- Mujer con gestos y comportamientos asociados a la masculinidad.",https://raw.githubusercontent.com/MariaaPinzon/ImagesEvaluatingMLLM/refs/heads/main/GPT/IdiomsSingleImage/singleImage_marimacha.png
SINGLE_2387,marimba,"Instrumento musical de percusión con láminas de madera de distintos tamaños, organizadas sobre un armazón y tubos resonadores, que se toca con unas baquetas.",https://raw.githubusercontent.com/MariaaPinzon/ImagesEvaluatingMLLM/refs/heads/main/GPT/IdiomsSingleImage/singleImage_marimba.png
SINGLE_2388,marimbear,Traficar con marihuana.,https://raw.githubusercontent.com/MariaaPinzon/ImagesEvaluatingMLLM/refs/heads/main/GPT/IdiomsSingleImage/singleImage_marimbear.png
SINGLE_2389,marimbero,"- Persona que toca la marimba.
- Referido a una persona, adicta a la marihuana.",https://raw.githubusercontent.com/MariaaPinzon/ImagesEvaluatingMLLM/refs/heads/main/GPT/IdiomsSingleImage/singleImage_marimbero.png
SINGLE_2390,marimonda,"- pelea, riña
- Personaje característico del carnaval de Barranquilla que consiste en un disfraz compuesto por una máscara de nariz larga y orejas grandes, un traje con parches y un pito.",https://raw.githubusercontent.com/MariaaPinzon/ImagesEvaluatingMLLM/refs/heads/main/GPT/IdiomsSingleImage/singleImage_marimonda.png
SINGLE_2391,mariquear,"- Comportarse como un hombre homosexual.
- Molestar a alguien, fastidiarlo.
- Perder el tiempo, hacer tonterías.",https://raw.githubusercontent.com/MariaaPinzon/ImagesEvaluatingMLLM/refs/heads/main/GPT/IdiomsSingleImage/singleImage_mariquear.png
SINGLE_2392,mariscar,"Cazar animales silvestres, especialmente pequeños mamíferos y aves que habitan en las orillas de ríos y morichales.",https://raw.githubusercontent.com/MariaaPinzon/ImagesEvaluatingMLLM/refs/heads/main/GPT/IdiomsSingleImage/singleImage_mariscar.png
SINGLE_2393,marmaja,Dinero.,https://raw.githubusercontent.com/MariaaPinzon/ImagesEvaluatingMLLM/refs/heads/main/GPT/IdiomsSingleImage/singleImage_marmaja.png
SINGLE_2394,maromear,Saltar y dar vueltas en el aire.,https://raw.githubusercontent.com/MariaaPinzon/ImagesEvaluatingMLLM/refs/heads/main/GPT/IdiomsSingleImage/singleImage_maromear.png
SINGLE_2395,marramucia,"engaño, ardid, treta",https://raw.githubusercontent.com/MariaaPinzon/ImagesEvaluatingMLLM/refs/heads/main/GPT/IdiomsSingleImage/singleImage_marramucia.png
SINGLE_2396,marramuncia,"- engaño, ardid, treta
- Artimaña, trampa que generalmente tiene fines fraudulentos.
- Hechizo o encantamiento.",https://raw.githubusercontent.com/MariaaPinzon/ImagesEvaluatingMLLM/refs/heads/main/GPT/IdiomsSingleImage/singleImage_marramuncia.png
SINGLE_2397,marranear,Engañar a alguien.,https://raw.githubusercontent.com/MariaaPinzon/ImagesEvaluatingMLLM/refs/heads/main/GPT/IdiomsSingleImage/singleImage_marranear.png
SINGLE_2398,marranera,Corral o criadero para cerdos.,https://raw.githubusercontent.com/MariaaPinzon/ImagesEvaluatingMLLM/refs/heads/main/GPT/IdiomsSingleImage/singleImage_marranera.png
SINGLE_2399,marroso,"Referido a un fruto, que deja en la lengua y los labios una sensación de sequedad.",https://raw.githubusercontent.com/MariaaPinzon/ImagesEvaluatingMLLM/refs/heads/main/GPT/IdiomsSingleImage/singleImage_marroso.png
SINGLE_2400,martillar,"Besar intensamente, con pasión.",https://raw.githubusercontent.com/MariaaPinzon/ImagesEvaluatingMLLM/refs/heads/main/GPT/IdiomsSingleImage/singleImage_martillar.png
SINGLE_2401,martingala,correa que forma parte del apero de un caballo,https://raw.githubusercontent.com/MariaaPinzon/ImagesEvaluatingMLLM/refs/heads/main/GPT/IdiomsSingleImage/singleImage_martingala.png
SINGLE_2402,marullo,multitud de personas o de animales,https://raw.githubusercontent.com/MariaaPinzon/ImagesEvaluatingMLLM/refs/heads/main/GPT/IdiomsSingleImage/singleImage_marullo.png
SINGLE_2403,mascadero,Boca.,https://raw.githubusercontent.com/MariaaPinzon/ImagesEvaluatingMLLM/refs/heads/main/GPT/IdiomsSingleImage/singleImage_mascadero.png
SINGLE_2404,mata,"Planta, excepto árboles grandes.",https://raw.githubusercontent.com/MariaaPinzon/ImagesEvaluatingMLLM/refs/heads/main/GPT/IdiomsSingleImage/singleImage_mata.png
SINGLE_2405,mataburro,"- accesorio fuerte, de hierro, que se pone en los vehículos, especialmente en los todo terreno, para protegerlos de un golpe
- ron o aguardiente de muy baja calidad",https://raw.githubusercontent.com/MariaaPinzon/ImagesEvaluatingMLLM/refs/heads/main/GPT/IdiomsSingleImage/singleImage_mataburro.png
SINGLE_2406,matachinado,"Referido a alguien o a algo, que lleva colores fuertes, llamativos que no combinan bien.",https://raw.githubusercontent.com/MariaaPinzon/ImagesEvaluatingMLLM/refs/heads/main/GPT/IdiomsSingleImage/singleImage_matachinado.png
SINGLE_2407,matacho,"Dibujo rápido y poco elaborado, especialemente de una figura humana.",https://raw.githubusercontent.com/MariaaPinzon/ImagesEvaluatingMLLM/refs/heads/main/GPT/IdiomsSingleImage/singleImage_matacho.png
SINGLE_2408,matachín,"- Disfraz que representa animales, personajes pintorescos o seres mitológicos, compuesto por una máscara hecha de barro, cubierta con capas de periódico y pintada de colores, y una vestimenta colorida.
- Persona, animal o cosa con mala presentación y extravagante.",https://raw.githubusercontent.com/MariaaPinzon/ImagesEvaluatingMLLM/refs/heads/main/GPT/IdiomsSingleImage/singleImage_matach%C3%ADn.png
SINGLE_2409,mataculín,"Juego de parques infantiles que consiste en una barra sujeta al suelo por un eje central, que permite subir y bajar alternativamente a quienes se sitúan en cada extremo para balancearse.",https://raw.githubusercontent.com/MariaaPinzon/ImagesEvaluatingMLLM/refs/heads/main/GPT/IdiomsSingleImage/singleImage_matacul%C3%ADn.png
SINGLE_2410,matazón,Multitud de muertes violentas.,https://raw.githubusercontent.com/MariaaPinzon/ImagesEvaluatingMLLM/refs/heads/main/GPT/IdiomsSingleImage/singleImage_mataz%C3%B3n.png
SINGLE_2411,matera,Recipiente para sembrar plantas.,https://raw.githubusercontent.com/MariaaPinzon/ImagesEvaluatingMLLM/refs/heads/main/GPT/IdiomsSingleImage/singleImage_matera.png
SINGLE_2412,materile,"Ronda infantil en la que dos grupos de niños se ponen en fila el uno frente al otro y, mientras se acercan o se alejan brincando, cantan un diálogo que pretende inercambiar integrantes.",https://raw.githubusercontent.com/MariaaPinzon/ImagesEvaluatingMLLM/refs/heads/main/GPT/IdiomsSingleImage/singleImage_materile.png
SINGLE_2413,matiné,función de cine o teatro que se efectúa hacia la media tarde,https://raw.githubusercontent.com/MariaaPinzon/ImagesEvaluatingMLLM/refs/heads/main/GPT/IdiomsSingleImage/singleImage_matin%C3%A9.png
SINGLE_2414,matojo,"Superar obstáculos y dificultades, especialmente de tipo económico, para conseguir algo.",https://raw.githubusercontent.com/MariaaPinzon/ImagesEvaluatingMLLM/refs/heads/main/GPT/IdiomsSingleImage/singleImage_matojo.png
SINGLE_2415,matrimoniar,Contraer matrimonio.,https://raw.githubusercontent.com/MariaaPinzon/ImagesEvaluatingMLLM/refs/heads/main/GPT/IdiomsSingleImage/singleImage_matrimoniar.png
SINGLE_2416,maturranga,"Trampa, engaño.",https://raw.githubusercontent.com/MariaaPinzon/ImagesEvaluatingMLLM/refs/heads/main/GPT/IdiomsSingleImage/singleImage_maturranga.png
SINGLE_2417,matón,"Superar obstáculos y dificultades, especialmente de tipo económico, para conseguir algo.",https://raw.githubusercontent.com/MariaaPinzon/ImagesEvaluatingMLLM/refs/heads/main/GPT/IdiomsSingleImage/singleImage_mat%C3%B3n.png
SINGLE_2418,mazacote,"Masa espesa y pegajosa, especialmente un alimento.",https://raw.githubusercontent.com/MariaaPinzon/ImagesEvaluatingMLLM/refs/heads/main/GPT/IdiomsSingleImage/singleImage_mazacote.png
SINGLE_2419,mazamorra,"- ulceración de las pezuñas del ganado vacuno, causada por infección microbiana
- ulceración de los pies causada por la penetración de larvas del anquilostoma duodenal
- mescolanza, revoltillo de cosas o ideas",https://raw.githubusercontent.com/MariaaPinzon/ImagesEvaluatingMLLM/refs/heads/main/GPT/IdiomsSingleImage/singleImage_mazamorra.png
SINGLE_2420,mazamorrear,"- En minería, sacar el oro de un yacimiento usando una batea para lavar la arena y lograr que se desprenda.
- lavar la arena aurífera en una batea",https://raw.githubusercontent.com/MariaaPinzon/ImagesEvaluatingMLLM/refs/heads/main/GPT/IdiomsSingleImage/singleImage_mazamorrear.png
SINGLE_2421,mazamorreo,"Extracción manual de metales preciosos de los ríos, lavando la arena para separar y recoger dichos metales.",https://raw.githubusercontent.com/MariaaPinzon/ImagesEvaluatingMLLM/refs/heads/main/GPT/IdiomsSingleImage/singleImage_mazamorreo.png
SINGLE_2422,mazamorrero,"- Persona que se dedica a la extracción de oro en las minas lavando en una batea arena para desprenderlo.
- persona que practica el mazamorreo",https://raw.githubusercontent.com/MariaaPinzon/ImagesEvaluatingMLLM/refs/heads/main/GPT/IdiomsSingleImage/singleImage_mazamorrero.png
SINGLE_2423,maña,Con cuidado o sigilosamente.,https://raw.githubusercontent.com/MariaaPinzon/ImagesEvaluatingMLLM/refs/heads/main/GPT/IdiomsSingleImage/singleImage_ma%C3%B1a.png
SINGLE_2424,mañanear,"Madrugar, levantarse temprano.",https://raw.githubusercontent.com/MariaaPinzon/ImagesEvaluatingMLLM/refs/heads/main/GPT/IdiomsSingleImage/singleImage_ma%C3%B1anear.png
SINGLE_2425,mañesada,"Algo de mal gusto, escandaloso u ordinario.",https://raw.githubusercontent.com/MariaaPinzon/ImagesEvaluatingMLLM/refs/heads/main/GPT/IdiomsSingleImage/singleImage_ma%C3%B1esada.png
SINGLE_2426,mañoco,Especie de harina granulada que se extrae de la yuca brava.,https://raw.githubusercontent.com/MariaaPinzon/ImagesEvaluatingMLLM/refs/heads/main/GPT/IdiomsSingleImage/singleImage_ma%C3%B1oco.png
SINGLE_2427,mañoso,"Referido a una persona, que tiene vicios y malas costumbres.",https://raw.githubusercontent.com/MariaaPinzon/ImagesEvaluatingMLLM/refs/heads/main/GPT/IdiomsSingleImage/singleImage_ma%C3%B1oso.png
SINGLE_2428,mañé,"Referido a una persona u objeto, ordinario o de apariencia desagradable.",https://raw.githubusercontent.com/MariaaPinzon/ImagesEvaluatingMLLM/refs/heads/main/GPT/IdiomsSingleImage/singleImage_ma%C3%B1%C3%A9.png
SINGLE_2429,meao,Orina.,https://raw.githubusercontent.com/MariaaPinzon/ImagesEvaluatingMLLM/refs/heads/main/GPT/IdiomsSingleImage/singleImage_meao.png
SINGLE_2430,mear fuera del tiesto,hablar u obrar por fuera de lo que es pertinente en un asunto,https://raw.githubusercontent.com/MariaaPinzon/ImagesEvaluatingMLLM/refs/heads/main/GPT/IdiomsSingleImage/singleImage_mear_fuera_del_tiesto.png
SINGLE_2431,mecatear,"- Comer algo liviano y generalmente poco nutritivo entre comidas.
- comer golosinas entre comidas",https://raw.githubusercontent.com/MariaaPinzon/ImagesEvaluatingMLLM/refs/heads/main/GPT/IdiomsSingleImage/singleImage_mecatear.png
SINGLE_2432,mechicolorado,pelirrojo,https://raw.githubusercontent.com/MariaaPinzon/ImagesEvaluatingMLLM/refs/heads/main/GPT/IdiomsSingleImage/singleImage_mechicolorado.png
SINGLE_2433,mecho,Cabo de vela o mechero elaborados artesanalmente para iluminar las habitaciones.,https://raw.githubusercontent.com/MariaaPinzon/ImagesEvaluatingMLLM/refs/heads/main/GPT/IdiomsSingleImage/singleImage_mecho.png
SINGLE_2434,mechonear,"- Jalar con fuerza el cabello de alguien repetidamente.
- halar a alguien del pelo repetidamente",https://raw.githubusercontent.com/MariaaPinzon/ImagesEvaluatingMLLM/refs/heads/main/GPT/IdiomsSingleImage/singleImage_mechonear.png
SINGLE_2435,mechudo,"- Referido a una persona, que tiene el cabello largo y no muy bien ciudado.
- Referido a una persona, que tiene cabello abundante.",https://raw.githubusercontent.com/MariaaPinzon/ImagesEvaluatingMLLM/refs/heads/main/GPT/IdiomsSingleImage/singleImage_mechudo.png
SINGLE_2436,mechón,"Linterna o lámpara tradicional artesanal hecha con un frasco, mecha de trapo y gas o acpm.",https://raw.githubusercontent.com/MariaaPinzon/ImagesEvaluatingMLLM/refs/heads/main/GPT/IdiomsSingleImage/singleImage_mech%C3%B3n.png
SINGLE_2437,meciar,Mover algo en vaivén.,https://raw.githubusercontent.com/MariaaPinzon/ImagesEvaluatingMLLM/refs/heads/main/GPT/IdiomsSingleImage/singleImage_meciar.png
SINGLE_2438,medicina,Tomar represalias contra alguien realizando las mismas acciones por las que se es ofendido.,https://raw.githubusercontent.com/MariaaPinzon/ImagesEvaluatingMLLM/refs/heads/main/GPT/IdiomsSingleImage/singleImage_medicina.png
SINGLE_2439,medir,Asumir una tarea difícil.,https://raw.githubusercontent.com/MariaaPinzon/ImagesEvaluatingMLLM/refs/heads/main/GPT/IdiomsSingleImage/singleImage_medir.png
SINGLE_2440,mejengue,"- dinero
- vigor, fuerza",https://raw.githubusercontent.com/MariaaPinzon/ImagesEvaluatingMLLM/refs/heads/main/GPT/IdiomsSingleImage/singleImage_mejengue.png
SINGLE_2441,mejorarse,Dar a luz.,https://raw.githubusercontent.com/MariaaPinzon/ImagesEvaluatingMLLM/refs/heads/main/GPT/IdiomsSingleImage/singleImage_mejorarse.png
SINGLE_2442,melcochudo,"Referido a un alimento, que es blando y maleable.",https://raw.githubusercontent.com/MariaaPinzon/ImagesEvaluatingMLLM/refs/heads/main/GPT/IdiomsSingleImage/singleImage_melcochudo.png
SINGLE_2443,melega,Empleada del servicio doméstico.,https://raw.githubusercontent.com/MariaaPinzon/ImagesEvaluatingMLLM/refs/heads/main/GPT/IdiomsSingleImage/singleImage_melega.png
SINGLE_2444,meleguero,"Referido a un objeto o situación, que es propio de una melega.",https://raw.githubusercontent.com/MariaaPinzon/ImagesEvaluatingMLLM/refs/heads/main/GPT/IdiomsSingleImage/singleImage_meleguero.png
SINGLE_2445,meliar,"En el fútbol y deportes similares, moverse con hablilidad para esquivar a los contrarios.",https://raw.githubusercontent.com/MariaaPinzon/ImagesEvaluatingMLLM/refs/heads/main/GPT/IdiomsSingleImage/singleImage_meliar.png
SINGLE_2446,mello,"- Referido a una persona, que es la melliza de otra.
- Golpe que se da en la cabeza con los nudillos.",https://raw.githubusercontent.com/MariaaPinzon/ImagesEvaluatingMLLM/refs/heads/main/GPT/IdiomsSingleImage/singleImage_mello.png
SINGLE_2447,melona,Comida ya preparada.,https://raw.githubusercontent.com/MariaaPinzon/ImagesEvaluatingMLLM/refs/heads/main/GPT/IdiomsSingleImage/singleImage_melona.png
SINGLE_2448,membretear,"Estampar en el papel que se usa para correspondencia de una entidad el logo que la identifica, generalmente en la parte superior.",https://raw.githubusercontent.com/MariaaPinzon/ImagesEvaluatingMLLM/refs/heads/main/GPT/IdiomsSingleImage/singleImage_membretear.png
SINGLE_2449,memo,"Escrito formal de una entidad dirigido a un empleado para amonestarlo, felicitarlo o despedirlo.",https://raw.githubusercontent.com/MariaaPinzon/ImagesEvaluatingMLLM/refs/heads/main/GPT/IdiomsSingleImage/singleImage_memo.png
SINGLE_2450,menco,"Referido a alguien o a algo, de gran tamaño.",https://raw.githubusercontent.com/MariaaPinzon/ImagesEvaluatingMLLM/refs/heads/main/GPT/IdiomsSingleImage/singleImage_menco.png
SINGLE_2451,menjurje,"- Mezcla de diversos elementos.
- Bebedizo hecho a base de hierbas.",https://raw.githubusercontent.com/MariaaPinzon/ImagesEvaluatingMLLM/refs/heads/main/GPT/IdiomsSingleImage/singleImage_menjurje.png
SINGLE_2452,menso,"- Referido a una persona, que es poco inteligente.
- tonto",https://raw.githubusercontent.com/MariaaPinzon/ImagesEvaluatingMLLM/refs/heads/main/GPT/IdiomsSingleImage/singleImage_menso.png
SINGLE_2453,menta,"Caramelo de consistencia sólida, color transparente y sabor a menta.",https://raw.githubusercontent.com/MariaaPinzon/ImagesEvaluatingMLLM/refs/heads/main/GPT/IdiomsSingleImage/singleImage_menta.png
SINGLE_2454,menudear,Vender un producto en pequeñas cantidades.,https://raw.githubusercontent.com/MariaaPinzon/ImagesEvaluatingMLLM/refs/heads/main/GPT/IdiomsSingleImage/singleImage_menudear.png
SINGLE_2455,menudo,Dinero en bajas denominaciones.,https://raw.githubusercontent.com/MariaaPinzon/ImagesEvaluatingMLLM/refs/heads/main/GPT/IdiomsSingleImage/singleImage_menudo.png
SINGLE_2456,meque,"Fuerza, potencia.",https://raw.githubusercontent.com/MariaaPinzon/ImagesEvaluatingMLLM/refs/heads/main/GPT/IdiomsSingleImage/singleImage_meque.png
SINGLE_2457,mercar,"- Comprar los alimentos necesarios para el consumo.
- comprar los comestibles y productos necesarios para una casa",https://raw.githubusercontent.com/MariaaPinzon/ImagesEvaluatingMLLM/refs/heads/main/GPT/IdiomsSingleImage/singleImage_mercar.png
SINGLE_2458,merengón,"Postre con varias capas de merengue, crema de leche y frutas.",https://raw.githubusercontent.com/MariaaPinzon/ImagesEvaluatingMLLM/refs/heads/main/GPT/IdiomsSingleImage/singleImage_mereng%C3%B3n.png
SINGLE_2459,merequetengue,"- bochinche, riña, enredo
- Fiesta.
- Alboroto ocasionado por personas que discuten airadamente.",https://raw.githubusercontent.com/MariaaPinzon/ImagesEvaluatingMLLM/refs/heads/main/GPT/IdiomsSingleImage/singleImage_merequetengue.png
SINGLE_2460,mermar,Hervir un líquido a fuego lento para disminuir su volúmen y concentrar sus componentes.,https://raw.githubusercontent.com/MariaaPinzon/ImagesEvaluatingMLLM/refs/heads/main/GPT/IdiomsSingleImage/singleImage_mermar.png
SINGLE_2461,mero,"Extraordinario, fantástico.",https://raw.githubusercontent.com/MariaaPinzon/ImagesEvaluatingMLLM/refs/heads/main/GPT/IdiomsSingleImage/singleImage_mero.png
SINGLE_2462,mertiolate,Antiséptico usado para desinfectar heridas.,https://raw.githubusercontent.com/MariaaPinzon/ImagesEvaluatingMLLM/refs/heads/main/GPT/IdiomsSingleImage/singleImage_mertiolate.png
SINGLE_2463,mesón,"En una cocina, superficie lisa y resistente hecha de diversos materiales usada para la preparación de alimentos.",https://raw.githubusercontent.com/MariaaPinzon/ImagesEvaluatingMLLM/refs/heads/main/GPT/IdiomsSingleImage/singleImage_mes%C3%B3n.png
SINGLE_2464,metedero,"- Lugar en el que se consume droga.
- Establecimiento de baja categoria en el que se puede comer, beber y bailar.",https://raw.githubusercontent.com/MariaaPinzon/ImagesEvaluatingMLLM/refs/heads/main/GPT/IdiomsSingleImage/singleImage_metedero.png
SINGLE_2465,metelón,"Referido a una persona, que establece fácilmente relaciones con la gente por su simpatía y amabilidad.",https://raw.githubusercontent.com/MariaaPinzon/ImagesEvaluatingMLLM/refs/heads/main/GPT/IdiomsSingleImage/singleImage_metel%C3%B3n.png
SINGLE_2466,metepatista,"Referido a una persona, ser impertinente, que no viene al caso.",https://raw.githubusercontent.com/MariaaPinzon/ImagesEvaluatingMLLM/refs/heads/main/GPT/IdiomsSingleImage/singleImage_metepatista.png
SINGLE_2467,meter,"En el tejo, tubo metálico enterrado en la arcilla sobre el cual se ponen las mechas que explotan cuando son golpeadas por el disco o tejo lanzado.",https://raw.githubusercontent.com/MariaaPinzon/ImagesEvaluatingMLLM/refs/heads/main/GPT/IdiomsSingleImage/singleImage_meter.png
SINGLE_2468,meter las quimbas,"meter la pata, cometer un error",https://raw.githubusercontent.com/MariaaPinzon/ImagesEvaluatingMLLM/refs/heads/main/GPT/IdiomsSingleImage/singleImage_meter_las_quimbas.png
SINGLE_2469,meterle julepe,a una cosa . poner interés en la realización de algo,https://raw.githubusercontent.com/MariaaPinzon/ImagesEvaluatingMLLM/refs/heads/main/GPT/IdiomsSingleImage/singleImage_meterle_julepe.png
SINGLE_2470,meterle muela,a algo,https://raw.githubusercontent.com/MariaaPinzon/ImagesEvaluatingMLLM/refs/heads/main/GPT/IdiomsSingleImage/singleImage_meterle_muela.png
SINGLE_2471,metiche,"Referido a una persona, que interviene de manera poco discreta en asuntos que no son de su incumbencia.",https://raw.githubusercontent.com/MariaaPinzon/ImagesEvaluatingMLLM/refs/heads/main/GPT/IdiomsSingleImage/singleImage_metiche.png
SINGLE_2472,mezanine,Piso que se encuentra entre la primera planta y la planta baja de un edificio.,https://raw.githubusercontent.com/MariaaPinzon/ImagesEvaluatingMLLM/refs/heads/main/GPT/IdiomsSingleImage/singleImage_mezanine.png
SINGLE_2473,mezcla,"Material usado en construcción, resultado de mezclar agua, arena, cemento y grava.",https://raw.githubusercontent.com/MariaaPinzon/ImagesEvaluatingMLLM/refs/heads/main/GPT/IdiomsSingleImage/singleImage_mezcla.png
SINGLE_2474,mezquino,"- Especie de verruga circular y pequeña producida por un virus que se localiza en las plantas de los pies o las manos.
- carnosidad de la piel producida por un virus",https://raw.githubusercontent.com/MariaaPinzon/ImagesEvaluatingMLLM/refs/heads/main/GPT/IdiomsSingleImage/singleImage_mezquino.png
SINGLE_2475,miado,Persona de poca inteligencia.,https://raw.githubusercontent.com/MariaaPinzon/ImagesEvaluatingMLLM/refs/heads/main/GPT/IdiomsSingleImage/singleImage_miado.png
SINGLE_2476,mica,"Recipiente cilíndrico, portátil, más ancho que alto, con un asa, que se utiliza para evacuar los excrementos.",https://raw.githubusercontent.com/MariaaPinzon/ImagesEvaluatingMLLM/refs/heads/main/GPT/IdiomsSingleImage/singleImage_mica.png
SINGLE_2477,miche,"Aguardiente de fabricación casera, de mala calidad.",https://raw.githubusercontent.com/MariaaPinzon/ImagesEvaluatingMLLM/refs/heads/main/GPT/IdiomsSingleImage/singleImage_miche.png
SINGLE_2478,michicatería,Tacañería.,https://raw.githubusercontent.com/MariaaPinzon/ImagesEvaluatingMLLM/refs/heads/main/GPT/IdiomsSingleImage/singleImage_michicater%C3%ADa.png
SINGLE_2479,michicato,"- Referido a una persona, que es tacaña.
- cicatero, tacaño",https://raw.githubusercontent.com/MariaaPinzon/ImagesEvaluatingMLLM/refs/heads/main/GPT/IdiomsSingleImage/singleImage_michicato.png
SINGLE_2480,michingo,gato,https://raw.githubusercontent.com/MariaaPinzon/ImagesEvaluatingMLLM/refs/heads/main/GPT/IdiomsSingleImage/singleImage_michingo.png
SINGLE_2481,mico,"- Tortícolis, espamo en los músculos del cuello.
- Mal olor en las axilas.
- Texto que se incorpora con disimulo en la redacción de una ley con el fin de favorecer a alguien o algo.",https://raw.githubusercontent.com/MariaaPinzon/ImagesEvaluatingMLLM/refs/heads/main/GPT/IdiomsSingleImage/singleImage_mico.png
SINGLE_2482,"mico, ca",Niño inquieto.,https://raw.githubusercontent.com/MariaaPinzon/ImagesEvaluatingMLLM/refs/heads/main/GPT/IdiomsSingleImage/singleImage_mico__ca.png
SINGLE_2483,micro,Vehículo de transporte público más pequeño que una buseta.,https://raw.githubusercontent.com/MariaaPinzon/ImagesEvaluatingMLLM/refs/heads/main/GPT/IdiomsSingleImage/singleImage_micro.png
SINGLE_2484,micropore,Cinta adhesiva y porosa que se usa para hacer curaciones.,https://raw.githubusercontent.com/MariaaPinzon/ImagesEvaluatingMLLM/refs/heads/main/GPT/IdiomsSingleImage/singleImage_micropore.png
SINGLE_2485,micropunta,Especie de bolígrafo con una punta muy fina.,https://raw.githubusercontent.com/MariaaPinzon/ImagesEvaluatingMLLM/refs/heads/main/GPT/IdiomsSingleImage/singleImage_micropunta.png
SINGLE_2486,mielmesabe,Dulce elaborado con leche cortada y panela.,https://raw.githubusercontent.com/MariaaPinzon/ImagesEvaluatingMLLM/refs/heads/main/GPT/IdiomsSingleImage/singleImage_mielmesabe.png
SINGLE_2487,mierdero,Enredo o problema.,https://raw.githubusercontent.com/MariaaPinzon/ImagesEvaluatingMLLM/refs/heads/main/GPT/IdiomsSingleImage/singleImage_mierdero.png
SINGLE_2488,mijarra,"palo inclinado que entra por un extremo en la parte superior del eje del trapiche, y por el otro se ata a las bestias, que tiran de él para que las mazas muelan la caña",https://raw.githubusercontent.com/MariaaPinzon/ImagesEvaluatingMLLM/refs/heads/main/GPT/IdiomsSingleImage/singleImage_mijarra.png
SINGLE_2489,mijito,"Modo de dirigirse al esposo, un hijo o un amigo.",https://raw.githubusercontent.com/MariaaPinzon/ImagesEvaluatingMLLM/refs/heads/main/GPT/IdiomsSingleImage/singleImage_mijito.png
SINGLE_2490,mijo,Forma de dirigirse a un hijo.,https://raw.githubusercontent.com/MariaaPinzon/ImagesEvaluatingMLLM/refs/heads/main/GPT/IdiomsSingleImage/singleImage_mijo.png
SINGLE_2491,mil,Con gran rapidez o intensidad.,https://raw.githubusercontent.com/MariaaPinzon/ImagesEvaluatingMLLM/refs/heads/main/GPT/IdiomsSingleImage/singleImage_mil.png
SINGLE_2492,milico,Militar.,https://raw.githubusercontent.com/MariaaPinzon/ImagesEvaluatingMLLM/refs/heads/main/GPT/IdiomsSingleImage/singleImage_milico.png
SINGLE_2493,mincha,Porción muy pequeña de algo.,https://raw.githubusercontent.com/MariaaPinzon/ImagesEvaluatingMLLM/refs/heads/main/GPT/IdiomsSingleImage/singleImage_mincha.png
SINGLE_2494,minear,"Extraer minerales, generalmente oro y platino.",https://raw.githubusercontent.com/MariaaPinzon/ImagesEvaluatingMLLM/refs/heads/main/GPT/IdiomsSingleImage/singleImage_minear.png
SINGLE_2495,minga,"- Reunión de amigos y vecinos entre los indígenas y campesinos que realizan trabajos y actividades diversas en beneficio de la comunidad.
- trabajos realizados en comunidad, especialmente en agricultura y construcción",https://raw.githubusercontent.com/MariaaPinzon/ImagesEvaluatingMLLM/refs/heads/main/GPT/IdiomsSingleImage/singleImage_minga.png
SINGLE_2496,mininica,Especie de sardina de tamaño muy pequeño.,https://raw.githubusercontent.com/MariaaPinzon/ImagesEvaluatingMLLM/refs/heads/main/GPT/IdiomsSingleImage/singleImage_mininica.png
SINGLE_2497,minisigüí,Golosina hecha a base de polvo de azúcar mezclada con anilina vegetal de colores y ácido tartárico o polvo de gelatina.,https://raw.githubusercontent.com/MariaaPinzon/ImagesEvaluatingMLLM/refs/heads/main/GPT/IdiomsSingleImage/singleImage_minisig%C3%BC%C3%AD.png
SINGLE_2498,miniteca,"- Equipo de sonido, luces y música que acompañan esta fiesta.
- Fiesta juvenil en la que utilizan amplificadores de sonido, luces y música seleccionada para esa ocasión.",https://raw.githubusercontent.com/MariaaPinzon/ImagesEvaluatingMLLM/refs/heads/main/GPT/IdiomsSingleImage/singleImage_miniteca.png
SINGLE_2499,miple,"Tubo pequeño de plástico que se enrosca a una bomba de inflar por un extremo, y por el otro se adapta a la válvula del objeto que se va a inflar.",https://raw.githubusercontent.com/MariaaPinzon/ImagesEvaluatingMLLM/refs/heads/main/GPT/IdiomsSingleImage/singleImage_miple.png
SINGLE_2500,miquear,"Dar saltos, ir de un lado a otro permanentemente, hacer piruetas, especialmente los niños.",https://raw.githubusercontent.com/MariaaPinzon/ImagesEvaluatingMLLM/refs/heads/main/GPT/IdiomsSingleImage/singleImage_miquear.png
SINGLE_2501,miquingo,"pequeño, apocado, mezquino",https://raw.githubusercontent.com/MariaaPinzon/ImagesEvaluatingMLLM/refs/heads/main/GPT/IdiomsSingleImage/singleImage_miquingo.png
SINGLE_2502,mirar,"- Mirar con desprecio.
- Consideración que se hace al interlocutor para que reflexione sobre el riesgo que significa avanzar en una decisión o en un acto.",https://raw.githubusercontent.com/MariaaPinzon/ImagesEvaluatingMLLM/refs/heads/main/GPT/IdiomsSingleImage/singleImage_mirar.png
SINGLE_2503,mirar golpeado,dirigir la mirada a alguien o algo con desdén o menosprecio,https://raw.githubusercontent.com/MariaaPinzon/ImagesEvaluatingMLLM/refs/heads/main/GPT/IdiomsSingleImage/singleImage_mirar_golpeado.png
SINGLE_2504,miriñaque,Tener relaciones sexuales.,https://raw.githubusercontent.com/MariaaPinzon/ImagesEvaluatingMLLM/refs/heads/main/GPT/IdiomsSingleImage/singleImage_miri%C3%B1aque.png
SINGLE_2505,mirringo,gato,https://raw.githubusercontent.com/MariaaPinzon/ImagesEvaluatingMLLM/refs/heads/main/GPT/IdiomsSingleImage/singleImage_mirringo.png
SINGLE_2506,miruñas,El diablo.,https://raw.githubusercontent.com/MariaaPinzon/ImagesEvaluatingMLLM/refs/heads/main/GPT/IdiomsSingleImage/singleImage_miru%C3%B1as.png
SINGLE_2507,miscelánea,"Almacén pequeño en el que se venden objetos de papelería, adornos, juguetes y regalos.",https://raw.githubusercontent.com/MariaaPinzon/ImagesEvaluatingMLLM/refs/heads/main/GPT/IdiomsSingleImage/singleImage_miscel%C3%A1nea.png
SINGLE_2508,misiá,Señora.,https://raw.githubusercontent.com/MariaaPinzon/ImagesEvaluatingMLLM/refs/heads/main/GPT/IdiomsSingleImage/singleImage_misi%C3%A1.png
SINGLE_2509,mitaca,"cosecha intermedia, especialmente de café",https://raw.githubusercontent.com/MariaaPinzon/ImagesEvaluatingMLLM/refs/heads/main/GPT/IdiomsSingleImage/singleImage_mitaca.png
SINGLE_2510,miti,Expresión usada para indicar que algo se divide en dos partes iguales.,https://raw.githubusercontent.com/MariaaPinzon/ImagesEvaluatingMLLM/refs/heads/main/GPT/IdiomsSingleImage/singleImage_miti.png
SINGLE_2511,mocha,"En el ejército, día en el que culmina la prestación del servicio militar.",https://raw.githubusercontent.com/MariaaPinzon/ImagesEvaluatingMLLM/refs/heads/main/GPT/IdiomsSingleImage/singleImage_mocha.png
SINGLE_2512,mochila,"- Especie de bolso elaborado por los indígenas en algodón, lana o fique que se lleva colgada del hombro o cruzada.
- bolso de tela o fibra vegetal que se teje a modo de red y tiene una tira larga del mismo material para llevarlo colgado",https://raw.githubusercontent.com/MariaaPinzon/ImagesEvaluatingMLLM/refs/heads/main/GPT/IdiomsSingleImage/singleImage_mochila.png
SINGLE_2513,mochoroco,"- Referido a un objeto, que está averiado o tiene alguna imperfección.
- Referido a una persona, enfermiza.
- Referido a una persona, de poco saber o inútil.
- A mediados del siglo xx, miembro o simpatizante del Partido Liberal colombiano.",https://raw.githubusercontent.com/MariaaPinzon/ImagesEvaluatingMLLM/refs/heads/main/GPT/IdiomsSingleImage/singleImage_mochoroco.png
SINGLE_2514,modelaje,"Actividad profesional de las modelos que se dedican a la exhibición de ropa, accesorios u objetos para la venta.",https://raw.githubusercontent.com/MariaaPinzon/ImagesEvaluatingMLLM/refs/heads/main/GPT/IdiomsSingleImage/singleImage_modelaje.png
SINGLE_2515,modelar,Mostrar una persona los nuevos estilos de ropa y zapatos en una pasarela.,https://raw.githubusercontent.com/MariaaPinzon/ImagesEvaluatingMLLM/refs/heads/main/GPT/IdiomsSingleImage/singleImage_modelar.png
SINGLE_2516,mofle,"En un vehículo, parte del sistema de escape que reduce el ruido que el motor produce en la combustión.",https://raw.githubusercontent.com/MariaaPinzon/ImagesEvaluatingMLLM/refs/heads/main/GPT/IdiomsSingleImage/singleImage_mofle.png
SINGLE_2517,moga,"- Plato preparado y servido envuelto en hojas de bijao o plátano que consta de diferentes tipos de carnes, acompañado de plátano, papa o yuca y huevo.
- Conjunto de alimentos que se toman por fuera de casa, generalmente en un viaje.",https://raw.githubusercontent.com/MariaaPinzon/ImagesEvaluatingMLLM/refs/heads/main/GPT/IdiomsSingleImage/singleImage_moga.png
SINGLE_2518,mogo,"- Bordes desprolijos de un bloque de queso costeño.
- Mugre o suciedad.",https://raw.githubusercontent.com/MariaaPinzon/ImagesEvaluatingMLLM/refs/heads/main/GPT/IdiomsSingleImage/singleImage_mogo.png
SINGLE_2519,mogolla,"Pan redondo elaborado con harina de trigo o de otro cereal, levadura y diversos ingredientes de acuerdo a la variedad.",https://raw.githubusercontent.com/MariaaPinzon/ImagesEvaluatingMLLM/refs/heads/main/GPT/IdiomsSingleImage/singleImage_mogolla.png
SINGLE_2520,mogollo,"Referido a una actividad, muy fácil de realizar.",https://raw.githubusercontent.com/MariaaPinzon/ImagesEvaluatingMLLM/refs/heads/main/GPT/IdiomsSingleImage/singleImage_mogollo.png
SINGLE_2521,mogote,"pequeña prominencia de tierra cubierta de césped, por lo general de forma cónica",https://raw.githubusercontent.com/MariaaPinzon/ImagesEvaluatingMLLM/refs/heads/main/GPT/IdiomsSingleImage/singleImage_mogote.png
SINGLE_2522,moguiñudo,"Referido a una persona, descuidada en su aseo personal y apariencia.",https://raw.githubusercontent.com/MariaaPinzon/ImagesEvaluatingMLLM/refs/heads/main/GPT/IdiomsSingleImage/singleImage_mogui%C3%B1udo.png
SINGLE_2523,mohosearse,Llenarse con moho algo.,https://raw.githubusercontent.com/MariaaPinzon/ImagesEvaluatingMLLM/refs/heads/main/GPT/IdiomsSingleImage/singleImage_mohosearse.png
SINGLE_2524,mohán,Personaje mitológico que se roba a las jóvenes casamenteras.,https://raw.githubusercontent.com/MariaaPinzon/ImagesEvaluatingMLLM/refs/heads/main/GPT/IdiomsSingleImage/singleImage_moh%C3%A1n.png
SINGLE_2525,mojosearse,cubrirse de moho algo,https://raw.githubusercontent.com/MariaaPinzon/ImagesEvaluatingMLLM/refs/heads/main/GPT/IdiomsSingleImage/singleImage_mojosearse.png
SINGLE_2526,molestadera,Molestia continua que alguien produce.,https://raw.githubusercontent.com/MariaaPinzon/ImagesEvaluatingMLLM/refs/heads/main/GPT/IdiomsSingleImage/singleImage_molestadera.png
SINGLE_2527,molín,Crema de ajonjolí molido con sal y aceite para untar sobre la yuca.,https://raw.githubusercontent.com/MariaaPinzon/ImagesEvaluatingMLLM/refs/heads/main/GPT/IdiomsSingleImage/singleImage_mol%C3%ADn.png
SINGLE_2528,momia,"Referido a una persona, que es muy hábil o notable en un oficio o labor.",https://raw.githubusercontent.com/MariaaPinzon/ImagesEvaluatingMLLM/refs/heads/main/GPT/IdiomsSingleImage/singleImage_momia.png
SINGLE_2529,mompa,Compañero o amigo de una persona.,https://raw.githubusercontent.com/MariaaPinzon/ImagesEvaluatingMLLM/refs/heads/main/GPT/IdiomsSingleImage/singleImage_mompa.png
SINGLE_2530,monacho,"Dibujo rápido y poco elaborado, especialmente de una figura humana.",https://raw.githubusercontent.com/MariaaPinzon/ImagesEvaluatingMLLM/refs/heads/main/GPT/IdiomsSingleImage/singleImage_monacho.png
SINGLE_2531,mondongo,Exceso de grasa que se acumula en la cintura.,https://raw.githubusercontent.com/MariaaPinzon/ImagesEvaluatingMLLM/refs/heads/main/GPT/IdiomsSingleImage/singleImage_mondongo.png
SINGLE_2532,monedera,Bolsa pequeña en cuyo interior se lleva generalmente monedas.,https://raw.githubusercontent.com/MariaaPinzon/ImagesEvaluatingMLLM/refs/heads/main/GPT/IdiomsSingleImage/singleImage_monedera.png
SINGLE_2533,monicongo,"Muñeco hecho de cera negra, usado como talismán contra embrujos o hechicerías.",https://raw.githubusercontent.com/MariaaPinzon/ImagesEvaluatingMLLM/refs/heads/main/GPT/IdiomsSingleImage/singleImage_monicongo.png
SINGLE_2534,monte,"Maleza, vegetación que se considera mala hierba.",https://raw.githubusercontent.com/MariaaPinzon/ImagesEvaluatingMLLM/refs/heads/main/GPT/IdiomsSingleImage/singleImage_monte.png
SINGLE_2535,montonera,Aglomeración de personas o cosas.,https://raw.githubusercontent.com/MariaaPinzon/ImagesEvaluatingMLLM/refs/heads/main/GPT/IdiomsSingleImage/singleImage_montonera.png
SINGLE_2536,montuno,"dicho de una persona, muy tímido, huraño o de maneras rústicas",https://raw.githubusercontent.com/MariaaPinzon/ImagesEvaluatingMLLM/refs/heads/main/GPT/IdiomsSingleImage/singleImage_montuno.png
SINGLE_2537,montársela,a alguien . fastidiar insistentemente a una persona,https://raw.githubusercontent.com/MariaaPinzon/ImagesEvaluatingMLLM/refs/heads/main/GPT/IdiomsSingleImage/singleImage_mont%C3%A1rsela.png
SINGLE_2538,mordoré,Tonalidad entre el color rojo y el morado.,https://raw.githubusercontent.com/MariaaPinzon/ImagesEvaluatingMLLM/refs/heads/main/GPT/IdiomsSingleImage/singleImage_mordor%C3%A9.png
SINGLE_2539,morichal,"Terreno pantanoso que no se deseca en ninguna época del año y que tiene abundante vegetación, especialmente palmas.",https://raw.githubusercontent.com/MariaaPinzon/ImagesEvaluatingMLLM/refs/heads/main/GPT/IdiomsSingleImage/singleImage_morichal.png
SINGLE_2540,morocho,"- Referido a una variedad de maíz, amarillo y duro.
- Referido a una persona, negra.",https://raw.githubusercontent.com/MariaaPinzon/ImagesEvaluatingMLLM/refs/heads/main/GPT/IdiomsSingleImage/singleImage_morocho.png
SINGLE_2541,morona,partícula pequeña o fracción de algo,https://raw.githubusercontent.com/MariaaPinzon/ImagesEvaluatingMLLM/refs/heads/main/GPT/IdiomsSingleImage/singleImage_morona.png
SINGLE_2542,morrocota,"moneda antigua grande, de oro o de plata",https://raw.githubusercontent.com/MariaaPinzon/ImagesEvaluatingMLLM/refs/heads/main/GPT/IdiomsSingleImage/singleImage_morrocota.png
SINGLE_2543,morrongo,"- lento, lerdo
- taimado
- Persona que oculta sus verdaderas intenciones para obtener sus propósitos.",https://raw.githubusercontent.com/MariaaPinzon/ImagesEvaluatingMLLM/refs/heads/main/GPT/IdiomsSingleImage/singleImage_morrongo.png
SINGLE_2544,moruno,Prenda interior femenina.,https://raw.githubusercontent.com/MariaaPinzon/ImagesEvaluatingMLLM/refs/heads/main/GPT/IdiomsSingleImage/singleImage_moruno.png
SINGLE_2545,mosaica,Mujer amante de un hombre casado.,https://raw.githubusercontent.com/MariaaPinzon/ImagesEvaluatingMLLM/refs/heads/main/GPT/IdiomsSingleImage/singleImage_mosaica.png
SINGLE_2546,moscorrofio,Dulce blando elaborado con panela.,https://raw.githubusercontent.com/MariaaPinzon/ImagesEvaluatingMLLM/refs/heads/main/GPT/IdiomsSingleImage/singleImage_moscorrofio.png
SINGLE_2547,mostrón,"Referido a alguien, que le gusta exhibirse mucho.",https://raw.githubusercontent.com/MariaaPinzon/ImagesEvaluatingMLLM/refs/heads/main/GPT/IdiomsSingleImage/singleImage_mostr%C3%B3n.png
SINGLE_2548,motete,"atado, envoltorio, paquete, especialmente de ropa",https://raw.githubusercontent.com/MariaaPinzon/ImagesEvaluatingMLLM/refs/heads/main/GPT/IdiomsSingleImage/singleImage_motete.png
SINGLE_2549,motilar,Cortar el pelo a alguien.,https://raw.githubusercontent.com/MariaaPinzon/ImagesEvaluatingMLLM/refs/heads/main/GPT/IdiomsSingleImage/singleImage_motilar.png
SINGLE_2550,motocarrista,"Persona, que conduce un motocarro.",https://raw.githubusercontent.com/MariaaPinzon/ImagesEvaluatingMLLM/refs/heads/main/GPT/IdiomsSingleImage/singleImage_motocarrista.png
SINGLE_2551,motola,Cabeza de una persona.,https://raw.githubusercontent.com/MariaaPinzon/ImagesEvaluatingMLLM/refs/heads/main/GPT/IdiomsSingleImage/singleImage_motola.png
SINGLE_2552,motoso,Sueño breve que se hace durante el día.,https://raw.githubusercontent.com/MariaaPinzon/ImagesEvaluatingMLLM/refs/heads/main/GPT/IdiomsSingleImage/singleImage_motoso.png
SINGLE_2553,moya,Recipiente hecho de barro cocido en el que se elaboran algunos alimentos y bebidas.,https://raw.githubusercontent.com/MariaaPinzon/ImagesEvaluatingMLLM/refs/heads/main/GPT/IdiomsSingleImage/singleImage_moya.png
SINGLE_2554,moyo,"Vasija grande de barro cocido, sin cuello.",https://raw.githubusercontent.com/MariaaPinzon/ImagesEvaluatingMLLM/refs/heads/main/GPT/IdiomsSingleImage/singleImage_moyo.png
SINGLE_2555,moyón,"Caneca o vasija de barro rústico en donde se depositan pequeñas piezas de barro con el objeto de cocerlas en el horno, como parte de su proceso de fabricación.",https://raw.githubusercontent.com/MariaaPinzon/ImagesEvaluatingMLLM/refs/heads/main/GPT/IdiomsSingleImage/singleImage_moy%C3%B3n.png
SINGLE_2556,mozo,"- amante
- Amante o compañero sexual, que se mantiene oculto socialmente.",https://raw.githubusercontent.com/MariaaPinzon/ImagesEvaluatingMLLM/refs/heads/main/GPT/IdiomsSingleImage/singleImage_mozo.png
SINGLE_2557,moña,Cabello recogido y enrollado que se sujeta de varias maneras en la parte posterior de la cabeza.,https://raw.githubusercontent.com/MariaaPinzon/ImagesEvaluatingMLLM/refs/heads/main/GPT/IdiomsSingleImage/singleImage_mo%C3%B1a.png
SINGLE_2558,moñinga,Excremento de vaca.,https://raw.githubusercontent.com/MariaaPinzon/ImagesEvaluatingMLLM/refs/heads/main/GPT/IdiomsSingleImage/singleImage_mo%C3%B1inga.png
SINGLE_2559,moñona,"- En el juego de la rana, puntaje máximo que recibe el jugador por meter todas las argollas en la boca de la rana o colgar una en el gancho.
- En el juego de bolos, jugada máxima que consiste en tumbar todos los pines enel primer lanzamiento.
- En el tejo, jugada máxima que consiste en explotar con el disco las cuatro mechas de pólvora que se ubican en el borde del bocín.",https://raw.githubusercontent.com/MariaaPinzon/ImagesEvaluatingMLLM/refs/heads/main/GPT/IdiomsSingleImage/singleImage_mo%C3%B1ona.png
SINGLE_2560,muchacha,Empleada que vive en la casa y se ocupa de las labores domésticas diferentes a la cocina.,https://raw.githubusercontent.com/MariaaPinzon/ImagesEvaluatingMLLM/refs/heads/main/GPT/IdiomsSingleImage/singleImage_muchacha.png
SINGLE_2561,muchacho,"Plato que consta de un corte de carne, que corresponde al muslo de la res, relleno de habichuelas, zanahoria, pimentón y huevo, y que se sirve frío en rodajas.",https://raw.githubusercontent.com/MariaaPinzon/ImagesEvaluatingMLLM/refs/heads/main/GPT/IdiomsSingleImage/singleImage_muchacho.png
SINGLE_2562,mucharejo,Persona joven.,https://raw.githubusercontent.com/MariaaPinzon/ImagesEvaluatingMLLM/refs/heads/main/GPT/IdiomsSingleImage/singleImage_mucharejo.png
SINGLE_2563,muchilero,"dicho de un medio de transporte público, que para en muchos sitios",https://raw.githubusercontent.com/MariaaPinzon/ImagesEvaluatingMLLM/refs/heads/main/GPT/IdiomsSingleImage/singleImage_muchilero.png
SINGLE_2564,mucho tilín tilín y nada de paletas,expresión que se usa para indicar que se hace mucho alarde de algo pero no se resulta con nada,https://raw.githubusercontent.com/MariaaPinzon/ImagesEvaluatingMLLM/refs/heads/main/GPT/IdiomsSingleImage/singleImage_mucho_til%C3%ADn_til%C3%ADn_y_nada_de_paletas.png
SINGLE_2565,mueco,"Referido a una persona, que le falta uno o más dientes.",https://raw.githubusercontent.com/MariaaPinzon/ImagesEvaluatingMLLM/refs/heads/main/GPT/IdiomsSingleImage/singleImage_mueco.png
SINGLE_2566,muenda,"- Serie de golpes dados a una persona o a un animal a modo de castigo.
- zurra, tunda, paliza
- En una competencia deportiva, derrota contundente.",https://raw.githubusercontent.com/MariaaPinzon/ImagesEvaluatingMLLM/refs/heads/main/GPT/IdiomsSingleImage/singleImage_muenda.png
SINGLE_2567,muendear,Derrotar con una victoria contudente.,https://raw.githubusercontent.com/MariaaPinzon/ImagesEvaluatingMLLM/refs/heads/main/GPT/IdiomsSingleImage/singleImage_muendear.png
SINGLE_2568,mugre,persona o cosa despreciable,https://raw.githubusercontent.com/MariaaPinzon/ImagesEvaluatingMLLM/refs/heads/main/GPT/IdiomsSingleImage/singleImage_mugre.png
SINGLE_2569,mujervieja,"Referido a una niña, con actitud y carácter similar a los de una mujer adulta.",https://raw.githubusercontent.com/MariaaPinzon/ImagesEvaluatingMLLM/refs/heads/main/GPT/IdiomsSingleImage/singleImage_mujervieja.png
SINGLE_2570,mulada,Grupo de arrieros y animales que van en un viaje de carga.,https://raw.githubusercontent.com/MariaaPinzon/ImagesEvaluatingMLLM/refs/heads/main/GPT/IdiomsSingleImage/singleImage_mulada.png
SINGLE_2571,munchira,Larva de mariposa que tiene una especie de pelo oscuro y erizado que al contacto tiene un efecto urticante.,https://raw.githubusercontent.com/MariaaPinzon/ImagesEvaluatingMLLM/refs/heads/main/GPT/IdiomsSingleImage/singleImage_munchira.png
SINGLE_2572,munda,Patada fuerte que se da a alguien o a algo.,https://raw.githubusercontent.com/MariaaPinzon/ImagesEvaluatingMLLM/refs/heads/main/GPT/IdiomsSingleImage/singleImage_munda.png
SINGLE_2573,mura,"Referido a la papa, que no se encuentra en buen estado.",https://raw.githubusercontent.com/MariaaPinzon/ImagesEvaluatingMLLM/refs/heads/main/GPT/IdiomsSingleImage/singleImage_mura.png
SINGLE_2574,murraco,Cuerpo de una persona muerta.,https://raw.githubusercontent.com/MariaaPinzon/ImagesEvaluatingMLLM/refs/heads/main/GPT/IdiomsSingleImage/singleImage_murraco.png
SINGLE_2575,murrapo,"- Variedad de plátano pequeña y dulce.
- Persona que es gorda y de baja estatura.",https://raw.githubusercontent.com/MariaaPinzon/ImagesEvaluatingMLLM/refs/heads/main/GPT/IdiomsSingleImage/singleImage_murrapo.png
SINGLE_2576,murriar,impregnar una superficie con cemento muy diluido en agua,https://raw.githubusercontent.com/MariaaPinzon/ImagesEvaluatingMLLM/refs/heads/main/GPT/IdiomsSingleImage/singleImage_murriar.png
SINGLE_2577,musaraña,"mueca y gestos que se hacen con la cara y las manos, casi siempre por burla",https://raw.githubusercontent.com/MariaaPinzon/ImagesEvaluatingMLLM/refs/heads/main/GPT/IdiomsSingleImage/singleImage_musara%C3%B1a.png
SINGLE_2578,musengue,"especie de espantamoscas fabricado con un cabo de palma deshilado, preferentemente del cogollo de la palma de vino",https://raw.githubusercontent.com/MariaaPinzon/ImagesEvaluatingMLLM/refs/heads/main/GPT/IdiomsSingleImage/singleImage_musengue.png
SINGLE_2579,mute,"Sopa de maíz pelado, costilla de res, carne de cerdo, papa, garbanzo, ahuyama, zanahoria y una especie de pasta grande.",https://raw.githubusercontent.com/MariaaPinzon/ImagesEvaluatingMLLM/refs/heads/main/GPT/IdiomsSingleImage/singleImage_mute.png
SINGLE_2580,muérgano,"Persona irresponsable y perezosa para trabajar, estudiar o hacer otras labores.",https://raw.githubusercontent.com/MariaaPinzon/ImagesEvaluatingMLLM/refs/heads/main/GPT/IdiomsSingleImage/singleImage_mu%C3%A9rgano.png
SINGLE_2581,mágico,narcotraficante,https://raw.githubusercontent.com/MariaaPinzon/ImagesEvaluatingMLLM/refs/heads/main/GPT/IdiomsSingleImage/singleImage_m%C3%A1gico.png
SINGLE_2582,más bien,Mejor.,https://raw.githubusercontent.com/MariaaPinzon/ImagesEvaluatingMLLM/refs/heads/main/GPT/IdiomsSingleImage/singleImage_m%C3%A1s_bien.png
SINGLE_2583,míchico,"voz, que repetida, se emplea para llamar los gatos",https://raw.githubusercontent.com/MariaaPinzon/ImagesEvaluatingMLLM/refs/heads/main/GPT/IdiomsSingleImage/singleImage_m%C3%ADchico.png
SINGLE_2584,míster,"estadounidense, y, más generalmente, extranjero de aspecto rubio o blanco",https://raw.githubusercontent.com/MariaaPinzon/ImagesEvaluatingMLLM/refs/heads/main/GPT/IdiomsSingleImage/singleImage_m%C3%ADster.png
SINGLE_2585,múcura,Vasija de barro de boca angosta que se usa para transportar agua y conservarla fresca.,https://raw.githubusercontent.com/MariaaPinzon/ImagesEvaluatingMLLM/refs/heads/main/GPT/IdiomsSingleImage/singleImage_m%C3%BAcura.png
SINGLE_2586,nacarada,Mariposa grande de color tornasolado común en bosques próximos a cursos de agua y propia de las zonas frías en el oriente antioqueño.,https://raw.githubusercontent.com/MariaaPinzon/ImagesEvaluatingMLLM/refs/heads/main/GPT/IdiomsSingleImage/singleImage_nacarada.png
SINGLE_2587,nacer,Tener buena suerte una persona.,https://raw.githubusercontent.com/MariaaPinzon/ImagesEvaluatingMLLM/refs/heads/main/GPT/IdiomsSingleImage/singleImage_nacer.png
SINGLE_2588,nagua,"Prenda interior femenina de tela delgada, similar a una falda, que se usa debajo del vestido o la falda.",https://raw.githubusercontent.com/MariaaPinzon/ImagesEvaluatingMLLM/refs/heads/main/GPT/IdiomsSingleImage/singleImage_nagua.png
SINGLE_2589,nalgón,"Referido a una persona, de nalgas grandes.",https://raw.githubusercontent.com/MariaaPinzon/ImagesEvaluatingMLLM/refs/heads/main/GPT/IdiomsSingleImage/singleImage_nalg%C3%B3n.png
SINGLE_2590,nana,Mujer que tiene por oficio cuidar niños.,https://raw.githubusercontent.com/MariaaPinzon/ImagesEvaluatingMLLM/refs/heads/main/GPT/IdiomsSingleImage/singleImage_nana.png
SINGLE_2591,narcocorrido,Composición musical que narra historias de personajes vinculados con el narcotráfico exaltando sus actividades.,https://raw.githubusercontent.com/MariaaPinzon/ImagesEvaluatingMLLM/refs/heads/main/GPT/IdiomsSingleImage/singleImage_narcocorrido.png
SINGLE_2592,narcoguerrilla,Guerrilla financiada por el narcotráfico.,https://raw.githubusercontent.com/MariaaPinzon/ImagesEvaluatingMLLM/refs/heads/main/GPT/IdiomsSingleImage/singleImage_narcoguerrilla.png
SINGLE_2593,narcopolítica,Influencia que ejerce el narcotráfico en alguno de los poderes.,https://raw.githubusercontent.com/MariaaPinzon/ImagesEvaluatingMLLM/refs/heads/main/GPT/IdiomsSingleImage/singleImage_narcopol%C3%ADtica.png
SINGLE_2594,necear,"molestar, portarse mal, no hacer caso",https://raw.githubusercontent.com/MariaaPinzon/ImagesEvaluatingMLLM/refs/heads/main/GPT/IdiomsSingleImage/singleImage_necear.png
SINGLE_2595,negramenta,conjunto de personas de raza negra,https://raw.githubusercontent.com/MariaaPinzon/ImagesEvaluatingMLLM/refs/heads/main/GPT/IdiomsSingleImage/singleImage_negramenta.png
SINGLE_2596,negritino,Persona de piel muy negra.,https://raw.githubusercontent.com/MariaaPinzon/ImagesEvaluatingMLLM/refs/heads/main/GPT/IdiomsSingleImage/singleImage_negritino.png
SINGLE_2597,negro,"- Persona de raza negra que tiene la piel muy oscura.
- En la tradición oral de Baranoa, obrero que tenía por costumbre componer versos al compás de los tambores y salía a recorrer las calles del municipio bailando y festejando con el macoco en la mano.",https://raw.githubusercontent.com/MariaaPinzon/ImagesEvaluatingMLLM/refs/heads/main/GPT/IdiomsSingleImage/singleImage_negro.png
SINGLE_2598,neme,Producto derivado del petróleo que se usa para asfaltar.,https://raw.githubusercontent.com/MariaaPinzon/ImagesEvaluatingMLLM/refs/heads/main/GPT/IdiomsSingleImage/singleImage_neme.png
SINGLE_2599,nemesias,"Tranvía de lujo, cerrado en sus partes laterales y con ventanas.",https://raw.githubusercontent.com/MariaaPinzon/ImagesEvaluatingMLLM/refs/heads/main/GPT/IdiomsSingleImage/singleImage_nemesias.png
SINGLE_2600,nerdo,"Referido a un estudiante, que estudia mucho y tiene muy buen rendimiento académico, razones por las cuales puede ser objeto de burla por sus compañeros.",https://raw.githubusercontent.com/MariaaPinzon/ImagesEvaluatingMLLM/refs/heads/main/GPT/IdiomsSingleImage/singleImage_nerdo.png
SINGLE_2601,neura,De mal genio.,https://raw.githubusercontent.com/MariaaPinzon/ImagesEvaluatingMLLM/refs/heads/main/GPT/IdiomsSingleImage/singleImage_neura.png
SINGLE_2602,nevado,Montaña cubierta de nieve.,https://raw.githubusercontent.com/MariaaPinzon/ImagesEvaluatingMLLM/refs/heads/main/GPT/IdiomsSingleImage/singleImage_nevado.png
SINGLE_2603,niche,Persona del grupo étnico negro.,https://raw.githubusercontent.com/MariaaPinzon/ImagesEvaluatingMLLM/refs/heads/main/GPT/IdiomsSingleImage/singleImage_niche.png
SINGLE_2604,niguatero,"persona de mal comportamiento, de poca importancia",https://raw.githubusercontent.com/MariaaPinzon/ImagesEvaluatingMLLM/refs/heads/main/GPT/IdiomsSingleImage/singleImage_niguatero.png
SINGLE_2605,nimalejo,Denominación generalizada para cualquier objeto o hecho.,https://raw.githubusercontent.com/MariaaPinzon/ImagesEvaluatingMLLM/refs/heads/main/GPT/IdiomsSingleImage/singleImage_nimalejo.png
SINGLE_2606,no aguanta,"- indica que es imposible o inconveniente realizar algo
- indica que algo o alguien no llena las expectativas",https://raw.githubusercontent.com/MariaaPinzon/ImagesEvaluatingMLLM/refs/heads/main/GPT/IdiomsSingleImage/singleImage_no_aguanta.png
SINGLE_2607,no comer cuento,no dejarse convencer de algo,https://raw.githubusercontent.com/MariaaPinzon/ImagesEvaluatingMLLM/refs/heads/main/GPT/IdiomsSingleImage/singleImage_no_comer_cuento.png
SINGLE_2608,no hay de otra,No existir una alternativa.,https://raw.githubusercontent.com/MariaaPinzon/ImagesEvaluatingMLLM/refs/heads/main/GPT/IdiomsSingleImage/singleImage_no_hay_de_otra.png
SINGLE_2609,no saber ni dónde está parado,no tener ni idea de lo que debe hacer,https://raw.githubusercontent.com/MariaaPinzon/ImagesEvaluatingMLLM/refs/heads/main/GPT/IdiomsSingleImage/singleImage_no_saber_ni_d%C3%B3nde_est%C3%A1_parado.png
SINGLE_2610,no servir para tacos,"ser incapaz de hacer algo, inepto",https://raw.githubusercontent.com/MariaaPinzon/ImagesEvaluatingMLLM/refs/heads/main/GPT/IdiomsSingleImage/singleImage_no_servir_para_tacos.png
SINGLE_2611,no tener para la yuca,no disponer de dinero para el mercado,https://raw.githubusercontent.com/MariaaPinzon/ImagesEvaluatingMLLM/refs/heads/main/GPT/IdiomsSingleImage/singleImage_no_tener_para_la_yuca.png
SINGLE_2612,no tener pierde,tener éxito asegurado,https://raw.githubusercontent.com/MariaaPinzon/ImagesEvaluatingMLLM/refs/heads/main/GPT/IdiomsSingleImage/singleImage_no_tener_pierde.png
SINGLE_2613,nocaut,"En el boxeo, dejar sin sentido y fuera de combate al contrincante por un golpe fuerte.",https://raw.githubusercontent.com/MariaaPinzon/ImagesEvaluatingMLLM/refs/heads/main/GPT/IdiomsSingleImage/singleImage_nocaut.png
SINGLE_2614,nochera,prostituta,https://raw.githubusercontent.com/MariaaPinzon/ImagesEvaluatingMLLM/refs/heads/main/GPT/IdiomsSingleImage/singleImage_nochera.png
SINGLE_2615,nomasito,Apenas.,https://raw.githubusercontent.com/MariaaPinzon/ImagesEvaluatingMLLM/refs/heads/main/GPT/IdiomsSingleImage/singleImage_nomasito.png
SINGLE_2616,nono,Abuelo.,https://raw.githubusercontent.com/MariaaPinzon/ImagesEvaluatingMLLM/refs/heads/main/GPT/IdiomsSingleImage/singleImage_nono.png
SINGLE_2617,normal,"Institución educativa que se encarga de la preparación de nuevos maestros, cuyas modalidades para ser normalistas.",https://raw.githubusercontent.com/MariaaPinzon/ImagesEvaluatingMLLM/refs/heads/main/GPT/IdiomsSingleImage/singleImage_normal.png
SINGLE_2618,normalista,Persona con título de bachiller que recibe formación complementaria en la normal que lo habilita como docente en educación preescolar o básica primaria.,https://raw.githubusercontent.com/MariaaPinzon/ImagesEvaluatingMLLM/refs/heads/main/GPT/IdiomsSingleImage/singleImage_normalista.png
SINGLE_2619,novelero,"Referido a una persona, que tiene la habilidad de convertir un hecho intrascendente en una historia casi novelesca.",https://raw.githubusercontent.com/MariaaPinzon/ImagesEvaluatingMLLM/refs/heads/main/GPT/IdiomsSingleImage/singleImage_novelero.png
SINGLE_2620,noviero,Que tiene varias parejas sentimentales o las consigue con facilidad.,https://raw.githubusercontent.com/MariaaPinzon/ImagesEvaluatingMLLM/refs/heads/main/GPT/IdiomsSingleImage/singleImage_noviero.png
SINGLE_2621,nuche,Larva de una variedad de mosca del trópico que se parasita en la piel de los animales.,https://raw.githubusercontent.com/MariaaPinzon/ImagesEvaluatingMLLM/refs/heads/main/GPT/IdiomsSingleImage/singleImage_nuche.png
SINGLE_2622,nuestro amo,"entre los católicos, la hostia consagrada en la eucaristía",https://raw.githubusercontent.com/MariaaPinzon/ImagesEvaluatingMLLM/refs/heads/main/GPT/IdiomsSingleImage/singleImage_nuestro_amo.png
SINGLE_2623,número,amante,https://raw.githubusercontent.com/MariaaPinzon/ImagesEvaluatingMLLM/refs/heads/main/GPT/IdiomsSingleImage/singleImage_n%C3%BAmero.png
SINGLE_2624,obra gris,"fase del proceso de construcción posterior a la obra negra, en la cual las paredes ya están pañetadas e instaladas otras partes de la vivienda, como puertas y closets",https://raw.githubusercontent.com/MariaaPinzon/ImagesEvaluatingMLLM/refs/heads/main/GPT/IdiomsSingleImage/singleImage_obra_gris.png
SINGLE_2625,obra negra,fase del proceso de construcción en el cual solo se han terminado la estructura básica: las paredes y los pisos,https://raw.githubusercontent.com/MariaaPinzon/ImagesEvaluatingMLLM/refs/heads/main/GPT/IdiomsSingleImage/singleImage_obra_negra.png
SINGLE_2626,obsequioso,"referido a la persona dadivosa, que suele hacer regalos",https://raw.githubusercontent.com/MariaaPinzon/ImagesEvaluatingMLLM/refs/heads/main/GPT/IdiomsSingleImage/singleImage_obsequioso.png
SINGLE_2627,ociosa,Prostituta.,https://raw.githubusercontent.com/MariaaPinzon/ImagesEvaluatingMLLM/refs/heads/main/GPT/IdiomsSingleImage/singleImage_ociosa.png
SINGLE_2628,octagenario,"Referido a una persona, que tiene entre 80 y 90 años.",https://raw.githubusercontent.com/MariaaPinzon/ImagesEvaluatingMLLM/refs/heads/main/GPT/IdiomsSingleImage/singleImage_octagenario.png
SINGLE_2629,oficialismo,Grupo de personas que pertenecen a un partido o a un grupo social y respaldan al gobierno del momento.,https://raw.githubusercontent.com/MariaaPinzon/ImagesEvaluatingMLLM/refs/heads/main/GPT/IdiomsSingleImage/singleImage_oficialismo.png
SINGLE_2630,oficialista,Partidario o seguidor de las ideas o medidas del gobierno del momento.,https://raw.githubusercontent.com/MariaaPinzon/ImagesEvaluatingMLLM/refs/heads/main/GPT/IdiomsSingleImage/singleImage_oficialista.png
SINGLE_2631,ofuscado,"Referido a una persona, enojada o irritada por algún motivo.",https://raw.githubusercontent.com/MariaaPinzon/ImagesEvaluatingMLLM/refs/heads/main/GPT/IdiomsSingleImage/singleImage_ofuscado.png
SINGLE_2632,ojo,"Accesorio que se instala en las puertas principales de las viviendas, con el fin de poder observar hacia el exterior a través de ellos.",https://raw.githubusercontent.com/MariaaPinzon/ImagesEvaluatingMLLM/refs/heads/main/GPT/IdiomsSingleImage/singleImage_ojo.png
SINGLE_2633,ojo de pescado,carnosidad de la piel que se produce por un virus,https://raw.githubusercontent.com/MariaaPinzon/ImagesEvaluatingMLLM/refs/heads/main/GPT/IdiomsSingleImage/singleImage_ojo_de_pescado.png
SINGLE_2634,olleta,"- Olla, generalmente de aluminio, usada para preparar el chocolate.
- recipiente para preparar el chocolate",https://raw.githubusercontent.com/MariaaPinzon/ImagesEvaluatingMLLM/refs/heads/main/GPT/IdiomsSingleImage/singleImage_olleta.png
SINGLE_2635,ombligada,"Ritual embera y de algunas comunidades negras del Chocó en el que se inviste de poder a alguien, a los poco días de haber nacido, mediante la unción o el consumo de una pasta hecha con achiote, aguardiente y un insecto o una parte de un animal.",https://raw.githubusercontent.com/MariaaPinzon/ImagesEvaluatingMLLM/refs/heads/main/GPT/IdiomsSingleImage/singleImage_ombligada.png
SINGLE_2636,ombliguera,"Prenda de vestir, blusa o camiseta, corta que deja al descubierto el ombligo.",https://raw.githubusercontent.com/MariaaPinzon/ImagesEvaluatingMLLM/refs/heads/main/GPT/IdiomsSingleImage/singleImage_ombliguera.png
SINGLE_2637,onceadero,salón de onces,https://raw.githubusercontent.com/MariaaPinzon/ImagesEvaluatingMLLM/refs/heads/main/GPT/IdiomsSingleImage/singleImage_onceadero.png
SINGLE_2638,onceno,"En deportes, equipo compuesto por once jugadores.",https://raw.githubusercontent.com/MariaaPinzon/ImagesEvaluatingMLLM/refs/heads/main/GPT/IdiomsSingleImage/singleImage_onceno.png
SINGLE_2639,opa,voz para saludar o llamar la atención,https://raw.githubusercontent.com/MariaaPinzon/ImagesEvaluatingMLLM/refs/heads/main/GPT/IdiomsSingleImage/singleImage_opa.png
SINGLE_2640,operático,Relacionado con la ópera.,https://raw.githubusercontent.com/MariaaPinzon/ImagesEvaluatingMLLM/refs/heads/main/GPT/IdiomsSingleImage/singleImage_oper%C3%A1tico.png
SINGLE_2641,optómetra,Persona especializada en la medición de la capacidad visual y en el tratamiento de las dificultades de visión.,https://raw.githubusercontent.com/MariaaPinzon/ImagesEvaluatingMLLM/refs/heads/main/GPT/IdiomsSingleImage/singleImage_opt%C3%B3metra.png
SINGLE_2642,oreja,Ser alguien objeto de críticas sin estar presente.,https://raw.githubusercontent.com/MariaaPinzon/ImagesEvaluatingMLLM/refs/heads/main/GPT/IdiomsSingleImage/singleImage_oreja.png
SINGLE_2643,oreja gacha,Disimular que no se ha dado cuenta de algo.,https://raw.githubusercontent.com/MariaaPinzon/ImagesEvaluatingMLLM/refs/heads/main/GPT/IdiomsSingleImage/singleImage_oreja_gacha.png
SINGLE_2644,organizarse,Irse a vivir juntos los integrantes de una pareja.,https://raw.githubusercontent.com/MariaaPinzon/ImagesEvaluatingMLLM/refs/heads/main/GPT/IdiomsSingleImage/singleImage_organizarse.png
SINGLE_2645,oropel,"Desperfecto que producen pequeñas piezas de mineral presentes en las arcillas que, al estallar en el horno, generan fisuras y manchas en el acabado de la loza que se fabrica.",https://raw.githubusercontent.com/MariaaPinzon/ImagesEvaluatingMLLM/refs/heads/main/GPT/IdiomsSingleImage/singleImage_oropel.png
SINGLE_2646,oste,voz que emplean los campesinos para detener a los bueyes de trabajo,https://raw.githubusercontent.com/MariaaPinzon/ImagesEvaluatingMLLM/refs/heads/main/GPT/IdiomsSingleImage/singleImage_oste.png
SINGLE_2647,paca,"- Bolsa generalmente de papel, que se usa para llevar o guardar cosas.
- Cantidad de elementos que caben en un paquete, especialmente cervezas o pañales.",https://raw.githubusercontent.com/MariaaPinzon/ImagesEvaluatingMLLM/refs/heads/main/GPT/IdiomsSingleImage/singleImage_paca.png
SINGLE_2648,pachanga,Fiesta muy animada en la que se baila y se ingieren bebidas alcohólicas.,https://raw.githubusercontent.com/MariaaPinzon/ImagesEvaluatingMLLM/refs/heads/main/GPT/IdiomsSingleImage/singleImage_pachanga.png
SINGLE_2649,pachanguear,"Bailar, comer y beber licor en una fiesta.",https://raw.githubusercontent.com/MariaaPinzon/ImagesEvaluatingMLLM/refs/heads/main/GPT/IdiomsSingleImage/singleImage_pachanguear.png
SINGLE_2650,pacho,Menstruación.,https://raw.githubusercontent.com/MariaaPinzon/ImagesEvaluatingMLLM/refs/heads/main/GPT/IdiomsSingleImage/singleImage_pacho.png
SINGLE_2651,pachocha,"pachorra, calma excesiva en hacer las cosas",https://raw.githubusercontent.com/MariaaPinzon/ImagesEvaluatingMLLM/refs/heads/main/GPT/IdiomsSingleImage/singleImage_pachocha.png
SINGLE_2652,pachochar,hacer algo con lentitud deliberada,https://raw.githubusercontent.com/MariaaPinzon/ImagesEvaluatingMLLM/refs/heads/main/GPT/IdiomsSingleImage/singleImage_pachochar.png
SINGLE_2653,pachocho,"Referido a algo o a alguien, que procede con excesiva lentitud.",https://raw.githubusercontent.com/MariaaPinzon/ImagesEvaluatingMLLM/refs/heads/main/GPT/IdiomsSingleImage/singleImage_pachocho.png
SINGLE_2654,pachulí,Perfume ordinario o barato.,https://raw.githubusercontent.com/MariaaPinzon/ImagesEvaluatingMLLM/refs/heads/main/GPT/IdiomsSingleImage/singleImage_pachul%C3%AD.png
SINGLE_2655,padrote,Macho que por sus rasgos sobresalientes es seleccionado y dedicado a la reproducción.,https://raw.githubusercontent.com/MariaaPinzon/ImagesEvaluatingMLLM/refs/heads/main/GPT/IdiomsSingleImage/singleImage_padrote.png
SINGLE_2656,padrón,Animal macho usado para la procreación.,https://raw.githubusercontent.com/MariaaPinzon/ImagesEvaluatingMLLM/refs/heads/main/GPT/IdiomsSingleImage/singleImage_padr%C3%B3n.png
SINGLE_2657,pagar,"Referido a algo, que vale la pena o que amerita obtenerse.",https://raw.githubusercontent.com/MariaaPinzon/ImagesEvaluatingMLLM/refs/heads/main/GPT/IdiomsSingleImage/singleImage_pagar.png
SINGLE_2658,paila,"- recipiente de cocina, de metal, con asas, redondo y algo profundo que se usa especialmente para fritar
- Recipiente de boca ancha, más hondo que la sartén y de fondo redondeado, que se emplea para cocinar alimentos.",https://raw.githubusercontent.com/MariaaPinzon/ImagesEvaluatingMLLM/refs/heads/main/GPT/IdiomsSingleImage/singleImage_paila.png
SINGLE_2659,paisa,antioqueño,https://raw.githubusercontent.com/MariaaPinzon/ImagesEvaluatingMLLM/refs/heads/main/GPT/IdiomsSingleImage/singleImage_paisa.png
SINGLE_2660,paisano,Forma de tratamiento entre indígenas.,https://raw.githubusercontent.com/MariaaPinzon/ImagesEvaluatingMLLM/refs/heads/main/GPT/IdiomsSingleImage/singleImage_paisano.png
SINGLE_2661,paja,algo no verídico,https://raw.githubusercontent.com/MariaaPinzon/ImagesEvaluatingMLLM/refs/heads/main/GPT/IdiomsSingleImage/singleImage_paja.png
SINGLE_2662,pajarear,andar buscando amoríos por todos lados,https://raw.githubusercontent.com/MariaaPinzon/ImagesEvaluatingMLLM/refs/heads/main/GPT/IdiomsSingleImage/singleImage_pajarear.png
SINGLE_2663,pajariar,"En la época de la Violencia colombiana, matar los pájaros o chulavitas a los liberales en una emboscada en el monte o en un sitio despoblado.",https://raw.githubusercontent.com/MariaaPinzon/ImagesEvaluatingMLLM/refs/heads/main/GPT/IdiomsSingleImage/singleImage_pajariar.png
SINGLE_2664,pajarilla,Mentira.,https://raw.githubusercontent.com/MariaaPinzon/ImagesEvaluatingMLLM/refs/heads/main/GPT/IdiomsSingleImage/singleImage_pajarilla.png
SINGLE_2665,pajonal,Terreno característico de lugares húmedos cubierto de plantas de paja.,https://raw.githubusercontent.com/MariaaPinzon/ImagesEvaluatingMLLM/refs/heads/main/GPT/IdiomsSingleImage/singleImage_pajonal.png
SINGLE_2666,pajudo,"Referido a una persona, mentirosa o embustera.",https://raw.githubusercontent.com/MariaaPinzon/ImagesEvaluatingMLLM/refs/heads/main/GPT/IdiomsSingleImage/singleImage_pajudo.png
SINGLE_2667,palabra,"- Palabra soez.
- Acaparar el uso de la palabra en una conversación sin dejar hablar a los otros participantes.",https://raw.githubusercontent.com/MariaaPinzon/ImagesEvaluatingMLLM/refs/heads/main/GPT/IdiomsSingleImage/singleImage_palabra.png
SINGLE_2668,palabrear,"Acordar oralmente algo, pero sin formalizarlo.",https://raw.githubusercontent.com/MariaaPinzon/ImagesEvaluatingMLLM/refs/heads/main/GPT/IdiomsSingleImage/singleImage_palabrear.png
SINGLE_2669,palabrero,"Persona que media y concilia en los conflictos interfamiliares de los wayúu, grupo étnico del departamento de La Guajira.",https://raw.githubusercontent.com/MariaaPinzon/ImagesEvaluatingMLLM/refs/heads/main/GPT/IdiomsSingleImage/singleImage_palabrero.png
SINGLE_2670,palenque,Lugar de difícil acceso y alejados protegidos por fortificaciones en forma de empalizadas que servía de refugio a los esclavos fugitivos.,https://raw.githubusercontent.com/MariaaPinzon/ImagesEvaluatingMLLM/refs/heads/main/GPT/IdiomsSingleImage/singleImage_palenque.png
SINGLE_2671,palera,"En una competencia deportiva, derrota contundente.",https://raw.githubusercontent.com/MariaaPinzon/ImagesEvaluatingMLLM/refs/heads/main/GPT/IdiomsSingleImage/singleImage_palera.png
SINGLE_2672,paliadera,"Patio trasero de una casa que se eleva sobre el suelo, normalmente apoyada en estacas de madera.",https://raw.githubusercontent.com/MariaaPinzon/ImagesEvaluatingMLLM/refs/heads/main/GPT/IdiomsSingleImage/singleImage_paliadera.png
SINGLE_2673,palitraquero,"Referido a una persona, embustera, tramposa.",https://raw.githubusercontent.com/MariaaPinzon/ImagesEvaluatingMLLM/refs/heads/main/GPT/IdiomsSingleImage/singleImage_palitraquero.png
SINGLE_2674,palizada,"Conjunto de ramas y troncos enredados, arrastrados por la corriente de un río.",https://raw.githubusercontent.com/MariaaPinzon/ImagesEvaluatingMLLM/refs/heads/main/GPT/IdiomsSingleImage/singleImage_palizada.png
SINGLE_2675,palma,Palma pequeña de zonas templadas con hojas en forma de abanico y tallos en el subsuelo cuya fibra es usada para elaborar objetos artesanales.,https://raw.githubusercontent.com/MariaaPinzon/ImagesEvaluatingMLLM/refs/heads/main/GPT/IdiomsSingleImage/singleImage_palma.png
SINGLE_2676,palmotazo,Golpe fuerte que se da con la palma de la mano.,https://raw.githubusercontent.com/MariaaPinzon/ImagesEvaluatingMLLM/refs/heads/main/GPT/IdiomsSingleImage/singleImage_palmotazo.png
SINGLE_2677,palo de agua,aguacero,https://raw.githubusercontent.com/MariaaPinzon/ImagesEvaluatingMLLM/refs/heads/main/GPT/IdiomsSingleImage/singleImage_palo_de_agua.png
SINGLE_2678,palomito,Fríjol blanco.,https://raw.githubusercontent.com/MariaaPinzon/ImagesEvaluatingMLLM/refs/heads/main/GPT/IdiomsSingleImage/singleImage_palomito.png
SINGLE_2679,pamba,"Golpe en seco que se da o se recibe en la cabeza, con la palma de la mano.",https://raw.githubusercontent.com/MariaaPinzon/ImagesEvaluatingMLLM/refs/heads/main/GPT/IdiomsSingleImage/singleImage_pamba.png
SINGLE_2680,pambazo,"Pan de forma ovalada hecho con harina de trigo, levadura, panela y manteca de cerdo.",https://raw.githubusercontent.com/MariaaPinzon/ImagesEvaluatingMLLM/refs/heads/main/GPT/IdiomsSingleImage/singleImage_pambazo.png
SINGLE_2681,pampa,Refuerzo de tela de la ropa interior que se ubica en la zona de contacto con los genitales.,https://raw.githubusercontent.com/MariaaPinzon/ImagesEvaluatingMLLM/refs/heads/main/GPT/IdiomsSingleImage/singleImage_pampa.png
SINGLE_2682,pandear,"Doblar, curvarse algo generalmente por el centro.",https://raw.githubusercontent.com/MariaaPinzon/ImagesEvaluatingMLLM/refs/heads/main/GPT/IdiomsSingleImage/singleImage_pandear.png
SINGLE_2683,pando,"- Referido a una laguna, a un pozo o a una parte de un río, de poca profundidad.
- Referido a un recipiente, que tiene poco espacio entre el borde y el fondo.",https://raw.githubusercontent.com/MariaaPinzon/ImagesEvaluatingMLLM/refs/heads/main/GPT/IdiomsSingleImage/singleImage_pando.png
SINGLE_2684,panela,Celular de gran tamaño.,https://raw.githubusercontent.com/MariaaPinzon/ImagesEvaluatingMLLM/refs/heads/main/GPT/IdiomsSingleImage/singleImage_panela.png
SINGLE_2685,panelero,Relativo a la panela o su producción.,https://raw.githubusercontent.com/MariaaPinzon/ImagesEvaluatingMLLM/refs/heads/main/GPT/IdiomsSingleImage/singleImage_panelero.png
SINGLE_2686,paneo,Vista general que se hace sobre una situación.,https://raw.githubusercontent.com/MariaaPinzon/ImagesEvaluatingMLLM/refs/heads/main/GPT/IdiomsSingleImage/singleImage_paneo.png
SINGLE_2687,panero,Canasto elaborado con diversas fibras vegetales y que se usa especialmente para el transporte de alimentos.,https://raw.githubusercontent.com/MariaaPinzon/ImagesEvaluatingMLLM/refs/heads/main/GPT/IdiomsSingleImage/singleImage_panero.png
SINGLE_2688,pangada,Palmada en la nalga.,https://raw.githubusercontent.com/MariaaPinzon/ImagesEvaluatingMLLM/refs/heads/main/GPT/IdiomsSingleImage/singleImage_pangada.png
SINGLE_2689,pangar,Producir una depresión en una superficie a causa de un golpe.,https://raw.githubusercontent.com/MariaaPinzon/ImagesEvaluatingMLLM/refs/heads/main/GPT/IdiomsSingleImage/singleImage_pangar.png
SINGLE_2690,panocha,"- pan grande, relleno de dulce y queso
- arepa grande hecha de maíz tierno (choclo) que se envuelve en hojas de plátano y se asa en la brasa
- vulva
- Postre de forma redonda y un poco alargada en sus extremos, que se elabora con una masa blanda de arequipe rellena generalmente de coco.
- Vulva.
- Pan grande, relleno de dulce y queso.
- Arepa de maíz tierno que se asa envuelta en hojas de plátano.",https://raw.githubusercontent.com/MariaaPinzon/ImagesEvaluatingMLLM/refs/heads/main/GPT/IdiomsSingleImage/singleImage_panocha.png
SINGLE_2691,pantaleta,Prenda interior femenina que cubre generalmente desde la cintura hasta la ingle.,https://raw.githubusercontent.com/MariaaPinzon/ImagesEvaluatingMLLM/refs/heads/main/GPT/IdiomsSingleImage/singleImage_pantaleta.png
SINGLE_2692,pantaloncillo,Prenda de ropa interior masculina que se lleva debajo del pantalón.,https://raw.githubusercontent.com/MariaaPinzon/ImagesEvaluatingMLLM/refs/heads/main/GPT/IdiomsSingleImage/singleImage_pantaloncillo.png
SINGLE_2693,pantaloncillos,calzoncillos,https://raw.githubusercontent.com/MariaaPinzon/ImagesEvaluatingMLLM/refs/heads/main/GPT/IdiomsSingleImage/singleImage_pantaloncillos.png
SINGLE_2694,pantaloneta,"- Pantalón corto usado por los pescadores para trabajar.
- Pantalón corto que se usa para hacer deporte.",https://raw.githubusercontent.com/MariaaPinzon/ImagesEvaluatingMLLM/refs/heads/main/GPT/IdiomsSingleImage/singleImage_pantaloneta.png
SINGLE_2695,pantalonudo,"corajudo, valiente",https://raw.githubusercontent.com/MariaaPinzon/ImagesEvaluatingMLLM/refs/heads/main/GPT/IdiomsSingleImage/singleImage_pantalonudo.png
SINGLE_2696,pantanero,"Referido a una llanta, que tiene un buen agarre en terrenos pantanosos.",https://raw.githubusercontent.com/MariaaPinzon/ImagesEvaluatingMLLM/refs/heads/main/GPT/IdiomsSingleImage/singleImage_pantanero.png
SINGLE_2697,pantano,"Hondonada con fondo cenagoso, en la que se recoge agua de forma natural.",https://raw.githubusercontent.com/MariaaPinzon/ImagesEvaluatingMLLM/refs/heads/main/GPT/IdiomsSingleImage/singleImage_pantano.png
SINGLE_2698,panty,Prenda interior femenina que cubre generalmente desde la cintura hasta la ingle.,https://raw.githubusercontent.com/MariaaPinzon/ImagesEvaluatingMLLM/refs/heads/main/GPT/IdiomsSingleImage/singleImage_panty.png
SINGLE_2699,papacito,"Hombre atractivo, bien parecido.",https://raw.githubusercontent.com/MariaaPinzon/ImagesEvaluatingMLLM/refs/heads/main/GPT/IdiomsSingleImage/singleImage_papacito.png
SINGLE_2700,papasote,Hombre muy atractivo físicamente.,https://raw.githubusercontent.com/MariaaPinzon/ImagesEvaluatingMLLM/refs/heads/main/GPT/IdiomsSingleImage/singleImage_papasote.png
SINGLE_2701,papaya,Se usa para expresar que algo es oportuno o que sucede en el momento adecuado.,https://raw.githubusercontent.com/MariaaPinzon/ImagesEvaluatingMLLM/refs/heads/main/GPT/IdiomsSingleImage/singleImage_papaya.png
SINGLE_2702,papayazo,"ocasión, oportunidad que alguien aprovecha para hacer algo, generalmente en perjuicio de otra persona",https://raw.githubusercontent.com/MariaaPinzon/ImagesEvaluatingMLLM/refs/heads/main/GPT/IdiomsSingleImage/singleImage_papayazo.png
SINGLE_2703,papelógrafo,Soporte de madera que consta de tres patas y un tablero pequeño en el que se sujetan pliegos de papel para presentar o escribir alguna información.,https://raw.githubusercontent.com/MariaaPinzon/ImagesEvaluatingMLLM/refs/heads/main/GPT/IdiomsSingleImage/singleImage_papel%C3%B3grafo.png
SINGLE_2704,papero,"- Referido a una persona, que cultiva o vende papas.
- Relativo a la papa o su producción.",https://raw.githubusercontent.com/MariaaPinzon/ImagesEvaluatingMLLM/refs/heads/main/GPT/IdiomsSingleImage/singleImage_papero.png
SINGLE_2705,papujo,"- Referido a una persona o a un animal, que tiene abultado el cuello.
- Referido a la cara o a los ojos, abultados o que están hinchados.",https://raw.githubusercontent.com/MariaaPinzon/ImagesEvaluatingMLLM/refs/heads/main/GPT/IdiomsSingleImage/singleImage_papujo.png
SINGLE_2706,paquete,Cantidad de dinero equivalente a un millón de pesos.,https://raw.githubusercontent.com/MariaaPinzon/ImagesEvaluatingMLLM/refs/heads/main/GPT/IdiomsSingleImage/singleImage_paquete.png
SINGLE_2707,para,Paramilitar.,https://raw.githubusercontent.com/MariaaPinzon/ImagesEvaluatingMLLM/refs/heads/main/GPT/IdiomsSingleImage/singleImage_para.png
SINGLE_2708,"paraco, ca",Relativo al paramilitarismo.,https://raw.githubusercontent.com/MariaaPinzon/ImagesEvaluatingMLLM/refs/heads/main/GPT/IdiomsSingleImage/singleImage_paraco__ca.png
SINGLE_2709,paramar,Lloviznar suave y constante.,https://raw.githubusercontent.com/MariaaPinzon/ImagesEvaluatingMLLM/refs/heads/main/GPT/IdiomsSingleImage/singleImage_paramar.png
SINGLE_2710,paramuno,"Referido a alguien o a algo, originario o propio de los páramos.",https://raw.githubusercontent.com/MariaaPinzon/ImagesEvaluatingMLLM/refs/heads/main/GPT/IdiomsSingleImage/singleImage_paramuno.png
SINGLE_2711,parando oreja,Tratar de escuchar lo que alguien dice.,https://raw.githubusercontent.com/MariaaPinzon/ImagesEvaluatingMLLM/refs/heads/main/GPT/IdiomsSingleImage/singleImage_parando_oreja.png
SINGLE_2712,parapampán,"Simulacro, engaño.",https://raw.githubusercontent.com/MariaaPinzon/ImagesEvaluatingMLLM/refs/heads/main/GPT/IdiomsSingleImage/singleImage_parapamp%C3%A1n.png
SINGLE_2713,parapeto,"Engaño, simulación.",https://raw.githubusercontent.com/MariaaPinzon/ImagesEvaluatingMLLM/refs/heads/main/GPT/IdiomsSingleImage/singleImage_parapeto.png
SINGLE_2714,parapolítico,"Referido a una persona, que tiene un cargo político y mantiene nexos ilícitos con grupos paramilitares.",https://raw.githubusercontent.com/MariaaPinzon/ImagesEvaluatingMLLM/refs/heads/main/GPT/IdiomsSingleImage/singleImage_parapol%C3%ADtico.png
SINGLE_2715,parar,Poner verticalmente algo.,https://raw.githubusercontent.com/MariaaPinzon/ImagesEvaluatingMLLM/refs/heads/main/GPT/IdiomsSingleImage/singleImage_parar.png
SINGLE_2716,parce,Forma de tratamiento usada entre amigos o compañeros.,https://raw.githubusercontent.com/MariaaPinzon/ImagesEvaluatingMLLM/refs/heads/main/GPT/IdiomsSingleImage/singleImage_parce.png
SINGLE_2717,parcero,Amigo de confianza.,https://raw.githubusercontent.com/MariaaPinzon/ImagesEvaluatingMLLM/refs/heads/main/GPT/IdiomsSingleImage/singleImage_parcero.png
SINGLE_2718,parchar,"Encontrarse con amigos, salir a divertirse.",https://raw.githubusercontent.com/MariaaPinzon/ImagesEvaluatingMLLM/refs/heads/main/GPT/IdiomsSingleImage/singleImage_parchar.png
SINGLE_2719,parche,"- Persona con la que se tienen encuentros sexuales ocasionalmente.
- Grupo de amigos que salen a divertirse juntos.",https://raw.githubusercontent.com/MariaaPinzon/ImagesEvaluatingMLLM/refs/heads/main/GPT/IdiomsSingleImage/singleImage_parche.png
SINGLE_2720,parejo,"Mucho, bastante.",https://raw.githubusercontent.com/MariaaPinzon/ImagesEvaluatingMLLM/refs/heads/main/GPT/IdiomsSingleImage/singleImage_parejo.png
SINGLE_2721,parestas,"Por cierto, a propósito.",https://raw.githubusercontent.com/MariaaPinzon/ImagesEvaluatingMLLM/refs/heads/main/GPT/IdiomsSingleImage/singleImage_parestas.png
SINGLE_2722,parlache,Jerga que se originó en los barrios populares y marginados de Medellín y que se ha extendido a otros grupos sociales.,https://raw.githubusercontent.com/MariaaPinzon/ImagesEvaluatingMLLM/refs/heads/main/GPT/IdiomsSingleImage/singleImage_parlache.png
SINGLE_2723,parquiños,Rápidamente o ya mismo.,https://raw.githubusercontent.com/MariaaPinzon/ImagesEvaluatingMLLM/refs/heads/main/GPT/IdiomsSingleImage/singleImage_parqui%C3%B1os.png
SINGLE_2724,parqués,"Juego de mesa que se practica entre varios jugadores sobre un tablero con cuatro o más casillas de salida, que consiste en mover las fichas tantas casillas como indiquen los dados al lanzarlos, y en el que gana el jugador que primero haga llegar sus cuatro fichas a la casilla central.",https://raw.githubusercontent.com/MariaaPinzon/ImagesEvaluatingMLLM/refs/heads/main/GPT/IdiomsSingleImage/singleImage_parqu%C3%A9s.png
SINGLE_2725,parranda,Fiesta muy animada con bebidas alcohólicas.,https://raw.githubusercontent.com/MariaaPinzon/ImagesEvaluatingMLLM/refs/heads/main/GPT/IdiomsSingleImage/singleImage_parranda.png
SINGLE_2726,parrando,"Fiesta a campo abierto con comida, música y bailes típicos de los llanos.",https://raw.githubusercontent.com/MariaaPinzon/ImagesEvaluatingMLLM/refs/heads/main/GPT/IdiomsSingleImage/singleImage_parrando.png
SINGLE_2727,parrandón,"Fiesta muy concurrida, con bebidas alcohólicas, animada por un cantante o una banda musical, generalmente de vallenato.",https://raw.githubusercontent.com/MariaaPinzon/ImagesEvaluatingMLLM/refs/heads/main/GPT/IdiomsSingleImage/singleImage_parrand%C3%B3n.png
SINGLE_2728,pasabordo,Documento que le entrega la aerolínea al pasajero como requisito para subir al avión.,https://raw.githubusercontent.com/MariaaPinzon/ImagesEvaluatingMLLM/refs/heads/main/GPT/IdiomsSingleImage/singleImage_pasabordo.png
SINGLE_2729,pasado,"Referido a una persona, muy confianzuda.",https://raw.githubusercontent.com/MariaaPinzon/ImagesEvaluatingMLLM/refs/heads/main/GPT/IdiomsSingleImage/singleImage_pasado.png
SINGLE_2730,pasamanos,"- Juego infantil formado por una serie de travesaños o asas de las que los niños se cuelgan y pasan de unos a otros sin tocar el piso.
- Tubo o asa de la que se sostienen los pasajeros que van de pie en un transporte público.",https://raw.githubusercontent.com/MariaaPinzon/ImagesEvaluatingMLLM/refs/heads/main/GPT/IdiomsSingleImage/singleImage_pasamanos.png
SINGLE_2731,pasar como sobre ascuas,pasar rápidamente sobre un asunto,https://raw.githubusercontent.com/MariaaPinzon/ImagesEvaluatingMLLM/refs/heads/main/GPT/IdiomsSingleImage/singleImage_pasar_como_sobre_ascuas.png
SINGLE_2732,pasar de agache,rehuir mañosamente el tratamiento o solución de un asunto,https://raw.githubusercontent.com/MariaaPinzon/ImagesEvaluatingMLLM/refs/heads/main/GPT/IdiomsSingleImage/singleImage_pasar_de_agache.png
SINGLE_2733,pasar el páramo,expresa el hecho de haber tenido un susto aterrador,https://raw.githubusercontent.com/MariaaPinzon/ImagesEvaluatingMLLM/refs/heads/main/GPT/IdiomsSingleImage/singleImage_pasar_el_p%C3%A1ramo.png
SINGLE_2734,pasata,Relato jocoso y breve de algún evento sucedido.,https://raw.githubusercontent.com/MariaaPinzon/ImagesEvaluatingMLLM/refs/heads/main/GPT/IdiomsSingleImage/singleImage_pasata.png
SINGLE_2735,paseo millonario,modalidad de atraco que consiste en irrumpir en un taxi y obligar al pasajero a retirar sucesivamente dinero de los cajeros electrónicos,https://raw.githubusercontent.com/MariaaPinzon/ImagesEvaluatingMLLM/refs/heads/main/GPT/IdiomsSingleImage/singleImage_paseo_millonario.png
SINGLE_2736,pasera,"- Estructura o andamio que permite sostener a alguien o algo durante un trabajo o labor que se hace en un nivel superior.
- Especie de repisa que se pone encima del fogón para sostener los alimentos para ahumarlos.",https://raw.githubusercontent.com/MariaaPinzon/ImagesEvaluatingMLLM/refs/heads/main/GPT/IdiomsSingleImage/singleImage_pasera.png
SINGLE_2737,pasma,estado producido por la suspensión del efecto embriagante de las bebidas alcohólicas,https://raw.githubusercontent.com/MariaaPinzon/ImagesEvaluatingMLLM/refs/heads/main/GPT/IdiomsSingleImage/singleImage_pasma.png
SINGLE_2738,pasmado,"atontado, alelado por dejar de beber licor",https://raw.githubusercontent.com/MariaaPinzon/ImagesEvaluatingMLLM/refs/heads/main/GPT/IdiomsSingleImage/singleImage_pasmado.png
SINGLE_2739,pasmarse,Dejar de sentir los efectos de una bebida alcohólica por la interrupción de su consumo.,https://raw.githubusercontent.com/MariaaPinzon/ImagesEvaluatingMLLM/refs/heads/main/GPT/IdiomsSingleImage/singleImage_pasmarse.png
SINGLE_2740,paso,Bailar con soltura.,https://raw.githubusercontent.com/MariaaPinzon/ImagesEvaluatingMLLM/refs/heads/main/GPT/IdiomsSingleImage/singleImage_paso.png
SINGLE_2741,pasquín,"Libro, periódico o revista, generalmente de formato pequeño, de mala calidad y sensacionalista.",https://raw.githubusercontent.com/MariaaPinzon/ImagesEvaluatingMLLM/refs/heads/main/GPT/IdiomsSingleImage/singleImage_pasqu%C3%ADn.png
SINGLE_2742,pastel,"Masa frita de forma redonda hecha con yuca, arracacha o papa que se rellena de arroz y carne molida.",https://raw.githubusercontent.com/MariaaPinzon/ImagesEvaluatingMLLM/refs/heads/main/GPT/IdiomsSingleImage/singleImage_pastel.png
SINGLE_2743,pastelero,"Persona que cambia de opinión según su conveniencia, especialmente en política.",https://raw.githubusercontent.com/MariaaPinzon/ImagesEvaluatingMLLM/refs/heads/main/GPT/IdiomsSingleImage/singleImage_pastelero.png
SINGLE_2744,pasto,"- Mariguana de mala calidad.
- Hierba, césped.",https://raw.githubusercontent.com/MariaaPinzon/ImagesEvaluatingMLLM/refs/heads/main/GPT/IdiomsSingleImage/singleImage_pasto.png
SINGLE_2745,pata,Tipo de navaja cuya hoja sale y entra de una ranura en el mango.,https://raw.githubusercontent.com/MariaaPinzon/ImagesEvaluatingMLLM/refs/heads/main/GPT/IdiomsSingleImage/singleImage_pata.png
SINGLE_2746,pataleta,Manifestación exagerada de ira o nerviosismo.,https://raw.githubusercontent.com/MariaaPinzon/ImagesEvaluatingMLLM/refs/heads/main/GPT/IdiomsSingleImage/singleImage_pataleta.png
SINGLE_2747,patanada,Grosería o falta de elegancia y educación.,https://raw.githubusercontent.com/MariaaPinzon/ImagesEvaluatingMLLM/refs/heads/main/GPT/IdiomsSingleImage/singleImage_patanada.png
SINGLE_2748,patetarro,"Referido a una persona, que cojea por falta de una pierna o un pie, o por el funcionamiento anormal de cualquiera de estos.",https://raw.githubusercontent.com/MariaaPinzon/ImagesEvaluatingMLLM/refs/heads/main/GPT/IdiomsSingleImage/singleImage_patetarro.png
SINGLE_2749,patijunto,"Referido a una persona, que tiene las piernas curvadas hacia afuera y las rodillas juntas.",https://raw.githubusercontent.com/MariaaPinzon/ImagesEvaluatingMLLM/refs/heads/main/GPT/IdiomsSingleImage/singleImage_patijunto.png
SINGLE_2750,patinarle el coco,comportarse como si estuviera chiflado,https://raw.githubusercontent.com/MariaaPinzon/ImagesEvaluatingMLLM/refs/heads/main/GPT/IdiomsSingleImage/singleImage_patinarle_el_coco.png
SINGLE_2751,patirrajado,persona de baja condición social,https://raw.githubusercontent.com/MariaaPinzon/ImagesEvaluatingMLLM/refs/heads/main/GPT/IdiomsSingleImage/singleImage_patirrajado.png
SINGLE_2752,patirrucio,"- Referido a una persona, que presenta resequedad en la piel de los pies.
- Referido a una persona, ordinaria o de baja clase social.",https://raw.githubusercontent.com/MariaaPinzon/ImagesEvaluatingMLLM/refs/heads/main/GPT/IdiomsSingleImage/singleImage_patirrucio.png
SINGLE_2753,patojo,"- niño considerado de pocos años. era un patojo cuando lo conocí
- expresión de cariño hacia una persona
- oriundo de popayán",https://raw.githubusercontent.com/MariaaPinzon/ImagesEvaluatingMLLM/refs/heads/main/GPT/IdiomsSingleImage/singleImage_patojo.png
SINGLE_2754,patoneada,Caminata larga y agotadora.,https://raw.githubusercontent.com/MariaaPinzon/ImagesEvaluatingMLLM/refs/heads/main/GPT/IdiomsSingleImage/singleImage_patoneada.png
SINGLE_2755,patonear,Hacer un recorrido largo a pie.,https://raw.githubusercontent.com/MariaaPinzon/ImagesEvaluatingMLLM/refs/heads/main/GPT/IdiomsSingleImage/singleImage_patonear.png
SINGLE_2756,patorica,Pie o pierna.,https://raw.githubusercontent.com/MariaaPinzon/ImagesEvaluatingMLLM/refs/heads/main/GPT/IdiomsSingleImage/singleImage_patorica.png
SINGLE_2757,patota,Grupo de personas.,https://raw.githubusercontent.com/MariaaPinzon/ImagesEvaluatingMLLM/refs/heads/main/GPT/IdiomsSingleImage/singleImage_patota.png
SINGLE_2758,patrasearse,Retractarse de un negocio o algo que ya se había pactado.,https://raw.githubusercontent.com/MariaaPinzon/ImagesEvaluatingMLLM/refs/heads/main/GPT/IdiomsSingleImage/singleImage_patrasearse.png
SINGLE_2759,patuleco,que tiene las piernas torcidas,https://raw.githubusercontent.com/MariaaPinzon/ImagesEvaluatingMLLM/refs/heads/main/GPT/IdiomsSingleImage/singleImage_patuleco.png
SINGLE_2760,patuleto,que tiene las piernas torcidas,https://raw.githubusercontent.com/MariaaPinzon/ImagesEvaluatingMLLM/refs/heads/main/GPT/IdiomsSingleImage/singleImage_patuleto.png
SINGLE_2761,paturro,"Referido a una persona o un animal, que es de baja estatura.",https://raw.githubusercontent.com/MariaaPinzon/ImagesEvaluatingMLLM/refs/heads/main/GPT/IdiomsSingleImage/singleImage_paturro.png
SINGLE_2762,patín,"Calzado tejido, generalmente en forma de bota, que se pone a los bebés a modo de zapato.",https://raw.githubusercontent.com/MariaaPinzon/ImagesEvaluatingMLLM/refs/heads/main/GPT/IdiomsSingleImage/singleImage_pat%C3%ADn.png
SINGLE_2763,pauche,"Corazón blando del tallo de algunos árboles, utilizado en la elaboración de artesanías y la construcción.",https://raw.githubusercontent.com/MariaaPinzon/ImagesEvaluatingMLLM/refs/heads/main/GPT/IdiomsSingleImage/singleImage_pauche.png
SINGLE_2764,pava,"- Sombrero de mujer de copa baja y ala ancha, elaborado con materiales finos y vistosos, que se usa en climas cálidos.
- Mala suerte",https://raw.githubusercontent.com/MariaaPinzon/ImagesEvaluatingMLLM/refs/heads/main/GPT/IdiomsSingleImage/singleImage_pava.png
SINGLE_2765,pavoso,"Referido a algo o a alguien, que trae mala suerte.",https://raw.githubusercontent.com/MariaaPinzon/ImagesEvaluatingMLLM/refs/heads/main/GPT/IdiomsSingleImage/singleImage_pavoso.png
SINGLE_2766,paz y salvo,"- Certificado que demuestra que se pagó una deuda.
- Estar saldada una deuda con una entidad oficial o con un particular.",https://raw.githubusercontent.com/MariaaPinzon/ImagesEvaluatingMLLM/refs/heads/main/GPT/IdiomsSingleImage/singleImage_paz_y_salvo.png
SINGLE_2767,pañalera,Bolso que se usa para llevar la ropa y los accesorios de un bebé.,https://raw.githubusercontent.com/MariaaPinzon/ImagesEvaluatingMLLM/refs/heads/main/GPT/IdiomsSingleImage/singleImage_pa%C3%B1alera.png
SINGLE_2768,pañetado,"- Capa de cemento o yeso que se aplica a una pared o muro para que quede lisa.
- Referido a una pared o un muro, recubierto con una capa de yeso o cemento.",https://raw.githubusercontent.com/MariaaPinzon/ImagesEvaluatingMLLM/refs/heads/main/GPT/IdiomsSingleImage/singleImage_pa%C3%B1etado.png
SINGLE_2769,pañetar,Poner una capa de una mezcla de arena y cemento a una pared o un techo.,https://raw.githubusercontent.com/MariaaPinzon/ImagesEvaluatingMLLM/refs/heads/main/GPT/IdiomsSingleImage/singleImage_pa%C3%B1etar.png
SINGLE_2770,pea,Borrachera.,https://raw.githubusercontent.com/MariaaPinzon/ImagesEvaluatingMLLM/refs/heads/main/GPT/IdiomsSingleImage/singleImage_pea.png
SINGLE_2771,pechichar,"- consentir a alguien
- tratar a una persona con especial cariño",https://raw.githubusercontent.com/MariaaPinzon/ImagesEvaluatingMLLM/refs/heads/main/GPT/IdiomsSingleImage/singleImage_pechichar.png
SINGLE_2772,pechiche,"Trato delicado, consentimiento.",https://raw.githubusercontent.com/MariaaPinzon/ImagesEvaluatingMLLM/refs/heads/main/GPT/IdiomsSingleImage/singleImage_pechiche.png
SINGLE_2773,pechichón,"Persona consentida, mimada.",https://raw.githubusercontent.com/MariaaPinzon/ImagesEvaluatingMLLM/refs/heads/main/GPT/IdiomsSingleImage/singleImage_pechich%C3%B3n.png
SINGLE_2774,pechonta,"Joya o accesorio de tamaño sobredimensionado, de apariencia estrafalaria y ordinaria.",https://raw.githubusercontent.com/MariaaPinzon/ImagesEvaluatingMLLM/refs/heads/main/GPT/IdiomsSingleImage/singleImage_pechonta.png
SINGLE_2775,pechugón,"Referido a una persona, que es descarada y le gusta vivir a costa de los demás.",https://raw.githubusercontent.com/MariaaPinzon/ImagesEvaluatingMLLM/refs/heads/main/GPT/IdiomsSingleImage/singleImage_pechug%C3%B3n.png
SINGLE_2776,pecueco,"- Que es insignificante o tiene poco valor.
- dicho de una persona, cosa o actividad, que se considera de mala calidad o insatisfactorio
- Olor desagradable de los pies.",https://raw.githubusercontent.com/MariaaPinzon/ImagesEvaluatingMLLM/refs/heads/main/GPT/IdiomsSingleImage/singleImage_pecueco.png
SINGLE_2777,peculado,"Uso ilegal de fondos administrados por cuenta ajena, especialmente si son públicos, en gastos diferentes a los destinados inicialmente.",https://raw.githubusercontent.com/MariaaPinzon/ImagesEvaluatingMLLM/refs/heads/main/GPT/IdiomsSingleImage/singleImage_peculado.png
SINGLE_2778,pedalista,Ciclista profesional.,https://raw.githubusercontent.com/MariaaPinzon/ImagesEvaluatingMLLM/refs/heads/main/GPT/IdiomsSingleImage/singleImage_pedalista.png
SINGLE_2779,pedicure,Cuidado y embellecimiento de los pies y las uñas.,https://raw.githubusercontent.com/MariaaPinzon/ImagesEvaluatingMLLM/refs/heads/main/GPT/IdiomsSingleImage/singleImage_pedicure.png
SINGLE_2780,pedicurista,Persona que tiene por oficio embellecer los pies y las uñas.,https://raw.githubusercontent.com/MariaaPinzon/ImagesEvaluatingMLLM/refs/heads/main/GPT/IdiomsSingleImage/singleImage_pedicurista.png
SINGLE_2781,pedir,Pedir en abundancia y de forma repetida.,https://raw.githubusercontent.com/MariaaPinzon/ImagesEvaluatingMLLM/refs/heads/main/GPT/IdiomsSingleImage/singleImage_pedir.png
SINGLE_2782,pedir cacao,rendirse en una disputa,https://raw.githubusercontent.com/MariaaPinzon/ImagesEvaluatingMLLM/refs/heads/main/GPT/IdiomsSingleImage/singleImage_pedir_cacao.png
SINGLE_2783,pedir excusas,"disculparse, presentar excusas",https://raw.githubusercontent.com/MariaaPinzon/ImagesEvaluatingMLLM/refs/heads/main/GPT/IdiomsSingleImage/singleImage_pedir_excusas.png
SINGLE_2784,pedrada,Suceder algo en el momento preciso.,https://raw.githubusercontent.com/MariaaPinzon/ImagesEvaluatingMLLM/refs/heads/main/GPT/IdiomsSingleImage/singleImage_pedrada.png
SINGLE_2785,pegachento,Que tiene adherido algo pegajoso.,https://raw.githubusercontent.com/MariaaPinzon/ImagesEvaluatingMLLM/refs/heads/main/GPT/IdiomsSingleImage/singleImage_pegachento.png
SINGLE_2786,pegado,"Capa de arroz que queda adherida a la olla, después de su cocción.",https://raw.githubusercontent.com/MariaaPinzon/ImagesEvaluatingMLLM/refs/heads/main/GPT/IdiomsSingleImage/singleImage_pegado.png
SINGLE_2787,pegote,"- Objeto que no tiene una forma definida.
- Niño pequeño.
- stder , nstder. niño pequeño",https://raw.githubusercontent.com/MariaaPinzon/ImagesEvaluatingMLLM/refs/heads/main/GPT/IdiomsSingleImage/singleImage_pegote.png
SINGLE_2788,pegotudo,Que es espeso y pegajoso.,https://raw.githubusercontent.com/MariaaPinzon/ImagesEvaluatingMLLM/refs/heads/main/GPT/IdiomsSingleImage/singleImage_pegotudo.png
SINGLE_2789,peinilla,"Instrumento para el arreglo del cabello formado por una estructura generalmente de plástico a la que van fijados dientes en paralelo, más o menos juntos.",https://raw.githubusercontent.com/MariaaPinzon/ImagesEvaluatingMLLM/refs/heads/main/GPT/IdiomsSingleImage/singleImage_peinilla.png
SINGLE_2790,pela,"- Golpes que se dan a modo de castigo, generalmente con una correa.
- golpes dados a alguien generalmente con una correa",https://raw.githubusercontent.com/MariaaPinzon/ImagesEvaluatingMLLM/refs/heads/main/GPT/IdiomsSingleImage/singleImage_pela.png
SINGLE_2791,peladez,carencia de dinero,https://raw.githubusercontent.com/MariaaPinzon/ImagesEvaluatingMLLM/refs/heads/main/GPT/IdiomsSingleImage/singleImage_peladez.png
SINGLE_2792,pelajeta,Cigarro hecho con hojas de tabaco.,https://raw.githubusercontent.com/MariaaPinzon/ImagesEvaluatingMLLM/refs/heads/main/GPT/IdiomsSingleImage/singleImage_pelajeta.png
SINGLE_2793,pelero,Gran cantidad de pelo.,https://raw.githubusercontent.com/MariaaPinzon/ImagesEvaluatingMLLM/refs/heads/main/GPT/IdiomsSingleImage/singleImage_pelero.png
SINGLE_2794,pelicandelo,pelirrojo,https://raw.githubusercontent.com/MariaaPinzon/ImagesEvaluatingMLLM/refs/heads/main/GPT/IdiomsSingleImage/singleImage_pelicandelo.png
SINGLE_2795,pelietas,"Referido a una persona, que es conflictiva y tiende a pelearse con otros frecuentemente.",https://raw.githubusercontent.com/MariaaPinzon/ImagesEvaluatingMLLM/refs/heads/main/GPT/IdiomsSingleImage/singleImage_pelietas.png
SINGLE_2796,pelo,"- Sentir pavor o asombrase.
- Pelo negro, grueso y liso.",https://raw.githubusercontent.com/MariaaPinzon/ImagesEvaluatingMLLM/refs/heads/main/GPT/IdiomsSingleImage/singleImage_pelo.png
SINGLE_2797,pelo cucú,"El que es rizado, crespo y muy corto.",https://raw.githubusercontent.com/MariaaPinzon/ImagesEvaluatingMLLM/refs/heads/main/GPT/IdiomsSingleImage/singleImage_pelo_cuc%C3%BA.png
SINGLE_2798,pelo rucho,"Referido al cabello, muy rizado y corto.",https://raw.githubusercontent.com/MariaaPinzon/ImagesEvaluatingMLLM/refs/heads/main/GPT/IdiomsSingleImage/singleImage_pelo_rucho.png
SINGLE_2799,pelota,Estar feliz o a gusto con una situación.,https://raw.githubusercontent.com/MariaaPinzon/ImagesEvaluatingMLLM/refs/heads/main/GPT/IdiomsSingleImage/singleImage_pelota.png
SINGLE_2800,peluncho,"Referido a una persona, desnuda.",https://raw.githubusercontent.com/MariaaPinzon/ImagesEvaluatingMLLM/refs/heads/main/GPT/IdiomsSingleImage/singleImage_peluncho.png
SINGLE_2801,penca,"- Pieza de barro que se extrae de la mina para la fabricación de loza y artesanías.
- Cinturón.",https://raw.githubusercontent.com/MariaaPinzon/ImagesEvaluatingMLLM/refs/heads/main/GPT/IdiomsSingleImage/singleImage_penca.png
SINGLE_2802,pencazo,"Golpe dado con la penca, el cinturón.",https://raw.githubusercontent.com/MariaaPinzon/ImagesEvaluatingMLLM/refs/heads/main/GPT/IdiomsSingleImage/singleImage_pencazo.png
SINGLE_2803,pendejear,hacer o decir necedades o tonterías,https://raw.githubusercontent.com/MariaaPinzon/ImagesEvaluatingMLLM/refs/heads/main/GPT/IdiomsSingleImage/singleImage_pendejear.png
SINGLE_2804,penquiado,"Referido a una persona, dormida profundamente.",https://raw.githubusercontent.com/MariaaPinzon/ImagesEvaluatingMLLM/refs/heads/main/GPT/IdiomsSingleImage/singleImage_penquiado.png
SINGLE_2805,penquiarse,Dormirse profundamente después de haber realizado una tarea de mucha exigencia física o mental.,https://raw.githubusercontent.com/MariaaPinzon/ImagesEvaluatingMLLM/refs/heads/main/GPT/IdiomsSingleImage/singleImage_penquiarse.png
SINGLE_2806,pepa,"En fútbol, gol.",https://raw.githubusercontent.com/MariaaPinzon/ImagesEvaluatingMLLM/refs/heads/main/GPT/IdiomsSingleImage/singleImage_pepa.png
SINGLE_2807,pepena,"Utensilio hecho con una pequeña estera de fibras vegetales de diversas formas, liviano y flexible, con mango o sin él y que se usa para avivar el fuego especialmente en el fogón de una estufa.",https://raw.githubusercontent.com/MariaaPinzon/ImagesEvaluatingMLLM/refs/heads/main/GPT/IdiomsSingleImage/singleImage_pepena.png
SINGLE_2808,pepo,que está bajo el efecto de un alucinógeno,https://raw.githubusercontent.com/MariaaPinzon/ImagesEvaluatingMLLM/refs/heads/main/GPT/IdiomsSingleImage/singleImage_pepo.png
SINGLE_2809,peque,"Motor fuera de borda, pequeño y de poca potencia.",https://raw.githubusercontent.com/MariaaPinzon/ImagesEvaluatingMLLM/refs/heads/main/GPT/IdiomsSingleImage/singleImage_peque.png
SINGLE_2810,pera,"Fruto del pomarroso, redondo, pequeño, de piel amarilla y rosada, con pulpa blanca de sabor un poco ácido y olor dulce.",https://raw.githubusercontent.com/MariaaPinzon/ImagesEvaluatingMLLM/refs/heads/main/GPT/IdiomsSingleImage/singleImage_pera.png
SINGLE_2811,peramán,Goma que se obtiene de una resina vegetal que se colorea con pigmentos vegetales y que se utiliza para pintura corporal o como pegante en la elaboración de artesanías de algunos pueblos indígenas de la orinoquía.,https://raw.githubusercontent.com/MariaaPinzon/ImagesEvaluatingMLLM/refs/heads/main/GPT/IdiomsSingleImage/singleImage_peram%C3%A1n.png
SINGLE_2812,percanta,"Referido a una persona, mala, despreciable.",https://raw.githubusercontent.com/MariaaPinzon/ImagesEvaluatingMLLM/refs/heads/main/GPT/IdiomsSingleImage/singleImage_percanta.png
SINGLE_2813,percha,"Vestimenta, generalmente elegante.",https://raw.githubusercontent.com/MariaaPinzon/ImagesEvaluatingMLLM/refs/heads/main/GPT/IdiomsSingleImage/singleImage_percha.png
SINGLE_2814,perchudo,"elegante, bien vestido",https://raw.githubusercontent.com/MariaaPinzon/ImagesEvaluatingMLLM/refs/heads/main/GPT/IdiomsSingleImage/singleImage_perchudo.png
SINGLE_2815,perdedera,Privación o carencia repetida de algo.,https://raw.githubusercontent.com/MariaaPinzon/ImagesEvaluatingMLLM/refs/heads/main/GPT/IdiomsSingleImage/singleImage_perdedera.png
SINGLE_2816,perecoso,"Referido a una persona, que es conflictiva y crea problemas innecesarios.",https://raw.githubusercontent.com/MariaaPinzon/ImagesEvaluatingMLLM/refs/heads/main/GPT/IdiomsSingleImage/singleImage_perecoso.png
SINGLE_2817,perecudo,"Referido a una actividad o tarea, difícil de realizar.",https://raw.githubusercontent.com/MariaaPinzon/ImagesEvaluatingMLLM/refs/heads/main/GPT/IdiomsSingleImage/singleImage_perecudo.png
SINGLE_2818,pereque,"- molestia, mortificación
- Incomodar a alguien.",https://raw.githubusercontent.com/MariaaPinzon/ImagesEvaluatingMLLM/refs/heads/main/GPT/IdiomsSingleImage/singleImage_pereque.png
SINGLE_2819,perezosa,"- silla con respaldo largo y asiento hechos de una misma pieza de lona y con tijera graduable
- Silla reclinable de respaldo largo y asiento hechos de una misma pieza de lona.",https://raw.githubusercontent.com/MariaaPinzon/ImagesEvaluatingMLLM/refs/heads/main/GPT/IdiomsSingleImage/singleImage_perezosa.png
SINGLE_2820,perico,Café pequeño con un poco de leche.,https://raw.githubusercontent.com/MariaaPinzon/ImagesEvaluatingMLLM/refs/heads/main/GPT/IdiomsSingleImage/singleImage_perico.png
SINGLE_2821,perifonear,"Anunciar un producto o servicio por medio de equipos de amplificación de sonido, recorriendo las calles de un pueblo o ciudad.",https://raw.githubusercontent.com/MariaaPinzon/ImagesEvaluatingMLLM/refs/heads/main/GPT/IdiomsSingleImage/singleImage_perifonear.png
SINGLE_2822,perifoneo,"Propaganda que se hace de un producto, un servicio o una actividad a través de megáfono o altavoces por la calle.",https://raw.githubusercontent.com/MariaaPinzon/ImagesEvaluatingMLLM/refs/heads/main/GPT/IdiomsSingleImage/singleImage_perifoneo.png
SINGLE_2823,peritazgo,"- Estudio que hace un perito.
- peritaje
- Informe de este estudio.",https://raw.githubusercontent.com/MariaaPinzon/ImagesEvaluatingMLLM/refs/heads/main/GPT/IdiomsSingleImage/singleImage_peritazgo.png
SINGLE_2824,perjudicar,desvirgar o embarazar a una mujer,https://raw.githubusercontent.com/MariaaPinzon/ImagesEvaluatingMLLM/refs/heads/main/GPT/IdiomsSingleImage/singleImage_perjudicar.png
SINGLE_2825,pernicia,"Diversión, juerga.",https://raw.githubusercontent.com/MariaaPinzon/ImagesEvaluatingMLLM/refs/heads/main/GPT/IdiomsSingleImage/singleImage_pernicia.png
SINGLE_2826,perraperdía,"Lugar lejano y escondido, del que no se sabe dónde queda o cómo llegar.",https://raw.githubusercontent.com/MariaaPinzon/ImagesEvaluatingMLLM/refs/heads/main/GPT/IdiomsSingleImage/singleImage_perraperd%C3%ADa.png
SINGLE_2827,perrata,"- Referido a un algo o a alguien, de baja categoría o insignificante.
- plebe",https://raw.githubusercontent.com/MariaaPinzon/ImagesEvaluatingMLLM/refs/heads/main/GPT/IdiomsSingleImage/singleImage_perrata.png
SINGLE_2828,perrateado,"Referido a algo, desprestigiado.",https://raw.githubusercontent.com/MariaaPinzon/ImagesEvaluatingMLLM/refs/heads/main/GPT/IdiomsSingleImage/singleImage_perrateado.png
SINGLE_2829,perratear,Rebajar la calidad de algo.,https://raw.githubusercontent.com/MariaaPinzon/ImagesEvaluatingMLLM/refs/heads/main/GPT/IdiomsSingleImage/singleImage_perratear.png
SINGLE_2830,perratearse,"echarse a perder algo o alguien, dañarse",https://raw.githubusercontent.com/MariaaPinzon/ImagesEvaluatingMLLM/refs/heads/main/GPT/IdiomsSingleImage/singleImage_perratearse.png
SINGLE_2831,perrateo,"Burla, chiste.",https://raw.githubusercontent.com/MariaaPinzon/ImagesEvaluatingMLLM/refs/heads/main/GPT/IdiomsSingleImage/singleImage_perrateo.png
SINGLE_2832,perrenque,"Fuerza, vigor.",https://raw.githubusercontent.com/MariaaPinzon/ImagesEvaluatingMLLM/refs/heads/main/GPT/IdiomsSingleImage/singleImage_perrenque.png
SINGLE_2833,perrera,lugar con casas pequeñas para perros,https://raw.githubusercontent.com/MariaaPinzon/ImagesEvaluatingMLLM/refs/heads/main/GPT/IdiomsSingleImage/singleImage_perrera.png
SINGLE_2834,"perro, rra","Hombre astuto, hábil.",https://raw.githubusercontent.com/MariaaPinzon/ImagesEvaluatingMLLM/refs/heads/main/GPT/IdiomsSingleImage/singleImage_perro__rra.png
SINGLE_2835,persona,"Forma de tratamiento, segunda persona del singular, que expresa respeto.",https://raw.githubusercontent.com/MariaaPinzon/ImagesEvaluatingMLLM/refs/heads/main/GPT/IdiomsSingleImage/singleImage_persona.png
SINGLE_2836,petaca,"- Caja de diversos materiales y tamaños, que se utiliza para guardar o transportar objetos.
- Cesta de mimbre con tapa que se usa para guardar ropa.",https://raw.githubusercontent.com/MariaaPinzon/ImagesEvaluatingMLLM/refs/heads/main/GPT/IdiomsSingleImage/singleImage_petaca.png
SINGLE_2837,petacazo,Trago grande de bebida alcohólica que se toma directamente de la botella.,https://raw.githubusercontent.com/MariaaPinzon/ImagesEvaluatingMLLM/refs/heads/main/GPT/IdiomsSingleImage/singleImage_petacazo.png
SINGLE_2838,petaco,"Caja plástica dividida en pequeños compartimientos, en la que se transportan botellas de cerveza.",https://raw.githubusercontent.com/MariaaPinzon/ImagesEvaluatingMLLM/refs/heads/main/GPT/IdiomsSingleImage/singleImage_petaco.png
SINGLE_2839,petacón,Niño de corta edad.,https://raw.githubusercontent.com/MariaaPinzon/ImagesEvaluatingMLLM/refs/heads/main/GPT/IdiomsSingleImage/singleImage_petac%C3%B3n.png
SINGLE_2840,petaquear,"- Dañar o descomponer algo.
- Malcriar o educar mal a un niño.",https://raw.githubusercontent.com/MariaaPinzon/ImagesEvaluatingMLLM/refs/heads/main/GPT/IdiomsSingleImage/singleImage_petaquear.png
SINGLE_2841,petaquearse,"- echar a perder una cosa
- causarle perjuicio a una persona",https://raw.githubusercontent.com/MariaaPinzon/ImagesEvaluatingMLLM/refs/heads/main/GPT/IdiomsSingleImage/singleImage_petaquearse.png
SINGLE_2842,peteca,Bola pequeña de cristal u otro material con la que juegan los niños.,https://raw.githubusercontent.com/MariaaPinzon/ImagesEvaluatingMLLM/refs/heads/main/GPT/IdiomsSingleImage/singleImage_peteca.png
SINGLE_2843,petuste,Persona joven que es tonta o que actúa con poca inteligencia.,https://raw.githubusercontent.com/MariaaPinzon/ImagesEvaluatingMLLM/refs/heads/main/GPT/IdiomsSingleImage/singleImage_petuste.png
SINGLE_2844,peye,"Referido a una persona u objeto, ordinario o de apariencia desagradable.",https://raw.githubusercontent.com/MariaaPinzon/ImagesEvaluatingMLLM/refs/heads/main/GPT/IdiomsSingleImage/singleImage_peye.png
SINGLE_2845,peñón,"Mentira, exageración.",https://raw.githubusercontent.com/MariaaPinzon/ImagesEvaluatingMLLM/refs/heads/main/GPT/IdiomsSingleImage/singleImage_pe%C3%B1%C3%B3n.png
SINGLE_2846,piangua,"Molusco que habita en los lechos arenosos de los manglares, su carne es de color amarillo y negro, de sabor inteso y fuerte.",https://raw.githubusercontent.com/MariaaPinzon/ImagesEvaluatingMLLM/refs/heads/main/GPT/IdiomsSingleImage/singleImage_piangua.png
SINGLE_2847,piangüero,"Persona dedicada al cultivo y recolección de la piangua, especialmente mujeres y niños.",https://raw.githubusercontent.com/MariaaPinzon/ImagesEvaluatingMLLM/refs/heads/main/GPT/IdiomsSingleImage/singleImage_piang%C3%BCero.png
SINGLE_2848,picada,"Dolor fuerte, repentino y pasajero.",https://raw.githubusercontent.com/MariaaPinzon/ImagesEvaluatingMLLM/refs/heads/main/GPT/IdiomsSingleImage/singleImage_picada.png
SINGLE_2849,picado,disgustado,https://raw.githubusercontent.com/MariaaPinzon/ImagesEvaluatingMLLM/refs/heads/main/GPT/IdiomsSingleImage/singleImage_picado.png
SINGLE_2850,"picado, da",Referido a una persona que quiere pasar por elegante y distinguida.,https://raw.githubusercontent.com/MariaaPinzon/ImagesEvaluatingMLLM/refs/heads/main/GPT/IdiomsSingleImage/singleImage_picado__da.png
SINGLE_2851,picar,Arrancar rápida y bruscamente un automóvil.,https://raw.githubusercontent.com/MariaaPinzon/ImagesEvaluatingMLLM/refs/heads/main/GPT/IdiomsSingleImage/singleImage_picar.png
SINGLE_2852,picha,"- Secreción blanda o endurecida que se acumula en los ángulos internos de los ojos o en los bordes de los párpados.
- secreción de los párpados que se cuaja en el borde de estos",https://raw.githubusercontent.com/MariaaPinzon/ImagesEvaluatingMLLM/refs/heads/main/GPT/IdiomsSingleImage/singleImage_picha.png
SINGLE_2853,pichazo,Golpe fuerte dado con el puño de la mano.,https://raw.githubusercontent.com/MariaaPinzon/ImagesEvaluatingMLLM/refs/heads/main/GPT/IdiomsSingleImage/singleImage_pichazo.png
SINGLE_2854,pichera,"Cosas o alimentos en descomposición, podredumbre.",https://raw.githubusercontent.com/MariaaPinzon/ImagesEvaluatingMLLM/refs/heads/main/GPT/IdiomsSingleImage/singleImage_pichera.png
SINGLE_2855,piches,secreción de los párpados que se cuaja en el borde de estos,https://raw.githubusercontent.com/MariaaPinzon/ImagesEvaluatingMLLM/refs/heads/main/GPT/IdiomsSingleImage/singleImage_piches.png
SINGLE_2856,pichicato,"Referido a una persona tacaña, ruin.",https://raw.githubusercontent.com/MariaaPinzon/ImagesEvaluatingMLLM/refs/heads/main/GPT/IdiomsSingleImage/singleImage_pichicato.png
SINGLE_2857,pichingo,miembro viril,https://raw.githubusercontent.com/MariaaPinzon/ImagesEvaluatingMLLM/refs/heads/main/GPT/IdiomsSingleImage/singleImage_pichingo.png
SINGLE_2858,pichirilo,"- automóvil viejo
- Carro pequeño, generalmente viejo y destartalado.",https://raw.githubusercontent.com/MariaaPinzon/ImagesEvaluatingMLLM/refs/heads/main/GPT/IdiomsSingleImage/singleImage_pichirilo.png
SINGLE_2859,pichonear,"Sacar de la iglesia las imágenes de las procesiones en la Semana Santa, en calidad de ayudante y no de carguero.",https://raw.githubusercontent.com/MariaaPinzon/ImagesEvaluatingMLLM/refs/heads/main/GPT/IdiomsSingleImage/singleImage_pichonear.png
SINGLE_2860,pichoso,que tiene lagañas en los ojos,https://raw.githubusercontent.com/MariaaPinzon/ImagesEvaluatingMLLM/refs/heads/main/GPT/IdiomsSingleImage/singleImage_pichoso.png
SINGLE_2861,pichurreo,"venta al menudeo, negocio de poca venta",https://raw.githubusercontent.com/MariaaPinzon/ImagesEvaluatingMLLM/refs/heads/main/GPT/IdiomsSingleImage/singleImage_pichurreo.png
SINGLE_2862,pichurria,"Pequeñez, cosa de poco valor.",https://raw.githubusercontent.com/MariaaPinzon/ImagesEvaluatingMLLM/refs/heads/main/GPT/IdiomsSingleImage/singleImage_pichurria.png
SINGLE_2863,picurearse,"escaparse, fugarse",https://raw.githubusercontent.com/MariaaPinzon/ImagesEvaluatingMLLM/refs/heads/main/GPT/IdiomsSingleImage/singleImage_picurearse.png
SINGLE_2864,piedra,"- Mineral de sulfuro de hierro, brillante y de color amarillo oro.
- furia, enojo como reacción por algo",https://raw.githubusercontent.com/MariaaPinzon/ImagesEvaluatingMLLM/refs/heads/main/GPT/IdiomsSingleImage/singleImage_piedra.png
SINGLE_2865,piedro,Estar furioso.,https://raw.githubusercontent.com/MariaaPinzon/ImagesEvaluatingMLLM/refs/heads/main/GPT/IdiomsSingleImage/singleImage_piedro.png
SINGLE_2866,pifiado,"Referido a una persona, equivocada.",https://raw.githubusercontent.com/MariaaPinzon/ImagesEvaluatingMLLM/refs/heads/main/GPT/IdiomsSingleImage/singleImage_pifiado.png
SINGLE_2867,pifiarse,"Equivocarse, errar en algo.",https://raw.githubusercontent.com/MariaaPinzon/ImagesEvaluatingMLLM/refs/heads/main/GPT/IdiomsSingleImage/singleImage_pifiarse.png
SINGLE_2868,pilado,"Referido a una actividad, tarea o prueba, muy fácil de llevar a cabo.",https://raw.githubusercontent.com/MariaaPinzon/ImagesEvaluatingMLLM/refs/heads/main/GPT/IdiomsSingleImage/singleImage_pilado.png
SINGLE_2869,pilador,Persona encargada de macerar las hojas de coca.,https://raw.githubusercontent.com/MariaaPinzon/ImagesEvaluatingMLLM/refs/heads/main/GPT/IdiomsSingleImage/singleImage_pilador.png
SINGLE_2870,pilatuna,Travesura que hacen los niños para divertirse pero que puede resultar molesta o peligrosa.,https://raw.githubusercontent.com/MariaaPinzon/ImagesEvaluatingMLLM/refs/heads/main/GPT/IdiomsSingleImage/singleImage_pilatuna.png
SINGLE_2871,pilo,"Referido a una persona, inteligente, hábil y sagaz.",https://raw.githubusercontent.com/MariaaPinzon/ImagesEvaluatingMLLM/refs/heads/main/GPT/IdiomsSingleImage/singleImage_pilo.png
SINGLE_2872,pilonada,"Gran cantidad de personas, animales o cosas.",https://raw.githubusercontent.com/MariaaPinzon/ImagesEvaluatingMLLM/refs/heads/main/GPT/IdiomsSingleImage/singleImage_pilonada.png
SINGLE_2873,pilonón,Gran cantidad de personas o cosas.,https://raw.githubusercontent.com/MariaaPinzon/ImagesEvaluatingMLLM/refs/heads/main/GPT/IdiomsSingleImage/singleImage_pilon%C3%B3n.png
SINGLE_2874,piloso,"Referido a una persona, muy juicioso y dedicado.",https://raw.githubusercontent.com/MariaaPinzon/ImagesEvaluatingMLLM/refs/heads/main/GPT/IdiomsSingleImage/singleImage_piloso.png
SINGLE_2875,pilón,Mortero elaborado generalmente con un tronco hueco en el que se maceran diversos materiales.,https://raw.githubusercontent.com/MariaaPinzon/ImagesEvaluatingMLLM/refs/heads/main/GPT/IdiomsSingleImage/singleImage_pil%C3%B3n.png
SINGLE_2876,pimpina,Recipiente en forma de cilindro en el que se almacenan líquidos o gas.,https://raw.githubusercontent.com/MariaaPinzon/ImagesEvaluatingMLLM/refs/heads/main/GPT/IdiomsSingleImage/singleImage_pimpina.png
SINGLE_2877,pin,"En los bolos, cada uno de las bolos o palos de madera que deben derribarse al lanzar la bola.",https://raw.githubusercontent.com/MariaaPinzon/ImagesEvaluatingMLLM/refs/heads/main/GPT/IdiomsSingleImage/singleImage_pin.png
SINGLE_2878,pinche,"Referido a algo o a alguien, que es de poca importancia.",https://raw.githubusercontent.com/MariaaPinzon/ImagesEvaluatingMLLM/refs/heads/main/GPT/IdiomsSingleImage/singleImage_pinche.png
SINGLE_2879,pingarrea,"Falta de interés o de ánimo para hacer algo, pereza.",https://raw.githubusercontent.com/MariaaPinzon/ImagesEvaluatingMLLM/refs/heads/main/GPT/IdiomsSingleImage/singleImage_pingarrea.png
SINGLE_2880,pingo,"- Forma de mencionar a un amigo o coterráneo.
- Referido a una persona, que es despistada o ingenua.
- Referido a algo, que no es importante ni bueno.
- persona
- malo",https://raw.githubusercontent.com/MariaaPinzon/ImagesEvaluatingMLLM/refs/heads/main/GPT/IdiomsSingleImage/singleImage_pingo.png
SINGLE_2881,pingua,persona u objeto de tamaño muy pequeño,https://raw.githubusercontent.com/MariaaPinzon/ImagesEvaluatingMLLM/refs/heads/main/GPT/IdiomsSingleImage/singleImage_pingua.png
SINGLE_2882,pintorretear,"Pintar algo sin tener mucho cuidado, o haciendo garabatos.",https://raw.githubusercontent.com/MariaaPinzon/ImagesEvaluatingMLLM/refs/heads/main/GPT/IdiomsSingleImage/singleImage_pintorretear.png
SINGLE_2883,pintoso,"- Referido a una persona, que es bien parecida.
- Referido a una persona, que es elegante.",https://raw.githubusercontent.com/MariaaPinzon/ImagesEvaluatingMLLM/refs/heads/main/GPT/IdiomsSingleImage/singleImage_pintoso.png
SINGLE_2884,pioja,"- espuela para picar las caballerías
- espolón de gallo que se pone al peleador cuando este tiene las espuelas muy cortas o dañadas",https://raw.githubusercontent.com/MariaaPinzon/ImagesEvaluatingMLLM/refs/heads/main/GPT/IdiomsSingleImage/singleImage_pioja.png
SINGLE_2885,pipero,"Referido a una persona, que le gusta embriagarse con frecuencia.",https://raw.githubusercontent.com/MariaaPinzon/ImagesEvaluatingMLLM/refs/heads/main/GPT/IdiomsSingleImage/singleImage_pipero.png
SINGLE_2886,pipiciego,"cegato, corto de vista",https://raw.githubusercontent.com/MariaaPinzon/ImagesEvaluatingMLLM/refs/heads/main/GPT/IdiomsSingleImage/singleImage_pipiciego.png
SINGLE_2887,pipilongo,"Licor al que se le atribuyen propiedades afrodisiacas, preparado a base de biche, especias, hierbas y raíces de la selva.",https://raw.githubusercontent.com/MariaaPinzon/ImagesEvaluatingMLLM/refs/heads/main/GPT/IdiomsSingleImage/singleImage_pipilongo.png
SINGLE_2888,pipiripao,De mala calidad o poco valor a pesar de su buena apariencia.,https://raw.githubusercontent.com/MariaaPinzon/ImagesEvaluatingMLLM/refs/heads/main/GPT/IdiomsSingleImage/singleImage_pipiripao.png
SINGLE_2889,pipocho,"lleno, repleto",https://raw.githubusercontent.com/MariaaPinzon/ImagesEvaluatingMLLM/refs/heads/main/GPT/IdiomsSingleImage/singleImage_pipocho.png
SINGLE_2890,piponcha,"Referido a una mujer, que está embarazada.",https://raw.githubusercontent.com/MariaaPinzon/ImagesEvaluatingMLLM/refs/heads/main/GPT/IdiomsSingleImage/singleImage_piponcha.png
SINGLE_2891,piponcho,"lleno, repleto",https://raw.githubusercontent.com/MariaaPinzon/ImagesEvaluatingMLLM/refs/heads/main/GPT/IdiomsSingleImage/singleImage_piponcho.png
SINGLE_2892,pipía,"Pene, nombre para referirse al órgano genital de los niños.",https://raw.githubusercontent.com/MariaaPinzon/ImagesEvaluatingMLLM/refs/heads/main/GPT/IdiomsSingleImage/singleImage_pip%C3%ADa.png
SINGLE_2893,pipón,"- Referido a una persona, que tiene la barriga prominente.
- dicho de una mujer, encinta",https://raw.githubusercontent.com/MariaaPinzon/ImagesEvaluatingMLLM/refs/heads/main/GPT/IdiomsSingleImage/singleImage_pip%C3%B3n.png
SINGLE_2894,piqueria,Duelo cantado entre dos o más personas que improvisan versos.,https://raw.githubusercontent.com/MariaaPinzon/ImagesEvaluatingMLLM/refs/heads/main/GPT/IdiomsSingleImage/singleImage_piqueria.png
SINGLE_2895,piqueteadero,Establecimiento ubicado a la orilla de las carreteras en donde se vende comidas y bebidas.,https://raw.githubusercontent.com/MariaaPinzon/ImagesEvaluatingMLLM/refs/heads/main/GPT/IdiomsSingleImage/singleImage_piqueteadero.png
SINGLE_2896,piquis,"- Bola pequeña de cristal u otro material con el que juegan los niños.
- Desplazamiento que hace la canica al pegarle con otra.",https://raw.githubusercontent.com/MariaaPinzon/ImagesEvaluatingMLLM/refs/heads/main/GPT/IdiomsSingleImage/singleImage_piquis.png
SINGLE_2897,piquiña,Comezón.,https://raw.githubusercontent.com/MariaaPinzon/ImagesEvaluatingMLLM/refs/heads/main/GPT/IdiomsSingleImage/singleImage_piqui%C3%B1a.png
SINGLE_2898,pirinola,"Juego de azar, especialmente de niños, en el que se pone o se toma dinero u objetos apostados, según indique el lado por donde cae.",https://raw.githubusercontent.com/MariaaPinzon/ImagesEvaluatingMLLM/refs/heads/main/GPT/IdiomsSingleImage/singleImage_pirinola.png
SINGLE_2899,piroco,"Referido a una variedad de ave gallinácea, que no tiene plumas en el pescuezo.",https://raw.githubusercontent.com/MariaaPinzon/ImagesEvaluatingMLLM/refs/heads/main/GPT/IdiomsSingleImage/singleImage_piroco.png
SINGLE_2900,pisacorbatas,Especie de pinza con la que se sujeta la corbata a la camisa.,https://raw.githubusercontent.com/MariaaPinzon/ImagesEvaluatingMLLM/refs/heads/main/GPT/IdiomsSingleImage/singleImage_pisacorbatas.png
SINGLE_2901,pispirispi,Truco o maña.,https://raw.githubusercontent.com/MariaaPinzon/ImagesEvaluatingMLLM/refs/heads/main/GPT/IdiomsSingleImage/singleImage_pispirispi.png
SINGLE_2902,pispo,"Referido a algo o a alguien, que es bonito, elegante o agradable.",https://raw.githubusercontent.com/MariaaPinzon/ImagesEvaluatingMLLM/refs/heads/main/GPT/IdiomsSingleImage/singleImage_pispo.png
SINGLE_2903,piste,"maíz quebrado y no reducido a harina que, mojado y puesto en reposo, se fermenta y sirve para hacer la mazamorra de piste",https://raw.githubusercontent.com/MariaaPinzon/ImagesEvaluatingMLLM/refs/heads/main/GPT/IdiomsSingleImage/singleImage_piste.png
SINGLE_2904,pistear,Vigilar a alguien sin ser visto.,https://raw.githubusercontent.com/MariaaPinzon/ImagesEvaluatingMLLM/refs/heads/main/GPT/IdiomsSingleImage/singleImage_pistear.png
SINGLE_2905,pistero,hematoma producido por un puñetazo en un ojo,https://raw.githubusercontent.com/MariaaPinzon/ImagesEvaluatingMLLM/refs/heads/main/GPT/IdiomsSingleImage/singleImage_pistero.png
SINGLE_2906,pisón,Pisada fuerte sobre un pie u otra cosa.,https://raw.githubusercontent.com/MariaaPinzon/ImagesEvaluatingMLLM/refs/heads/main/GPT/IdiomsSingleImage/singleImage_pis%C3%B3n.png
SINGLE_2907,pitado,"Partir velozmente, rápido.",https://raw.githubusercontent.com/MariaaPinzon/ImagesEvaluatingMLLM/refs/heads/main/GPT/IdiomsSingleImage/singleImage_pitado.png
SINGLE_2908,pitazo,Sonido producido por un pito.,https://raw.githubusercontent.com/MariaaPinzon/ImagesEvaluatingMLLM/refs/heads/main/GPT/IdiomsSingleImage/singleImage_pitazo.png
SINGLE_2909,pite,pedazo pequeño de una cosa,https://raw.githubusercontent.com/MariaaPinzon/ImagesEvaluatingMLLM/refs/heads/main/GPT/IdiomsSingleImage/singleImage_pite.png
SINGLE_2910,piter,Golpe que se da con el dedo del medio de la mano apoyándose en el pulgar.,https://raw.githubusercontent.com/MariaaPinzon/ImagesEvaluatingMLLM/refs/heads/main/GPT/IdiomsSingleImage/singleImage_piter.png
SINGLE_2911,pitico,Porción muy pequeña de algo,https://raw.githubusercontent.com/MariaaPinzon/ImagesEvaluatingMLLM/refs/heads/main/GPT/IdiomsSingleImage/singleImage_pitico.png
SINGLE_2912,pitoso,"Referido a una persona, agresiva y conflictiva.",https://raw.githubusercontent.com/MariaaPinzon/ImagesEvaluatingMLLM/refs/heads/main/GPT/IdiomsSingleImage/singleImage_pitoso.png
SINGLE_2913,piu,"voz que, repetida, se usa para llamar a las gallinas",https://raw.githubusercontent.com/MariaaPinzon/ImagesEvaluatingMLLM/refs/heads/main/GPT/IdiomsSingleImage/singleImage_piu.png
SINGLE_2914,piña,Besar a alguien en la boca.,https://raw.githubusercontent.com/MariaaPinzon/ImagesEvaluatingMLLM/refs/heads/main/GPT/IdiomsSingleImage/singleImage_pi%C3%B1a.png
SINGLE_2915,plan,"- Extensión plana de un terreno de gran amplitud.
- Parte plana del machete.",https://raw.githubusercontent.com/MariaaPinzon/ImagesEvaluatingMLLM/refs/heads/main/GPT/IdiomsSingleImage/singleImage_plan.png
SINGLE_2916,planazo,golpe que se da con la parte plana del machete,https://raw.githubusercontent.com/MariaaPinzon/ImagesEvaluatingMLLM/refs/heads/main/GPT/IdiomsSingleImage/singleImage_planazo.png
SINGLE_2917,planilla,"- Lista de personas que está en la nómina de una empresa.
- Documento que refiere el itinerario, la carga y las personas que componen un transporte de pasajeros o mercancía.",https://raw.githubusercontent.com/MariaaPinzon/ImagesEvaluatingMLLM/refs/heads/main/GPT/IdiomsSingleImage/singleImage_planilla.png
SINGLE_2918,planta de la mano,palma de la mano,https://raw.githubusercontent.com/MariaaPinzon/ImagesEvaluatingMLLM/refs/heads/main/GPT/IdiomsSingleImage/singleImage_planta_de_la_mano.png
SINGLE_2919,plateada,Mariposa grande de color tornasolado común en bosques próximos a cursos de agua y propia de las zonas frías en el oriente antioqueño.,https://raw.githubusercontent.com/MariaaPinzon/ImagesEvaluatingMLLM/refs/heads/main/GPT/IdiomsSingleImage/singleImage_plateada.png
SINGLE_2920,platero,Mueble o utensilio de cocina en el que se ponen a escurrir los platos recién lavados.,https://raw.githubusercontent.com/MariaaPinzon/ImagesEvaluatingMLLM/refs/heads/main/GPT/IdiomsSingleImage/singleImage_platero.png
SINGLE_2921,platillero,Mueble de cocina en el que se pone a escurrir la loza después de lavarla.,https://raw.githubusercontent.com/MariaaPinzon/ImagesEvaluatingMLLM/refs/heads/main/GPT/IdiomsSingleImage/singleImage_platillero.png
SINGLE_2922,plato frío,"menú que consiste en pollo, pavo, jamón, mortadela o galantina, etc , con ensalada de papa, de verdura o de fruta, a veces con crema de leche, que se sirve frío",https://raw.githubusercontent.com/MariaaPinzon/ImagesEvaluatingMLLM/refs/heads/main/GPT/IdiomsSingleImage/singleImage_plato_fr%C3%ADo.png
SINGLE_2923,platón,"Recipiente plástico o metálico, ancho, redondo y poco profundo, usado especialmente para el lavado de la ropa.",https://raw.githubusercontent.com/MariaaPinzon/ImagesEvaluatingMLLM/refs/heads/main/GPT/IdiomsSingleImage/singleImage_plat%C3%B3n.png
SINGLE_2924,plomera,tiroteo,https://raw.githubusercontent.com/MariaaPinzon/ImagesEvaluatingMLLM/refs/heads/main/GPT/IdiomsSingleImage/singleImage_plomera.png
SINGLE_2925,pochecas,glándulas mamarias femeninas,https://raw.githubusercontent.com/MariaaPinzon/ImagesEvaluatingMLLM/refs/heads/main/GPT/IdiomsSingleImage/singleImage_pochecas.png
SINGLE_2926,pochola,Cerveza.,https://raw.githubusercontent.com/MariaaPinzon/ImagesEvaluatingMLLM/refs/heads/main/GPT/IdiomsSingleImage/singleImage_pochola.png
SINGLE_2927,pocicle,"Helado casero, compacto en forma de pala y sostenido por un palito de madera.",https://raw.githubusercontent.com/MariaaPinzon/ImagesEvaluatingMLLM/refs/heads/main/GPT/IdiomsSingleImage/singleImage_pocicle.png
SINGLE_2928,pocillado,Medida que da un pocillo o taza.,https://raw.githubusercontent.com/MariaaPinzon/ImagesEvaluatingMLLM/refs/heads/main/GPT/IdiomsSingleImage/singleImage_pocillado.png
SINGLE_2929,pocotón,Gran cantidad de personas o cosas.,https://raw.githubusercontent.com/MariaaPinzon/ImagesEvaluatingMLLM/refs/heads/main/GPT/IdiomsSingleImage/singleImage_pocot%C3%B3n.png
SINGLE_2930,pola,Cerveza.,https://raw.githubusercontent.com/MariaaPinzon/ImagesEvaluatingMLLM/refs/heads/main/GPT/IdiomsSingleImage/singleImage_pola.png
SINGLE_2931,policivo,relativo a la policía,https://raw.githubusercontent.com/MariaaPinzon/ImagesEvaluatingMLLM/refs/heads/main/GPT/IdiomsSingleImage/singleImage_policivo.png
SINGLE_2932,pollera,"Falda larga y con pliegues profundos, propia del atuendo para bailar la cumbia.",https://raw.githubusercontent.com/MariaaPinzon/ImagesEvaluatingMLLM/refs/heads/main/GPT/IdiomsSingleImage/singleImage_pollera.png
SINGLE_2933,pollerón,"Referido a un hombre, cobarde",https://raw.githubusercontent.com/MariaaPinzon/ImagesEvaluatingMLLM/refs/heads/main/GPT/IdiomsSingleImage/singleImage_poller%C3%B3n.png
SINGLE_2934,pollina,Porción de cabello que cae sobre el rostro formando una línea recta paralela a las cejas.,https://raw.githubusercontent.com/MariaaPinzon/ImagesEvaluatingMLLM/refs/heads/main/GPT/IdiomsSingleImage/singleImage_pollina.png
SINGLE_2935,polvero,"Polvo levantado en gran cantidad, por el viento u otra causa.",https://raw.githubusercontent.com/MariaaPinzon/ImagesEvaluatingMLLM/refs/heads/main/GPT/IdiomsSingleImage/singleImage_polvero.png
SINGLE_2936,polvorería,Establecimiento en donde se fabrica y comercializa la pólvora.,https://raw.githubusercontent.com/MariaaPinzon/ImagesEvaluatingMLLM/refs/heads/main/GPT/IdiomsSingleImage/singleImage_polvorer%C3%ADa.png
SINGLE_2937,pompo,"romo, sin punta o sin filo",https://raw.githubusercontent.com/MariaaPinzon/ImagesEvaluatingMLLM/refs/heads/main/GPT/IdiomsSingleImage/singleImage_pompo.png
SINGLE_2938,ponchados,"Juego de niños en el que un jugador corre a los compañeros de juego para golpearlos con una pelota, cuando lo logra, grita ponchado y el otro jugador debe ocupar su lugar y continuar el juego.",https://raw.githubusercontent.com/MariaaPinzon/ImagesEvaluatingMLLM/refs/heads/main/GPT/IdiomsSingleImage/singleImage_ponchados.png
SINGLE_2939,ponchera,"- recipiente ancho y de poca profundidad que tiene diferentes usos
- Recipiente plástico o metálico, ancho, redondo y poco profundo, usado especialmente para el lavado de la ropa.",https://raw.githubusercontent.com/MariaaPinzon/ImagesEvaluatingMLLM/refs/heads/main/GPT/IdiomsSingleImage/singleImage_ponchera.png
SINGLE_2940,pondo,"- En la míneria artesanal, batea de madera, con dos asas que se usa para llevar las piedras del canalón hasta el botadero de la mina.
- Plato para la sopa.
- Vasija u olla de barro de gran tamaño usada como inmplemento de cocina o para llevar el agua de la fuente a las casas.",https://raw.githubusercontent.com/MariaaPinzon/ImagesEvaluatingMLLM/refs/heads/main/GPT/IdiomsSingleImage/singleImage_pondo.png
SINGLE_2941,ponerse mosca,"estar en alerta, avisparse",https://raw.githubusercontent.com/MariaaPinzon/ImagesEvaluatingMLLM/refs/heads/main/GPT/IdiomsSingleImage/singleImage_ponerse_mosca.png
SINGLE_2942,ponzoña,Aguijón de los escorpiones y algunos insectos.,https://raw.githubusercontent.com/MariaaPinzon/ImagesEvaluatingMLLM/refs/heads/main/GPT/IdiomsSingleImage/singleImage_ponzo%C3%B1a.png
SINGLE_2943,popocho,"Referido a una persona o animal, gordo.",https://raw.githubusercontent.com/MariaaPinzon/ImagesEvaluatingMLLM/refs/heads/main/GPT/IdiomsSingleImage/singleImage_popocho.png
SINGLE_2944,popora,"chichón, tumor",https://raw.githubusercontent.com/MariaaPinzon/ImagesEvaluatingMLLM/refs/heads/main/GPT/IdiomsSingleImage/singleImage_popora.png
SINGLE_2945,poporo,"Recipiente tradicional elaborado con un calabazo, de cuello alargado y con un orificio en su extremo superior por el que se indroduce un palillo al que se adhiere la cal pulverizada que contiene y que acompaña el consumo de hojas de coca.",https://raw.githubusercontent.com/MariaaPinzon/ImagesEvaluatingMLLM/refs/heads/main/GPT/IdiomsSingleImage/singleImage_poporo.png
SINGLE_2946,poposear,Evacuar excrementos por el ano.,https://raw.githubusercontent.com/MariaaPinzon/ImagesEvaluatingMLLM/refs/heads/main/GPT/IdiomsSingleImage/singleImage_poposear.png
SINGLE_2947,poposearse,"defecar involuntariamente un niño, ensuciándose la ropa",https://raw.githubusercontent.com/MariaaPinzon/ImagesEvaluatingMLLM/refs/heads/main/GPT/IdiomsSingleImage/singleImage_poposearse.png
SINGLE_2948,pordebajear,"humillar, subestimar a una persona",https://raw.githubusercontent.com/MariaaPinzon/ImagesEvaluatingMLLM/refs/heads/main/GPT/IdiomsSingleImage/singleImage_pordebajear.png
SINGLE_2949,porrazo,Relación sexual.,https://raw.githubusercontent.com/MariaaPinzon/ImagesEvaluatingMLLM/refs/heads/main/GPT/IdiomsSingleImage/singleImage_porrazo.png
SINGLE_2950,porroca,Enfermedad infecciosa que afecta las palmas de coco y de cera.,https://raw.githubusercontent.com/MariaaPinzon/ImagesEvaluatingMLLM/refs/heads/main/GPT/IdiomsSingleImage/singleImage_porroca.png
SINGLE_2951,porroncho,Vulva.,https://raw.githubusercontent.com/MariaaPinzon/ImagesEvaluatingMLLM/refs/heads/main/GPT/IdiomsSingleImage/singleImage_porroncho.png
SINGLE_2952,porsiaca,"Precaución, prevención.",https://raw.githubusercontent.com/MariaaPinzon/ImagesEvaluatingMLLM/refs/heads/main/GPT/IdiomsSingleImage/singleImage_porsiaca.png
SINGLE_2953,postiza,Tipo de trenza tejida con tres mechones de cabello muy adherida al cuero cabelludo.,https://raw.githubusercontent.com/MariaaPinzon/ImagesEvaluatingMLLM/refs/heads/main/GPT/IdiomsSingleImage/singleImage_postiza.png
SINGLE_2954,posudo,"Referido a una persona, que le gusta presumir y asume poses excesivas cuando está en público.",https://raw.githubusercontent.com/MariaaPinzon/ImagesEvaluatingMLLM/refs/heads/main/GPT/IdiomsSingleImage/singleImage_posudo.png
SINGLE_2955,pota,Canica de mayor tamaño a la normal.,https://raw.githubusercontent.com/MariaaPinzon/ImagesEvaluatingMLLM/refs/heads/main/GPT/IdiomsSingleImage/singleImage_pota.png
SINGLE_2956,poteca,Puré de ahuyama.,https://raw.githubusercontent.com/MariaaPinzon/ImagesEvaluatingMLLM/refs/heads/main/GPT/IdiomsSingleImage/singleImage_poteca.png
SINGLE_2957,potera,Recipiente para sembrar plantas.,https://raw.githubusercontent.com/MariaaPinzon/ImagesEvaluatingMLLM/refs/heads/main/GPT/IdiomsSingleImage/singleImage_potera.png
SINGLE_2958,potreraje,"- Invitación que realiza un trabajador recién contratado a sus compañeros de sus nuevas labores.
- Dinero que se paga por el arrendamiento de un terreno para que el ganado paste.",https://raw.githubusercontent.com/MariaaPinzon/ImagesEvaluatingMLLM/refs/heads/main/GPT/IdiomsSingleImage/singleImage_potreraje.png
SINGLE_2959,precipitud,precipitación,https://raw.githubusercontent.com/MariaaPinzon/ImagesEvaluatingMLLM/refs/heads/main/GPT/IdiomsSingleImage/singleImage_precipitud.png
SINGLE_2960,prendedizo,"Referido a una enfermedad, que se transmite fácilmente.",https://raw.githubusercontent.com/MariaaPinzon/ImagesEvaluatingMLLM/refs/heads/main/GPT/IdiomsSingleImage/singleImage_prendedizo.png
SINGLE_2961,prense,"Doblez que se hace a la tela, el papel o cualquier material moldeable.",https://raw.githubusercontent.com/MariaaPinzon/ImagesEvaluatingMLLM/refs/heads/main/GPT/IdiomsSingleImage/singleImage_prense.png
SINGLE_2962,preparada,Bebida hecha con aguadepanela con limón que se sirve al clima o fría.,https://raw.githubusercontent.com/MariaaPinzon/ImagesEvaluatingMLLM/refs/heads/main/GPT/IdiomsSingleImage/singleImage_preparada.png
SINGLE_2963,pretil,Parte de una prenda de vestir que se ciñe a la cintura y que sirve para pasar la correa.,https://raw.githubusercontent.com/MariaaPinzon/ImagesEvaluatingMLLM/refs/heads/main/GPT/IdiomsSingleImage/singleImage_pretil.png
SINGLE_2964,previsivo,"Referido a una persona, que es precavida ante una situación.",https://raw.githubusercontent.com/MariaaPinzon/ImagesEvaluatingMLLM/refs/heads/main/GPT/IdiomsSingleImage/singleImage_previsivo.png
SINGLE_2965,prieto,Corte de cabello para hombres que deja la cabeza completamente rasurada.,https://raw.githubusercontent.com/MariaaPinzon/ImagesEvaluatingMLLM/refs/heads/main/GPT/IdiomsSingleImage/singleImage_prieto.png
SINGLE_2966,primo,Forma de tratamiento usada entre amigos o compañeros.,https://raw.githubusercontent.com/MariaaPinzon/ImagesEvaluatingMLLM/refs/heads/main/GPT/IdiomsSingleImage/singleImage_primo.png
SINGLE_2967,pringacara,"- Referido a algo, que es de mala calidad.
- Bus que se encuentra en muy mal estado, viejo y deteriorado.",https://raw.githubusercontent.com/MariaaPinzon/ImagesEvaluatingMLLM/refs/heads/main/GPT/IdiomsSingleImage/singleImage_pringacara.png
SINGLE_2968,pringar,Recibir una descarga eléctrica suave por contacto con una persona o un objeto.,https://raw.githubusercontent.com/MariaaPinzon/ImagesEvaluatingMLLM/refs/heads/main/GPT/IdiomsSingleImage/singleImage_pringar.png
SINGLE_2969,priosta,Grupo de personas encargadas de preparar una fiesta popular de carácter religios católico.,https://raw.githubusercontent.com/MariaaPinzon/ImagesEvaluatingMLLM/refs/heads/main/GPT/IdiomsSingleImage/singleImage_priosta.png
SINGLE_2970,prispri,"Referido a una persona, engreída, que ha ganado posición social y económica.",https://raw.githubusercontent.com/MariaaPinzon/ImagesEvaluatingMLLM/refs/heads/main/GPT/IdiomsSingleImage/singleImage_prispri.png
SINGLE_2971,prisprás,Instante muy breve o rápido.,https://raw.githubusercontent.com/MariaaPinzon/ImagesEvaluatingMLLM/refs/heads/main/GPT/IdiomsSingleImage/singleImage_prispr%C3%A1s.png
SINGLE_2972,puchecas,Senos de la mujer.,https://raw.githubusercontent.com/MariaaPinzon/ImagesEvaluatingMLLM/refs/heads/main/GPT/IdiomsSingleImage/singleImage_puchecas.png
SINGLE_2973,puchero,"Plato típico compuesto por diversos tipos de carnes, plátano, yuca, arracacha, papa y mazorca, que se sirve acompañado de hogao.",https://raw.githubusercontent.com/MariaaPinzon/ImagesEvaluatingMLLM/refs/heads/main/GPT/IdiomsSingleImage/singleImage_puchero.png
SINGLE_2974,pucho,pequeña cantidad de algo,https://raw.githubusercontent.com/MariaaPinzon/ImagesEvaluatingMLLM/refs/heads/main/GPT/IdiomsSingleImage/singleImage_pucho.png
SINGLE_2975,pudín,"Masa de harina horneada, grande, generalmente redonda y decorada, que se rellena de crema, frutas u otros ingredientes.",https://raw.githubusercontent.com/MariaaPinzon/ImagesEvaluatingMLLM/refs/heads/main/GPT/IdiomsSingleImage/singleImage_pud%C3%ADn.png
SINGLE_2976,pueblear,"Pasear por uno o varios pueblos en corto tiempo, generalmente en un fin de semana.",https://raw.githubusercontent.com/MariaaPinzon/ImagesEvaluatingMLLM/refs/heads/main/GPT/IdiomsSingleImage/singleImage_pueblear.png
SINGLE_2977,pujo,"- En la creencia popular, fuerza involuntaria y constante de un bebé hace, produciéndole dificultad al respirar y malestar en general, causada por la mala energía de una persona al alzarlo o mirarlo.
- Contracción involuntaria acompañada de sonidos que emiten los recién nacidos como proceso de adaptación del sistema digestivo.",https://raw.githubusercontent.com/MariaaPinzon/ImagesEvaluatingMLLM/refs/heads/main/GPT/IdiomsSingleImage/singleImage_pujo.png
SINGLE_2978,pujón,"En la creencia popular, fuerza involuntaria y constante de un bebé hace, produciéndole dificultad al respirar y malestar en general, causada por la mala energía de una persona al alzarlo o mirarlo.",https://raw.githubusercontent.com/MariaaPinzon/ImagesEvaluatingMLLM/refs/heads/main/GPT/IdiomsSingleImage/singleImage_puj%C3%B3n.png
SINGLE_2979,pullito,"Referido a una textura o cobija, suave, sin asperezas.",https://raw.githubusercontent.com/MariaaPinzon/ImagesEvaluatingMLLM/refs/heads/main/GPT/IdiomsSingleImage/singleImage_pullito.png
SINGLE_2980,puntal,refrigerio,https://raw.githubusercontent.com/MariaaPinzon/ImagesEvaluatingMLLM/refs/heads/main/GPT/IdiomsSingleImage/singleImage_puntal.png
SINGLE_2981,puntear,ir delante de todos en una competencia,https://raw.githubusercontent.com/MariaaPinzon/ImagesEvaluatingMLLM/refs/heads/main/GPT/IdiomsSingleImage/singleImage_puntear.png
SINGLE_2982,punzón,Estómago mayor de los rumiantes.,https://raw.githubusercontent.com/MariaaPinzon/ImagesEvaluatingMLLM/refs/heads/main/GPT/IdiomsSingleImage/singleImage_punz%C3%B3n.png
SINGLE_2983,pupi,"Referido a una persona, cosa o situación, fina, elegante.",https://raw.githubusercontent.com/MariaaPinzon/ImagesEvaluatingMLLM/refs/heads/main/GPT/IdiomsSingleImage/singleImage_pupi.png
SINGLE_2984,pupo,Protuberancia o pezón de los cítricos.,https://raw.githubusercontent.com/MariaaPinzon/ImagesEvaluatingMLLM/refs/heads/main/GPT/IdiomsSingleImage/singleImage_pupo.png
SINGLE_2985,pupén,Gran cantidad de algo.,https://raw.githubusercontent.com/MariaaPinzon/ImagesEvaluatingMLLM/refs/heads/main/GPT/IdiomsSingleImage/singleImage_pup%C3%A9n.png
SINGLE_2986,puriche,Jugo de fruta congelado que se vende en bolsas plásticas pequeñas.,https://raw.githubusercontent.com/MariaaPinzon/ImagesEvaluatingMLLM/refs/heads/main/GPT/IdiomsSingleImage/singleImage_puriche.png
SINGLE_2987,purichinga,"- Trompo vegetal hecho con las semillas del árbol de roble.
- Trompo que se fabrica con la cáscara de granadilla, cuyo punto de apoyo le permite girar.",https://raw.githubusercontent.com/MariaaPinzon/ImagesEvaluatingMLLM/refs/heads/main/GPT/IdiomsSingleImage/singleImage_purichinga.png
SINGLE_2988,pusana,"- Sustancia preparada con la mezcla de diversos ingredientes y con la que por medio de un hechizo se pretende adquirir una habilidad o potencia, especialmente atraer sexualmente a otra persona.
- Bejuco que se utiliza con fines medicinales o rituales.",https://raw.githubusercontent.com/MariaaPinzon/ImagesEvaluatingMLLM/refs/heads/main/GPT/IdiomsSingleImage/singleImage_pusana.png
SINGLE_2989,pusanguiar,Pretender atraer sexualmente a una persona mediante sustancias y hechizos.,https://raw.githubusercontent.com/MariaaPinzon/ImagesEvaluatingMLLM/refs/heads/main/GPT/IdiomsSingleImage/singleImage_pusanguiar.png
SINGLE_2990,pusunga,Abultamiento que se forma en la cabeza luego de recibir un golpe.,https://raw.githubusercontent.com/MariaaPinzon/ImagesEvaluatingMLLM/refs/heads/main/GPT/IdiomsSingleImage/singleImage_pusunga.png
SINGLE_2991,putear,insultar a alguien con palabras soeces,https://raw.githubusercontent.com/MariaaPinzon/ImagesEvaluatingMLLM/refs/heads/main/GPT/IdiomsSingleImage/singleImage_putear.png
SINGLE_2992,puya,Música que ambienta este baile.,https://raw.githubusercontent.com/MariaaPinzon/ImagesEvaluatingMLLM/refs/heads/main/GPT/IdiomsSingleImage/singleImage_puya.png
SINGLE_2993,puyar,Alentar a alguien para que haga algo.,https://raw.githubusercontent.com/MariaaPinzon/ImagesEvaluatingMLLM/refs/heads/main/GPT/IdiomsSingleImage/singleImage_puyar.png
SINGLE_2994,puñera,"- Pelea que se realiza a puños, sin uso de guantes u otro medio.
- serie de puñetazos",https://raw.githubusercontent.com/MariaaPinzon/ImagesEvaluatingMLLM/refs/heads/main/GPT/IdiomsSingleImage/singleImage_pu%C3%B1era.png
SINGLE_2995,puñetera,"Pelea que se realiza a puños, sin uso de guantes u otro medio.",https://raw.githubusercontent.com/MariaaPinzon/ImagesEvaluatingMLLM/refs/heads/main/GPT/IdiomsSingleImage/singleImage_pu%C3%B1etera.png
SINGLE_2996,pácora,Machete para cortar caña.,https://raw.githubusercontent.com/MariaaPinzon/ImagesEvaluatingMLLM/refs/heads/main/GPT/IdiomsSingleImage/singleImage_p%C3%A1cora.png
SINGLE_2997,pájaro,"- pene
- durante la violencia de los años cincuenta, asesino al servicio de un partido político",https://raw.githubusercontent.com/MariaaPinzon/ImagesEvaluatingMLLM/refs/heads/main/GPT/IdiomsSingleImage/singleImage_p%C3%A1jaro.png
SINGLE_2998,pérdida,Aborto no provocado.,https://raw.githubusercontent.com/MariaaPinzon/ImagesEvaluatingMLLM/refs/heads/main/GPT/IdiomsSingleImage/singleImage_p%C3%A9rdida.png
SINGLE_2999,quebrazón,Rotura de algún objeto.,https://raw.githubusercontent.com/MariaaPinzon/ImagesEvaluatingMLLM/refs/heads/main/GPT/IdiomsSingleImage/singleImage_quebraz%C3%B3n.png
SINGLE_3000,quedar en veremos,No resolverse un asunto,https://raw.githubusercontent.com/MariaaPinzon/ImagesEvaluatingMLLM/refs/heads/main/GPT/IdiomsSingleImage/singleImage_quedar_en_veremos.png
SINGLE_3001,quedarse o dejar con los crespos hechos,sufrir o causar una frustración debido a expectativas no realizadas,https://raw.githubusercontent.com/MariaaPinzon/ImagesEvaluatingMLLM/refs/heads/main/GPT/IdiomsSingleImage/singleImage_quedarse_o_dejar_con_los_crespos_hechos.png
SINGLE_3002,quejadera,Sentencia repetida en la que se protesta y se queja como muestra de enojo.,https://raw.githubusercontent.com/MariaaPinzon/ImagesEvaluatingMLLM/refs/heads/main/GPT/IdiomsSingleImage/singleImage_quejadera.png
SINGLE_3003,quejereque,que se queja por todo,https://raw.githubusercontent.com/MariaaPinzon/ImagesEvaluatingMLLM/refs/heads/main/GPT/IdiomsSingleImage/singleImage_quejereque.png
SINGLE_3004,querneja,trenza del cabello de una mujer,https://raw.githubusercontent.com/MariaaPinzon/ImagesEvaluatingMLLM/refs/heads/main/GPT/IdiomsSingleImage/singleImage_querneja.png
SINGLE_3005,quesadillo,Golosina hecha de un queso delgado y suave que envuelve una barra de dulce de guayaba.,https://raw.githubusercontent.com/MariaaPinzon/ImagesEvaluatingMLLM/refs/heads/main/GPT/IdiomsSingleImage/singleImage_quesadillo.png
SINGLE_3006,quesque,"dizque, presuntamente",https://raw.githubusercontent.com/MariaaPinzon/ImagesEvaluatingMLLM/refs/heads/main/GPT/IdiomsSingleImage/singleImage_quesque.png
SINGLE_3007,quicato,"- Muchacho.
- Persona o niño demasiado consentido y dependiente.
- dicho de un niño o adolescente, mal educado, entrometido",https://raw.githubusercontent.com/MariaaPinzon/ImagesEvaluatingMLLM/refs/heads/main/GPT/IdiomsSingleImage/singleImage_quicato.png
SINGLE_3008,quicha,"- diarrea
- Prostituta.",https://raw.githubusercontent.com/MariaaPinzon/ImagesEvaluatingMLLM/refs/heads/main/GPT/IdiomsSingleImage/singleImage_quicha.png
SINGLE_3009,quicho,Perro de apariencia descuidada.,https://raw.githubusercontent.com/MariaaPinzon/ImagesEvaluatingMLLM/refs/heads/main/GPT/IdiomsSingleImage/singleImage_quicho.png
SINGLE_3010,quicio,Acera de una calle destinada a los peatones.,https://raw.githubusercontent.com/MariaaPinzon/ImagesEvaluatingMLLM/refs/heads/main/GPT/IdiomsSingleImage/singleImage_quicio.png
SINGLE_3011,quihay,Forma de saludo.,https://raw.githubusercontent.com/MariaaPinzon/ImagesEvaluatingMLLM/refs/heads/main/GPT/IdiomsSingleImage/singleImage_quihay.png
SINGLE_3012,quijada,Hoyo pequeño que se marca en el centro barbilla.,https://raw.githubusercontent.com/MariaaPinzon/ImagesEvaluatingMLLM/refs/heads/main/GPT/IdiomsSingleImage/singleImage_quijada.png
SINGLE_3013,quijo,clase de granadilla de corteza suave,https://raw.githubusercontent.com/MariaaPinzon/ImagesEvaluatingMLLM/refs/heads/main/GPT/IdiomsSingleImage/singleImage_quijo.png
SINGLE_3014,quimba,alpargata,https://raw.githubusercontent.com/MariaaPinzon/ImagesEvaluatingMLLM/refs/heads/main/GPT/IdiomsSingleImage/singleImage_quimba.png
SINGLE_3015,quin,"- golpe dado con el herrón de un trompo contra otro trompo
- En el juego del trompo, golpe que da el ganador con la punta o herrón al trompo del perdedor.",https://raw.githubusercontent.com/MariaaPinzon/ImagesEvaluatingMLLM/refs/heads/main/GPT/IdiomsSingleImage/singleImage_quin.png
SINGLE_3016,quingo,camino con curvas,https://raw.githubusercontent.com/MariaaPinzon/ImagesEvaluatingMLLM/refs/heads/main/GPT/IdiomsSingleImage/singleImage_quingo.png
SINGLE_3017,quisque,"dizque, presuntamente",https://raw.githubusercontent.com/MariaaPinzon/ImagesEvaluatingMLLM/refs/heads/main/GPT/IdiomsSingleImage/singleImage_quisque.png
SINGLE_3018,quitarle el hipo,a alguien . bajarle los humos a alguien,https://raw.githubusercontent.com/MariaaPinzon/ImagesEvaluatingMLLM/refs/heads/main/GPT/IdiomsSingleImage/singleImage_quitarle_el_hipo.png
SINGLE_3019,quite,"Evadir alguna responsabilidad, persona o situación desagradable.",https://raw.githubusercontent.com/MariaaPinzon/ImagesEvaluatingMLLM/refs/heads/main/GPT/IdiomsSingleImage/singleImage_quite.png
SINGLE_3020,quizque,"Al parecer, presuntamente.",https://raw.githubusercontent.com/MariaaPinzon/ImagesEvaluatingMLLM/refs/heads/main/GPT/IdiomsSingleImage/singleImage_quizque.png
SINGLE_3021,quién quita,se usa para expresar cierta esperanza de que algo suceda,https://raw.githubusercontent.com/MariaaPinzon/ImagesEvaluatingMLLM/refs/heads/main/GPT/IdiomsSingleImage/singleImage_qui%C3%A9n_quita.png
SINGLE_3022,quiño,"En el juego del trompo, perforación que queda al golpear el trompo con la punta metálica de otro.",https://raw.githubusercontent.com/MariaaPinzon/ImagesEvaluatingMLLM/refs/heads/main/GPT/IdiomsSingleImage/singleImage_qui%C3%B1o.png
SINGLE_3023,qué guama,expresión de enfado o contrariedad,https://raw.githubusercontent.com/MariaaPinzon/ImagesEvaluatingMLLM/refs/heads/main/GPT/IdiomsSingleImage/singleImage_qu%C3%A9_guama.png
SINGLE_3024,qué lapo de mujer,se emplea para ponderar los atributos de una mujer,https://raw.githubusercontent.com/MariaaPinzon/ImagesEvaluatingMLLM/refs/heads/main/GPT/IdiomsSingleImage/singleImage_qu%C3%A9_lapo_de_mujer.png
SINGLE_3025,qué más,Se usa para saludar a alguien de confianza.,https://raw.githubusercontent.com/MariaaPinzon/ImagesEvaluatingMLLM/refs/heads/main/GPT/IdiomsSingleImage/singleImage_qu%C3%A9_m%C3%A1s.png
SINGLE_3026,qué vaina,expresión de disgusto o preocupación,https://raw.githubusercontent.com/MariaaPinzon/ImagesEvaluatingMLLM/refs/heads/main/GPT/IdiomsSingleImage/singleImage_qu%C3%A9_vaina.png
SINGLE_3027,racamandaca,"Referido a una actividad o algo, extraordinario, de gran calidad.",https://raw.githubusercontent.com/MariaaPinzon/ImagesEvaluatingMLLM/refs/heads/main/GPT/IdiomsSingleImage/singleImage_racamandaca.png
SINGLE_3028,Raimundo,"Todos, mucha gente.",https://raw.githubusercontent.com/MariaaPinzon/ImagesEvaluatingMLLM/refs/heads/main/GPT/IdiomsSingleImage/singleImage_raimundo.png
SINGLE_3029,rajón,"Referido a un profesor, exigente y riguroso.",https://raw.githubusercontent.com/MariaaPinzon/ImagesEvaluatingMLLM/refs/heads/main/GPT/IdiomsSingleImage/singleImage_raj%C3%B3n.png
SINGLE_3030,rallo,Tabla de madera tallada de forma dentada en una de sus caras que se usa para restregar la ropa.,https://raw.githubusercontent.com/MariaaPinzon/ImagesEvaluatingMLLM/refs/heads/main/GPT/IdiomsSingleImage/singleImage_rallo.png
SINGLE_3031,rambado,"Referido a una persona, que no tiene cabello, rapado.",https://raw.githubusercontent.com/MariaaPinzon/ImagesEvaluatingMLLM/refs/heads/main/GPT/IdiomsSingleImage/singleImage_rambado.png
SINGLE_3032,rambar,rapar,https://raw.githubusercontent.com/MariaaPinzon/ImagesEvaluatingMLLM/refs/heads/main/GPT/IdiomsSingleImage/singleImage_rambar.png
SINGLE_3033,rancharse,"- alojarse en un lugar, por lo general sin consentimiento de los dueños
- empecinarse en hacer o no hacer algo",https://raw.githubusercontent.com/MariaaPinzon/ImagesEvaluatingMLLM/refs/heads/main/GPT/IdiomsSingleImage/singleImage_rancharse.png
SINGLE_3034,ranchería,"Vivienda de una familia indígena de la comunidad, Wayúu en la Guajira.",https://raw.githubusercontent.com/MariaaPinzon/ImagesEvaluatingMLLM/refs/heads/main/GPT/IdiomsSingleImage/singleImage_rancher%C3%ADa.png
SINGLE_3035,randanga,"serie o montón de personas, animales o cosas",https://raw.githubusercontent.com/MariaaPinzon/ImagesEvaluatingMLLM/refs/heads/main/GPT/IdiomsSingleImage/singleImage_randanga.png
SINGLE_3036,ranga,Caballo flaco y débil.,https://raw.githubusercontent.com/MariaaPinzon/ImagesEvaluatingMLLM/refs/heads/main/GPT/IdiomsSingleImage/singleImage_ranga.png
SINGLE_3037,raniar,Hablar o conversar sobre trivialidades o sin tener un único tema.,https://raw.githubusercontent.com/MariaaPinzon/ImagesEvaluatingMLLM/refs/heads/main/GPT/IdiomsSingleImage/singleImage_raniar.png
SINGLE_3038,rapar,"Referido al cabello, cortarlo muy corto.",https://raw.githubusercontent.com/MariaaPinzon/ImagesEvaluatingMLLM/refs/heads/main/GPT/IdiomsSingleImage/singleImage_rapar.png
SINGLE_3039,rapimotero,Persona que presta el servicio de transporte público de taxi en motocicleta.,https://raw.githubusercontent.com/MariaaPinzon/ImagesEvaluatingMLLM/refs/heads/main/GPT/IdiomsSingleImage/singleImage_rapimotero.png
SINGLE_3040,rapimoto,Motocicleta empleada para prestar el servicio de transporte urbano.,https://raw.githubusercontent.com/MariaaPinzon/ImagesEvaluatingMLLM/refs/heads/main/GPT/IdiomsSingleImage/singleImage_rapimoto.png
SINGLE_3041,raponazo,Robo rápido en el que el ladrón arrebata algo sorpresivamente y emprende la huida.,https://raw.githubusercontent.com/MariaaPinzon/ImagesEvaluatingMLLM/refs/heads/main/GPT/IdiomsSingleImage/singleImage_raponazo.png
SINGLE_3042,raponear,"apoderarse ilícitamente de una cosa, quitándola con violencia o sorpresa de las manos o de encima de una persona",https://raw.githubusercontent.com/MariaaPinzon/ImagesEvaluatingMLLM/refs/heads/main/GPT/IdiomsSingleImage/singleImage_raponear.png
SINGLE_3043,raponero,Persona que roba a través de raponazos.,https://raw.githubusercontent.com/MariaaPinzon/ImagesEvaluatingMLLM/refs/heads/main/GPT/IdiomsSingleImage/singleImage_raponero.png
SINGLE_3044,rasca,Borrachera.,https://raw.githubusercontent.com/MariaaPinzon/ImagesEvaluatingMLLM/refs/heads/main/GPT/IdiomsSingleImage/singleImage_rasca.png
SINGLE_3045,rascadera,Especie de tapete o cilindro hecho en fibra que usa el gato para juego o para afilarse las uñas.,https://raw.githubusercontent.com/MariaaPinzon/ImagesEvaluatingMLLM/refs/heads/main/GPT/IdiomsSingleImage/singleImage_rascadera.png
SINGLE_3046,rascarse,emborracharse,https://raw.githubusercontent.com/MariaaPinzon/ImagesEvaluatingMLLM/refs/heads/main/GPT/IdiomsSingleImage/singleImage_rascarse.png
SINGLE_3047,raspachín,Persona que recoge hoja de coca parael procesamiento de droga.,https://raw.githubusercontent.com/MariaaPinzon/ImagesEvaluatingMLLM/refs/heads/main/GPT/IdiomsSingleImage/singleImage_raspach%C3%ADn.png
SINGLE_3048,rasquiña,Comezón que se siente en alguna parte del cuerpo.,https://raw.githubusercontent.com/MariaaPinzon/ImagesEvaluatingMLLM/refs/heads/main/GPT/IdiomsSingleImage/singleImage_rasqui%C3%B1a.png
SINGLE_3049,rastrojear,Tener relaciones sexuales a la intemperie.,https://raw.githubusercontent.com/MariaaPinzon/ImagesEvaluatingMLLM/refs/heads/main/GPT/IdiomsSingleImage/singleImage_rastrojear.png
SINGLE_3050,rastrojo,Maleza que cubre un terreno abandonado.,https://raw.githubusercontent.com/MariaaPinzon/ImagesEvaluatingMLLM/refs/heads/main/GPT/IdiomsSingleImage/singleImage_rastrojo.png
SINGLE_3051,reato,escrúpulo,https://raw.githubusercontent.com/MariaaPinzon/ImagesEvaluatingMLLM/refs/heads/main/GPT/IdiomsSingleImage/singleImage_reato.png
SINGLE_3052,reblujo,"Cosas en desorden, desorganizadas.",https://raw.githubusercontent.com/MariaaPinzon/ImagesEvaluatingMLLM/refs/heads/main/GPT/IdiomsSingleImage/singleImage_reblujo.png
SINGLE_3053,rebullir,"Mover algo para que sus elementos se mezclen, revolver.",https://raw.githubusercontent.com/MariaaPinzon/ImagesEvaluatingMLLM/refs/heads/main/GPT/IdiomsSingleImage/singleImage_rebullir.png
SINGLE_3054,rebulú,"- Algarabía o bulllicio.
- Conjunto de personas que saltan y bailan por las calles a ritmo de música autóctona durante las festividades tradicionales.",https://raw.githubusercontent.com/MariaaPinzon/ImagesEvaluatingMLLM/refs/heads/main/GPT/IdiomsSingleImage/singleImage_rebul%C3%BA.png
SINGLE_3055,rebuscarse,ingeniarse para encontrar medios de subsistencia diaria,https://raw.githubusercontent.com/MariaaPinzon/ImagesEvaluatingMLLM/refs/heads/main/GPT/IdiomsSingleImage/singleImage_rebuscarse.png
SINGLE_3056,recado,"Conjunto de verduras, hortalizas y granos con los que se preparan algunas sopas.",https://raw.githubusercontent.com/MariaaPinzon/ImagesEvaluatingMLLM/refs/heads/main/GPT/IdiomsSingleImage/singleImage_recado.png
SINGLE_3057,recocha,Alboroto producido por varias personas que se hace por entretenimiento.,https://raw.githubusercontent.com/MariaaPinzon/ImagesEvaluatingMLLM/refs/heads/main/GPT/IdiomsSingleImage/singleImage_recocha.png
SINGLE_3058,recochar,chancearse con alguien,https://raw.githubusercontent.com/MariaaPinzon/ImagesEvaluatingMLLM/refs/heads/main/GPT/IdiomsSingleImage/singleImage_recochar.png
SINGLE_3059,recorderis,indicación para no olvidar algún asunto,https://raw.githubusercontent.com/MariaaPinzon/ImagesEvaluatingMLLM/refs/heads/main/GPT/IdiomsSingleImage/singleImage_recorderis.png
SINGLE_3060,reculo,"Referido a algo o a alguien, que es malo o de poca calidad.",https://raw.githubusercontent.com/MariaaPinzon/ImagesEvaluatingMLLM/refs/heads/main/GPT/IdiomsSingleImage/singleImage_reculo.png
SINGLE_3061,redoma,"Plaza, por lo común de forma circular, donde desembocan varias calles o vías de circulación.",https://raw.githubusercontent.com/MariaaPinzon/ImagesEvaluatingMLLM/refs/heads/main/GPT/IdiomsSingleImage/singleImage_redoma.png
SINGLE_3062,reencauchar,"- Modificar la apariencia física.
- Poner en circulación algo que se usó hace muchos años como música, películas o vestuario.",https://raw.githubusercontent.com/MariaaPinzon/ImagesEvaluatingMLLM/refs/heads/main/GPT/IdiomsSingleImage/singleImage_reencauchar.png
SINGLE_3063,refajo,Bebida que mezcla cerveza y gaseosa de un sabor particular.,https://raw.githubusercontent.com/MariaaPinzon/ImagesEvaluatingMLLM/refs/heads/main/GPT/IdiomsSingleImage/singleImage_refajo.png
SINGLE_3064,refresquería,Establecimiento en el que se venden refrescos y comida típica.,https://raw.githubusercontent.com/MariaaPinzon/ImagesEvaluatingMLLM/refs/heads/main/GPT/IdiomsSingleImage/singleImage_refresquer%C3%ADa.png
SINGLE_3065,refundido,"Referido a una una cosa, difícil de hallar u obtener.",https://raw.githubusercontent.com/MariaaPinzon/ImagesEvaluatingMLLM/refs/heads/main/GPT/IdiomsSingleImage/singleImage_refundido.png
SINGLE_3066,refundis,Pilatuna infantil que consiste en esconder los objetos personales de los amigos o compañeros de clase.,https://raw.githubusercontent.com/MariaaPinzon/ImagesEvaluatingMLLM/refs/heads/main/GPT/IdiomsSingleImage/singleImage_refundis.png
SINGLE_3067,regañada,Regaño fuerte.,https://raw.githubusercontent.com/MariaaPinzon/ImagesEvaluatingMLLM/refs/heads/main/GPT/IdiomsSingleImage/singleImage_rega%C3%B1ada.png
SINGLE_3068,regañadera,"Lo que se repite con una insistencia que molesta, fastidia.",https://raw.githubusercontent.com/MariaaPinzon/ImagesEvaluatingMLLM/refs/heads/main/GPT/IdiomsSingleImage/singleImage_rega%C3%B1adera.png
SINGLE_3069,regodiento,"Referido a una persona, complicada, especialmente para comer.",https://raw.githubusercontent.com/MariaaPinzon/ImagesEvaluatingMLLM/refs/heads/main/GPT/IdiomsSingleImage/singleImage_regodiento.png
SINGLE_3070,regonítico,Muy bonito.,https://raw.githubusercontent.com/MariaaPinzon/ImagesEvaluatingMLLM/refs/heads/main/GPT/IdiomsSingleImage/singleImage_regon%C3%ADtico.png
SINGLE_3071,regresarse,Volver al lugar de partida.,https://raw.githubusercontent.com/MariaaPinzon/ImagesEvaluatingMLLM/refs/heads/main/GPT/IdiomsSingleImage/singleImage_regresarse.png
SINGLE_3072,reguero,Cantidad de cosas desordenadas y dispersas en un sitio.,https://raw.githubusercontent.com/MariaaPinzon/ImagesEvaluatingMLLM/refs/heads/main/GPT/IdiomsSingleImage/singleImage_reguero.png
SINGLE_3073,reinado,Concurso en el que participan varias mujeres para obtener el título de la más bella por decisión de un jurado.,https://raw.githubusercontent.com/MariaaPinzon/ImagesEvaluatingMLLM/refs/heads/main/GPT/IdiomsSingleImage/singleImage_reinado.png
SINGLE_3074,relancino,"- Referido a un verso o a alguna expresión, que es improvisada con inteligencia y oportrunidad.
- Referido a un coplero del folclor llanero, que en un contrapunteo improvisa sus versos.",https://raw.githubusercontent.com/MariaaPinzon/ImagesEvaluatingMLLM/refs/heads/main/GPT/IdiomsSingleImage/singleImage_relancino.png
SINGLE_3075,relievar,"exaltar, destacar o engrandecer una cosa",https://raw.githubusercontent.com/MariaaPinzon/ImagesEvaluatingMLLM/refs/heads/main/GPT/IdiomsSingleImage/singleImage_relievar.png
SINGLE_3076,relisar,"En alfarería, alisar los diversos productos elaborados en barro cocido.",https://raw.githubusercontent.com/MariaaPinzon/ImagesEvaluatingMLLM/refs/heads/main/GPT/IdiomsSingleImage/singleImage_relisar.png
SINGLE_3077,remuda,"En la arriería, conjunto de animales de carga que se llevaban para reemplazar a las mulas que se enfermaban o se morían en el camino.",https://raw.githubusercontent.com/MariaaPinzon/ImagesEvaluatingMLLM/refs/heads/main/GPT/IdiomsSingleImage/singleImage_remuda.png
SINGLE_3078,remudar,"En la arriería, reemplazar una mula enferma o muerta por otra.",https://raw.githubusercontent.com/MariaaPinzon/ImagesEvaluatingMLLM/refs/heads/main/GPT/IdiomsSingleImage/singleImage_remudar.png
SINGLE_3079,renegadera,Sentencia repetida en la que se protesta y se queja como muestra de enojo.,https://raw.githubusercontent.com/MariaaPinzon/ImagesEvaluatingMLLM/refs/heads/main/GPT/IdiomsSingleImage/singleImage_renegadera.png
SINGLE_3080,renguera,"- rabia paralizante del ganado vacuno trasmitida por el vampiro
- renquera",https://raw.githubusercontent.com/MariaaPinzon/ImagesEvaluatingMLLM/refs/heads/main/GPT/IdiomsSingleImage/singleImage_renguera.png
SINGLE_3081,reparcheo,Cubrimiento y arreglo de huecos de una calle.,https://raw.githubusercontent.com/MariaaPinzon/ImagesEvaluatingMLLM/refs/heads/main/GPT/IdiomsSingleImage/singleImage_reparcheo.png
SINGLE_3082,repechaje,"En deportes, última oportunidad que tienen los participantes de un torneo que no clasificaron para seguir en la competencia.",https://raw.githubusercontent.com/MariaaPinzon/ImagesEvaluatingMLLM/refs/heads/main/GPT/IdiomsSingleImage/singleImage_repechaje.png
SINGLE_3083,repelar,Comer la poca comida que queda en una olla.,https://raw.githubusercontent.com/MariaaPinzon/ImagesEvaluatingMLLM/refs/heads/main/GPT/IdiomsSingleImage/singleImage_repelar.png
SINGLE_3084,repele,sobras de comida,https://raw.githubusercontent.com/MariaaPinzon/ImagesEvaluatingMLLM/refs/heads/main/GPT/IdiomsSingleImage/singleImage_repele.png
SINGLE_3085,repolla,Pastel dulce relleno de crema de leche batida o de arequipe con forma de repollo.,https://raw.githubusercontent.com/MariaaPinzon/ImagesEvaluatingMLLM/refs/heads/main/GPT/IdiomsSingleImage/singleImage_repolla.png
SINGLE_3086,repulgue,Borde de las empanadas o pasteles que se hace plegando sobre sí los bordes de la masa con los dedos.,https://raw.githubusercontent.com/MariaaPinzon/ImagesEvaluatingMLLM/refs/heads/main/GPT/IdiomsSingleImage/singleImage_repulgue.png
SINGLE_3087,repuntar,Ocupar de nuevo una posición favorable.,https://raw.githubusercontent.com/MariaaPinzon/ImagesEvaluatingMLLM/refs/heads/main/GPT/IdiomsSingleImage/singleImage_repuntar.png
SINGLE_3088,requinta,"En la marimba de chonta, sector que corresponde a las melodías de registro medio y alto.",https://raw.githubusercontent.com/MariaaPinzon/ImagesEvaluatingMLLM/refs/heads/main/GPT/IdiomsSingleImage/singleImage_requinta.png
SINGLE_3089,requintar,arreglar o componer la carga de las bestias,https://raw.githubusercontent.com/MariaaPinzon/ImagesEvaluatingMLLM/refs/heads/main/GPT/IdiomsSingleImage/singleImage_requintar.png
SINGLE_3090,resanar,Igualar una pared cubriendo grietas e imperfectos antes de pintarla.,https://raw.githubusercontent.com/MariaaPinzon/ImagesEvaluatingMLLM/refs/heads/main/GPT/IdiomsSingleImage/singleImage_resanar.png
SINGLE_3091,resbaladera,"refresco que se prepara con arroz molido, agua, azúcar y esencia de rosas",https://raw.githubusercontent.com/MariaaPinzon/ImagesEvaluatingMLLM/refs/heads/main/GPT/IdiomsSingleImage/singleImage_resbaladera.png
SINGLE_3092,resbaloso,"huidizo, inclinado a no comprometerse, especialmente con el matrimonio",https://raw.githubusercontent.com/MariaaPinzon/ImagesEvaluatingMLLM/refs/heads/main/GPT/IdiomsSingleImage/singleImage_resbaloso.png
SINGLE_3093,residencia,Lugar en el que las parejas alquilan habitaciones por horas para tener relaciones sexuales.,https://raw.githubusercontent.com/MariaaPinzon/ImagesEvaluatingMLLM/refs/heads/main/GPT/IdiomsSingleImage/singleImage_residencia.png
SINGLE_3094,restinga,"Área de tierras bajas, inundables durante los periodos de creciente de los ríos en la selva.",https://raw.githubusercontent.com/MariaaPinzon/ImagesEvaluatingMLLM/refs/heads/main/GPT/IdiomsSingleImage/singleImage_restinga.png
SINGLE_3095,retacar,"- Insistir sobre algo hasta resultar molesto.
- Cortejar a una mujer.
- Regañar",https://raw.githubusercontent.com/MariaaPinzon/ImagesEvaluatingMLLM/refs/heads/main/GPT/IdiomsSingleImage/singleImage_retacar.png
SINGLE_3096,retacón,"Referido a una persona, insistente hasta resultar molesto.",https://raw.githubusercontent.com/MariaaPinzon/ImagesEvaluatingMLLM/refs/heads/main/GPT/IdiomsSingleImage/singleImage_retac%C3%B3n.png
SINGLE_3097,retobo,Carne en descomposición.,https://raw.githubusercontent.com/MariaaPinzon/ImagesEvaluatingMLLM/refs/heads/main/GPT/IdiomsSingleImage/singleImage_retobo.png
SINGLE_3098,retorcijón,Dolor fuerte y breve en el estómago.,https://raw.githubusercontent.com/MariaaPinzon/ImagesEvaluatingMLLM/refs/heads/main/GPT/IdiomsSingleImage/singleImage_retorcij%C3%B3n.png
SINGLE_3099,retrechero,"Referido a una persona, desconfiada.",https://raw.githubusercontent.com/MariaaPinzon/ImagesEvaluatingMLLM/refs/heads/main/GPT/IdiomsSingleImage/singleImage_retrechero.png
SINGLE_3100,retroactivo,Pago de un saldo que se debe de un salario.,https://raw.githubusercontent.com/MariaaPinzon/ImagesEvaluatingMLLM/refs/heads/main/GPT/IdiomsSingleImage/singleImage_retroactivo.png
SINGLE_3101,retén,Puesto de policía fijo o móvil que en las carreteras realiza controles y vigilancia para garantizar la seguridad de los viajeros.,https://raw.githubusercontent.com/MariaaPinzon/ImagesEvaluatingMLLM/refs/heads/main/GPT/IdiomsSingleImage/singleImage_ret%C3%A9n.png
SINGLE_3102,revejido,"Referido a una planta o fruto, que no se desarrolla bien.",https://raw.githubusercontent.com/MariaaPinzon/ImagesEvaluatingMLLM/refs/heads/main/GPT/IdiomsSingleImage/singleImage_revejido.png
SINGLE_3103,reversazo,"Retorno a una decisión, estado o situación.",https://raw.githubusercontent.com/MariaaPinzon/ImagesEvaluatingMLLM/refs/heads/main/GPT/IdiomsSingleImage/singleImage_reversazo.png
SINGLE_3104,revirar,"- replicar vivamente
- en ciertos juegos, doblarle la apuesta al contrario",https://raw.githubusercontent.com/MariaaPinzon/ImagesEvaluatingMLLM/refs/heads/main/GPT/IdiomsSingleImage/singleImage_revirar.png
SINGLE_3105,rezandero,"- Referido a una persona, que manifiesta una virtud religiosa exagerada y frecuenta mucho las iglesias.
- Referido a una persona, que cura enfermedades y utiliza oraciones durante su ejercicio.",https://raw.githubusercontent.com/MariaaPinzon/ImagesEvaluatingMLLM/refs/heads/main/GPT/IdiomsSingleImage/singleImage_rezandero.png
SINGLE_3106,reñuñido,"Referido a una persona, muy pequeño.",https://raw.githubusercontent.com/MariaaPinzon/ImagesEvaluatingMLLM/refs/heads/main/GPT/IdiomsSingleImage/singleImage_re%C3%B1u%C3%B1ido.png
SINGLE_3107,ribazón,Época del año en que los peces remontan los ríos para desovar ocasionando un aumento muy notable en la pesca.,https://raw.githubusercontent.com/MariaaPinzon/ImagesEvaluatingMLLM/refs/heads/main/GPT/IdiomsSingleImage/singleImage_ribaz%C3%B3n.png
SINGLE_3108,riberino,"Referido a zonas de los rios y ciénagas u otros cuerpos de agua, que se caracteriza por tener especies de animales y vegetación adaptadas a un medio muy húmedo.",https://raw.githubusercontent.com/MariaaPinzon/ImagesEvaluatingMLLM/refs/heads/main/GPT/IdiomsSingleImage/singleImage_riberino.png
SINGLE_3109,riche,Papa pequeña.,https://raw.githubusercontent.com/MariaaPinzon/ImagesEvaluatingMLLM/refs/heads/main/GPT/IdiomsSingleImage/singleImage_riche.png
SINGLE_3110,riesgoso,"Referido a alguna actividad, que implica riesgo o peligro.",https://raw.githubusercontent.com/MariaaPinzon/ImagesEvaluatingMLLM/refs/heads/main/GPT/IdiomsSingleImage/singleImage_riesgoso.png
SINGLE_3111,rila,Parte blanca y fibrosa de la carne de res.,https://raw.githubusercontent.com/MariaaPinzon/ImagesEvaluatingMLLM/refs/heads/main/GPT/IdiomsSingleImage/singleImage_rila.png
SINGLE_3112,ringlete,Juguete con un palito que en uno de sus extremos tiene una figura de papel u otro material liviano que gira impulsada por el viento.,https://raw.githubusercontent.com/MariaaPinzon/ImagesEvaluatingMLLM/refs/heads/main/GPT/IdiomsSingleImage/singleImage_ringlete.png
SINGLE_3113,rirre,"Bicho pequeño, que se usa para asustar a los niños.",https://raw.githubusercontent.com/MariaaPinzon/ImagesEvaluatingMLLM/refs/heads/main/GPT/IdiomsSingleImage/singleImage_rirre.png
SINGLE_3114,rodillijunto,"que tiene las piernas torcidas, con las rodillas juntas",https://raw.githubusercontent.com/MariaaPinzon/ImagesEvaluatingMLLM/refs/heads/main/GPT/IdiomsSingleImage/singleImage_rodillijunto.png
SINGLE_3115,rojo colonial,Un rojo muy oscuro que tiende al tono vino tinto.,https://raw.githubusercontent.com/MariaaPinzon/ImagesEvaluatingMLLM/refs/heads/main/GPT/IdiomsSingleImage/singleImage_rojo_colonial.png
SINGLE_3116,rolis,Salir a caminar o a divertirse a algún sitio.,https://raw.githubusercontent.com/MariaaPinzon/ImagesEvaluatingMLLM/refs/heads/main/GPT/IdiomsSingleImage/singleImage_rolis.png
SINGLE_3117,rolúo,"Referido a una persona, musculosa.",https://raw.githubusercontent.com/MariaaPinzon/ImagesEvaluatingMLLM/refs/heads/main/GPT/IdiomsSingleImage/singleImage_rol%C3%BAo.png
SINGLE_3118,romatiz,Forma de reumatismo.,https://raw.githubusercontent.com/MariaaPinzon/ImagesEvaluatingMLLM/refs/heads/main/GPT/IdiomsSingleImage/singleImage_romatiz.png
SINGLE_3119,rosqueto,Hombre homosexual.,https://raw.githubusercontent.com/MariaaPinzon/ImagesEvaluatingMLLM/refs/heads/main/GPT/IdiomsSingleImage/singleImage_rosqueto.png
SINGLE_3120,roña,Hacer algo con lentitud y desgano.,https://raw.githubusercontent.com/MariaaPinzon/ImagesEvaluatingMLLM/refs/heads/main/GPT/IdiomsSingleImage/singleImage_ro%C3%B1a.png
SINGLE_3121,rucha,"Referido a la yuca, en mal estado, descompuesta.",https://raw.githubusercontent.com/MariaaPinzon/ImagesEvaluatingMLLM/refs/heads/main/GPT/IdiomsSingleImage/singleImage_rucha.png
SINGLE_3122,rucho,"Referido al cabello, crespo, ensortijado de forma natural.",https://raw.githubusercontent.com/MariaaPinzon/ImagesEvaluatingMLLM/refs/heads/main/GPT/IdiomsSingleImage/singleImage_rucho.png
SINGLE_3123,rueda,Juego infantil en el que varios niños se toman de la mano formando un círuculo y van cantando a medida que dan vueltas.,https://raw.githubusercontent.com/MariaaPinzon/ImagesEvaluatingMLLM/refs/heads/main/GPT/IdiomsSingleImage/singleImage_rueda.png
SINGLE_3124,rula,Machete.,https://raw.githubusercontent.com/MariaaPinzon/ImagesEvaluatingMLLM/refs/heads/main/GPT/IdiomsSingleImage/singleImage_rula.png
SINGLE_3125,rulo,"Hablar o conversar libremente, sin un único tema o sobre trivialidades.",https://raw.githubusercontent.com/MariaaPinzon/ImagesEvaluatingMLLM/refs/heads/main/GPT/IdiomsSingleImage/singleImage_rulo.png
SINGLE_3126,rumba,"Fiesta, diversión entre amigos.",https://raw.githubusercontent.com/MariaaPinzon/ImagesEvaluatingMLLM/refs/heads/main/GPT/IdiomsSingleImage/singleImage_rumba.png
SINGLE_3127,rumbador,"Juego infantil que consiste en un disco giratorio con dos orificios a través de los cuales se pasan dos cuerdas, se gira hasta enrollar las cuerdas y al acercar y separar las manos se produce un zumbido.",https://raw.githubusercontent.com/MariaaPinzon/ImagesEvaluatingMLLM/refs/heads/main/GPT/IdiomsSingleImage/singleImage_rumbador.png
SINGLE_3128,rumbadora,juego infantil que consiste en hacer vibrar una ruedita en un cordel,https://raw.githubusercontent.com/MariaaPinzon/ImagesEvaluatingMLLM/refs/heads/main/GPT/IdiomsSingleImage/singleImage_rumbadora.png
SINGLE_3129,rumbar,expulsar a alguien de un lugar,https://raw.githubusercontent.com/MariaaPinzon/ImagesEvaluatingMLLM/refs/heads/main/GPT/IdiomsSingleImage/singleImage_rumbar.png
SINGLE_3130,rumbear,participar en una fiesta o rumba,https://raw.githubusercontent.com/MariaaPinzon/ImagesEvaluatingMLLM/refs/heads/main/GPT/IdiomsSingleImage/singleImage_rumbear.png
SINGLE_3131,rumbero,que le gusta la fiesta y la diversión,https://raw.githubusercontent.com/MariaaPinzon/ImagesEvaluatingMLLM/refs/heads/main/GPT/IdiomsSingleImage/singleImage_rumbero.png
SINGLE_3132,runa,"Referido a un gallo, que es tímido, ordinario e inútil para pelear.",https://raw.githubusercontent.com/MariaaPinzon/ImagesEvaluatingMLLM/refs/heads/main/GPT/IdiomsSingleImage/singleImage_runa.png
SINGLE_3133,runchera,"lugar deteriorado, en malas condiciones",https://raw.githubusercontent.com/MariaaPinzon/ImagesEvaluatingMLLM/refs/heads/main/GPT/IdiomsSingleImage/singleImage_runchera.png
SINGLE_3134,runrún,"Chisme, rumor que se difunde entre la gente.",https://raw.githubusercontent.com/MariaaPinzon/ImagesEvaluatingMLLM/refs/heads/main/GPT/IdiomsSingleImage/singleImage_runr%C3%BAn.png
SINGLE_3135,ruyas,"pequeños rollos de harina de maíz, con los que se hace sopa",https://raw.githubusercontent.com/MariaaPinzon/ImagesEvaluatingMLLM/refs/heads/main/GPT/IdiomsSingleImage/singleImage_ruyas.png
SINGLE_3136,ruñido,"Referido a una cosa, corroída, desgastada.",https://raw.githubusercontent.com/MariaaPinzon/ImagesEvaluatingMLLM/refs/heads/main/GPT/IdiomsSingleImage/singleImage_ru%C3%B1ido.png
SINGLE_3137,réferi,Árbitro en competencias deportivas.,https://raw.githubusercontent.com/MariaaPinzon/ImagesEvaluatingMLLM/refs/heads/main/GPT/IdiomsSingleImage/singleImage_r%C3%A9feri.png
SINGLE_3138,saberselas todas,expresión con que se pondera la habilidad de una persona para desempeñarse bien en su actividad,https://raw.githubusercontent.com/MariaaPinzon/ImagesEvaluatingMLLM/refs/heads/main/GPT/IdiomsSingleImage/singleImage_saberselas_todas.png
SINGLE_3139,sabido,"Referido a una persona, ingeniosa, viva y hábil.",https://raw.githubusercontent.com/MariaaPinzon/ImagesEvaluatingMLLM/refs/heads/main/GPT/IdiomsSingleImage/singleImage_sabido.png
SINGLE_3140,sabrosita,"Afección contagiosa de la piel, provocada por un ácaro que produce enrojecimiento y comezón.",https://raw.githubusercontent.com/MariaaPinzon/ImagesEvaluatingMLLM/refs/heads/main/GPT/IdiomsSingleImage/singleImage_sabrosita.png
SINGLE_3141,sabroso,"- De forma agradable o satisfactoria.
- Que es alegre, divertido y agradable.",https://raw.githubusercontent.com/MariaaPinzon/ImagesEvaluatingMLLM/refs/heads/main/GPT/IdiomsSingleImage/singleImage_sabroso.png
SINGLE_3142,sabrosón,"Referido a la música, de ritmo alegre con el que se puede bailar.",https://raw.githubusercontent.com/MariaaPinzon/ImagesEvaluatingMLLM/refs/heads/main/GPT/IdiomsSingleImage/singleImage_sabros%C3%B3n.png
SINGLE_3143,sacaganchos,Utensilio de papelería utilizado para quitar los ganchos o grapas sin dañar los documentos.,https://raw.githubusercontent.com/MariaaPinzon/ImagesEvaluatingMLLM/refs/heads/main/GPT/IdiomsSingleImage/singleImage_sacaganchos.png
SINGLE_3144,sacamicas,"Referido a una persona, aduladora y servil generalmente en relación con sus superiores.",https://raw.githubusercontent.com/MariaaPinzon/ImagesEvaluatingMLLM/refs/heads/main/GPT/IdiomsSingleImage/singleImage_sacamicas.png
SINGLE_3145,sacar los trapos al sol,Exponer asuntos delicados y en ocasiones confidenciales en una pelea o discusión.,https://raw.githubusercontent.com/MariaaPinzon/ImagesEvaluatingMLLM/refs/heads/main/GPT/IdiomsSingleImage/singleImage_sacar_los_trapos_al_sol.png
SINGLE_3146,sacariñar,Echar en cara lo que se le ha dado a alguien.,https://raw.githubusercontent.com/MariaaPinzon/ImagesEvaluatingMLLM/refs/heads/main/GPT/IdiomsSingleImage/singleImage_sacari%C3%B1ar.png
SINGLE_3147,sacarle un gato,a alguien . golpear a alguien con el puño en el bíceps o en el cuadriceps,https://raw.githubusercontent.com/MariaaPinzon/ImagesEvaluatingMLLM/refs/heads/main/GPT/IdiomsSingleImage/singleImage_sacarle_un_gato.png
SINGLE_3148,sacarse las yucas,hacer traquear los nudillos de los dedos,https://raw.githubusercontent.com/MariaaPinzon/ImagesEvaluatingMLLM/refs/heads/main/GPT/IdiomsSingleImage/singleImage_sacarse_las_yucas.png
SINGLE_3149,sacatín,Alambique casero utilizado en la fabricación de aguardiente artesanal.,https://raw.githubusercontent.com/MariaaPinzon/ImagesEvaluatingMLLM/refs/heads/main/GPT/IdiomsSingleImage/singleImage_sacat%C3%ADn.png
SINGLE_3150,saco,"- Prenda de vestir que cubre los brazos y el torso, abierta en la parte delantera, y se usa como complemento de un traje formal.
- Prenda de vestir de lana u otros materiales, abierto por delante o cerrado que cubre la cintura y los brazos.",https://raw.githubusercontent.com/MariaaPinzon/ImagesEvaluatingMLLM/refs/heads/main/GPT/IdiomsSingleImage/singleImage_saco.png
SINGLE_3151,sacoleva,"Tipo de chaqueta masculina de etiqueta, que llega hasta la cintura por delante y se abre hacia atrás formando dos faldones, y generalmente se combina con pantalón rayado, y chaleco.",https://raw.githubusercontent.com/MariaaPinzon/ImagesEvaluatingMLLM/refs/heads/main/GPT/IdiomsSingleImage/singleImage_sacoleva.png
SINGLE_3152,sacudón,Movimiento brusco que agita un cuerpo de un lado a otro rápidamente.,https://raw.githubusercontent.com/MariaaPinzon/ImagesEvaluatingMLLM/refs/heads/main/GPT/IdiomsSingleImage/singleImage_sacud%C3%B3n.png
SINGLE_3153,sagú,Harina extraída de la desecación y maceración de la raíz de esta planta.,https://raw.githubusercontent.com/MariaaPinzon/ImagesEvaluatingMLLM/refs/heads/main/GPT/IdiomsSingleImage/singleImage_sag%C3%BA.png
SINGLE_3154,sahumerio,"Limpieza del ambiente de una casa que consiste en la quema de sustancias aromáticas, con fines depurativos o rituales.",https://raw.githubusercontent.com/MariaaPinzon/ImagesEvaluatingMLLM/refs/heads/main/GPT/IdiomsSingleImage/singleImage_sahumerio.png
SINGLE_3155,salado,"dicho de una persona, que tiene mala suerte",https://raw.githubusercontent.com/MariaaPinzon/ImagesEvaluatingMLLM/refs/heads/main/GPT/IdiomsSingleImage/singleImage_salado.png
SINGLE_3156,salidera,Salida reiterada y frecuente de un lugar.,https://raw.githubusercontent.com/MariaaPinzon/ImagesEvaluatingMLLM/refs/heads/main/GPT/IdiomsSingleImage/singleImage_salidera.png
SINGLE_3157,salir como pepa de guama,salir rápidamente,https://raw.githubusercontent.com/MariaaPinzon/ImagesEvaluatingMLLM/refs/heads/main/GPT/IdiomsSingleImage/singleImage_salir_como_pepa_de_guama.png
SINGLE_3158,salir como un tiro,salir velozmente,https://raw.githubusercontent.com/MariaaPinzon/ImagesEvaluatingMLLM/refs/heads/main/GPT/IdiomsSingleImage/singleImage_salir_como_un_tiro.png
SINGLE_3159,salir pitado,salir a toda velocidad,https://raw.githubusercontent.com/MariaaPinzon/ImagesEvaluatingMLLM/refs/heads/main/GPT/IdiomsSingleImage/singleImage_salir_pitado.png
SINGLE_3160,salpicón,Bebida consistente en trozos de frutas mezclados en su propio jugo o en otro líquido.,https://raw.githubusercontent.com/MariaaPinzon/ImagesEvaluatingMLLM/refs/heads/main/GPT/IdiomsSingleImage/singleImage_salpic%C3%B3n.png
SINGLE_3161,salsamentaria,Establecimiento especializado en la venta de embutidos y carnes frías.,https://raw.githubusercontent.com/MariaaPinzon/ImagesEvaluatingMLLM/refs/heads/main/GPT/IdiomsSingleImage/singleImage_salsamentaria.png
SINGLE_3162,salsómano,Persona que en gustos musicales prefiere la salsa y su baile.,https://raw.githubusercontent.com/MariaaPinzon/ImagesEvaluatingMLLM/refs/heads/main/GPT/IdiomsSingleImage/singleImage_sals%C3%B3mano.png
SINGLE_3163,saltalecho,Tapete de diversos tipos de fibra que se coloca para cubrir el suelo donde se ponen los pies cuando se desciende de la cama.,https://raw.githubusercontent.com/MariaaPinzon/ImagesEvaluatingMLLM/refs/heads/main/GPT/IdiomsSingleImage/singleImage_saltalecho.png
SINGLE_3164,saltar matones,"estar en apuros o en grandes dificultades, especialmente de carácter económico",https://raw.githubusercontent.com/MariaaPinzon/ImagesEvaluatingMLLM/refs/heads/main/GPT/IdiomsSingleImage/singleImage_saltar_matones.png
SINGLE_3165,saltina,"Galleta salada, crujiente, plana y sin miga.",https://raw.githubusercontent.com/MariaaPinzon/ImagesEvaluatingMLLM/refs/heads/main/GPT/IdiomsSingleImage/singleImage_saltina.png
SINGLE_3166,salto,"Prueba deportiva que consiste en saltar, de forma vertical y sin ningún apoyo, por encima de un listón colocado a una altura determinada.",https://raw.githubusercontent.com/MariaaPinzon/ImagesEvaluatingMLLM/refs/heads/main/GPT/IdiomsSingleImage/singleImage_salto.png
SINGLE_3167,saltársele la chispa,ponerse furioso,https://raw.githubusercontent.com/MariaaPinzon/ImagesEvaluatingMLLM/refs/heads/main/GPT/IdiomsSingleImage/singleImage_salt%C3%A1rsele_la_chispa.png
SINGLE_3168,salud,expresión que se dice a alguien cuando estornuda,https://raw.githubusercontent.com/MariaaPinzon/ImagesEvaluatingMLLM/refs/heads/main/GPT/IdiomsSingleImage/singleImage_salud.png
SINGLE_3169,saludes,Modo de enviar saludos a otra persona.,https://raw.githubusercontent.com/MariaaPinzon/ImagesEvaluatingMLLM/refs/heads/main/GPT/IdiomsSingleImage/singleImage_saludes.png
SINGLE_3170,sampedrear,"divertirse en la fiesta de san pedro, el 29 de junio",https://raw.githubusercontent.com/MariaaPinzon/ImagesEvaluatingMLLM/refs/heads/main/GPT/IdiomsSingleImage/singleImage_sampedrear.png
SINGLE_3171,sanandresito,"Conjunto de establecimientos comerciales que venden productos y artículos, en especial importados, y que originalmente no pagaban derechos arancelarios.",https://raw.githubusercontent.com/MariaaPinzon/ImagesEvaluatingMLLM/refs/heads/main/GPT/IdiomsSingleImage/singleImage_sanandresito.png
SINGLE_3172,sancochado,"Referido a una persona, que tiene mucho calor.",https://raw.githubusercontent.com/MariaaPinzon/ImagesEvaluatingMLLM/refs/heads/main/GPT/IdiomsSingleImage/singleImage_sancochado.png
SINGLE_3173,sandalia,"La elaborada con una suela de cuero u otro material, que se sujeta al pie por una correa fijada en tres puntos.",https://raw.githubusercontent.com/MariaaPinzon/ImagesEvaluatingMLLM/refs/heads/main/GPT/IdiomsSingleImage/singleImage_sandalia.png
SINGLE_3174,sangrero,Principiante en el oficio de arriero que labora como ayudante.,https://raw.githubusercontent.com/MariaaPinzon/ImagesEvaluatingMLLM/refs/heads/main/GPT/IdiomsSingleImage/singleImage_sangrero.png
SINGLE_3175,sanjuanear,"divertirse en la fiesta de san juan, el 24 de junio",https://raw.githubusercontent.com/MariaaPinzon/ImagesEvaluatingMLLM/refs/heads/main/GPT/IdiomsSingleImage/singleImage_sanjuanear.png
SINGLE_3176,sanjuanero,Baile oficial de la región del Huila y el Tolima que combina elementos del bambuco y el rajaleña.,https://raw.githubusercontent.com/MariaaPinzon/ImagesEvaluatingMLLM/refs/heads/main/GPT/IdiomsSingleImage/singleImage_sanjuanero.png
SINGLE_3177,sapeada,Denuncia.,https://raw.githubusercontent.com/MariaaPinzon/ImagesEvaluatingMLLM/refs/heads/main/GPT/IdiomsSingleImage/singleImage_sapeada.png
SINGLE_3178,sapear,Delatar o culpar a alguien.,https://raw.githubusercontent.com/MariaaPinzon/ImagesEvaluatingMLLM/refs/heads/main/GPT/IdiomsSingleImage/singleImage_sapear.png
SINGLE_3179,saporreto,"dicho de una persona, gruesa y pequeña",https://raw.githubusercontent.com/MariaaPinzon/ImagesEvaluatingMLLM/refs/heads/main/GPT/IdiomsSingleImage/singleImage_saporreto.png
SINGLE_3180,saporrito,"Referido a una persona, de baja estatura y de contextura gruesa.",https://raw.githubusercontent.com/MariaaPinzon/ImagesEvaluatingMLLM/refs/heads/main/GPT/IdiomsSingleImage/singleImage_saporrito.png
SINGLE_3181,saporro,"dicho de una persona, gruesa y pequeña",https://raw.githubusercontent.com/MariaaPinzon/ImagesEvaluatingMLLM/refs/heads/main/GPT/IdiomsSingleImage/singleImage_saporro.png
SINGLE_3182,saporrondó,danza folclórica de la costa pacífica,https://raw.githubusercontent.com/MariaaPinzon/ImagesEvaluatingMLLM/refs/heads/main/GPT/IdiomsSingleImage/singleImage_saporrond%C3%B3.png
SINGLE_3183,sapurro,"dicho de una persona, gruesa y pequeña",https://raw.githubusercontent.com/MariaaPinzon/ImagesEvaluatingMLLM/refs/heads/main/GPT/IdiomsSingleImage/singleImage_sapurro.png
SINGLE_3184,saque,"En el fútbol, lanzamiento que hace un jugador con los brazos desde uno de los laterales, tras haber salido el balón del campo de juego.",https://raw.githubusercontent.com/MariaaPinzon/ImagesEvaluatingMLLM/refs/heads/main/GPT/IdiomsSingleImage/singleImage_saque.png
SINGLE_3185,sarapa,Comida que se empaca envuelta en hojas de plátano y se lleva fuera de casa.,https://raw.githubusercontent.com/MariaaPinzon/ImagesEvaluatingMLLM/refs/heads/main/GPT/IdiomsSingleImage/singleImage_sarapa.png
SINGLE_3186,sardinear,Pretender a adolescentes o jóvenes.,https://raw.githubusercontent.com/MariaaPinzon/ImagesEvaluatingMLLM/refs/heads/main/GPT/IdiomsSingleImage/singleImage_sardinear.png
SINGLE_3187,sardino,"Persona joven, muchacho.",https://raw.githubusercontent.com/MariaaPinzon/ImagesEvaluatingMLLM/refs/heads/main/GPT/IdiomsSingleImage/singleImage_sardino.png
SINGLE_3188,sartén,"Recipiente de cocina hecho de metal con poco fondo, que se usa para guisar o freír los alimentos.",https://raw.githubusercontent.com/MariaaPinzon/ImagesEvaluatingMLLM/refs/heads/main/GPT/IdiomsSingleImage/singleImage_sart%C3%A9n.png
SINGLE_3189,sayayín,"Persona encargada de ejercer vigilancia en sectores peligrosos de la ciudad, en donde se venden drogas de baja calidad.",https://raw.githubusercontent.com/MariaaPinzon/ImagesEvaluatingMLLM/refs/heads/main/GPT/IdiomsSingleImage/singleImage_sayay%C3%ADn.png
SINGLE_3190,secadora,Máquina empleada en el secado de los granos de café recién cosechados.,https://raw.githubusercontent.com/MariaaPinzon/ImagesEvaluatingMLLM/refs/heads/main/GPT/IdiomsSingleImage/singleImage_secadora.png
SINGLE_3191,segundillas,"Comida ligera que se toma en las horas de la tarde, entre el almuerzo y la comida.",https://raw.githubusercontent.com/MariaaPinzon/ImagesEvaluatingMLLM/refs/heads/main/GPT/IdiomsSingleImage/singleImage_segundillas.png
SINGLE_3192,semaforización,Instalación de semáforos en avenidas y calles para controlar el flujo vehicular.,https://raw.githubusercontent.com/MariaaPinzon/ImagesEvaluatingMLLM/refs/heads/main/GPT/IdiomsSingleImage/singleImage_semaforizaci%C3%B3n.png
SINGLE_3193,sentadero,Nalgas de una persona.,https://raw.githubusercontent.com/MariaaPinzon/ImagesEvaluatingMLLM/refs/heads/main/GPT/IdiomsSingleImage/singleImage_sentadero.png
SINGLE_3194,sentirse,Enojarse u ofenderse por algo que se considera una falta de afecto o indigno.,https://raw.githubusercontent.com/MariaaPinzon/ImagesEvaluatingMLLM/refs/heads/main/GPT/IdiomsSingleImage/singleImage_sentirse.png
SINGLE_3195,septimazo,Salir a caminar o a divertirse a la carrera séptima en la parte del centro de Bogotá.,https://raw.githubusercontent.com/MariaaPinzon/ImagesEvaluatingMLLM/refs/heads/main/GPT/IdiomsSingleImage/singleImage_septimazo.png
SINGLE_3196,ser,"Expresión usada para manifestar disgusto, desacuerdo o protesta por algo.",https://raw.githubusercontent.com/MariaaPinzon/ImagesEvaluatingMLLM/refs/heads/main/GPT/IdiomsSingleImage/singleImage_ser.png
SINGLE_3197,ser (una) abeja,"ser muy vivo, listo, aprovechado",https://raw.githubusercontent.com/MariaaPinzon/ImagesEvaluatingMLLM/refs/heads/main/GPT/IdiomsSingleImage/singleImage_ser__una__abeja.png
SINGLE_3198,ser buena cuchara,tener buen apetito habitualmente,https://raw.githubusercontent.com/MariaaPinzon/ImagesEvaluatingMLLM/refs/heads/main/GPT/IdiomsSingleImage/singleImage_ser_buena_cuchara.png
SINGLE_3199,ser cachas,ser dos personas muy buenos amigos,https://raw.githubusercontent.com/MariaaPinzon/ImagesEvaluatingMLLM/refs/heads/main/GPT/IdiomsSingleImage/singleImage_ser_cachas.png
SINGLE_3200,ser de dudosa ortografía,ser de conducta sospechosa,https://raw.githubusercontent.com/MariaaPinzon/ImagesEvaluatingMLLM/refs/heads/main/GPT/IdiomsSingleImage/singleImage_ser_de_dudosa_ortograf%C3%ADa.png
SINGLE_3201,ser el fucú,ser la mala suerte de alguien,https://raw.githubusercontent.com/MariaaPinzon/ImagesEvaluatingMLLM/refs/heads/main/GPT/IdiomsSingleImage/singleImage_ser_el_fuc%C3%BA.png
SINGLE_3202,ser pepa,ser inteligente,https://raw.githubusercontent.com/MariaaPinzon/ImagesEvaluatingMLLM/refs/heads/main/GPT/IdiomsSingleImage/singleImage_ser_pepa.png
SINGLE_3203,ser pinta,"tener buena presencia, ser elegante",https://raw.githubusercontent.com/MariaaPinzon/ImagesEvaluatingMLLM/refs/heads/main/GPT/IdiomsSingleImage/singleImage_ser_pinta.png
SINGLE_3204,ser una fiera,ser uno muy listo y hábil en algún asunto,https://raw.githubusercontent.com/MariaaPinzon/ImagesEvaluatingMLLM/refs/heads/main/GPT/IdiomsSingleImage/singleImage_ser_una_fiera.png
SINGLE_3205,ser uña y mugre,tener dos personas una amistad muy estrecha,https://raw.githubusercontent.com/MariaaPinzon/ImagesEvaluatingMLLM/refs/heads/main/GPT/IdiomsSingleImage/singleImage_ser_u%C3%B1a_y_mugre.png
SINGLE_3206,serenar,"Exponerse al ambiente nocturno, húmedo y frío.",https://raw.githubusercontent.com/MariaaPinzon/ImagesEvaluatingMLLM/refs/heads/main/GPT/IdiomsSingleImage/singleImage_serenar.png
SINGLE_3207,serenarse,"Salir al sereno, exponerse a él.",https://raw.githubusercontent.com/MariaaPinzon/ImagesEvaluatingMLLM/refs/heads/main/GPT/IdiomsSingleImage/singleImage_serenarse.png
SINGLE_3208,serenatero,Persona que pertenece a un grupo musical que suele ofrecer serenatas.,https://raw.githubusercontent.com/MariaaPinzon/ImagesEvaluatingMLLM/refs/heads/main/GPT/IdiomsSingleImage/singleImage_serenatero.png
SINGLE_3209,sereno,"- llovizna
- Lluvia muy fina y breve.",https://raw.githubusercontent.com/MariaaPinzon/ImagesEvaluatingMLLM/refs/heads/main/GPT/IdiomsSingleImage/singleImage_sereno.png
SINGLE_3210,serruchar,"- ponerse de acuerdo para repartirse ilícitamente entre varias personas una parte de los beneficios de un negocio. el funcionario serruchó con el solicitante
- Dividir de manera ilícita, entre dos o más personas, las ganancias de un negocio.",https://raw.githubusercontent.com/MariaaPinzon/ImagesEvaluatingMLLM/refs/heads/main/GPT/IdiomsSingleImage/singleImage_serruchar.png
SINGLE_3211,serviteca,Establecimiento que ofrece servicios y atención a los automovilistas y sus vehículos.,https://raw.githubusercontent.com/MariaaPinzon/ImagesEvaluatingMLLM/refs/heads/main/GPT/IdiomsSingleImage/singleImage_serviteca.png
SINGLE_3212,sexapiloso,"Referido a una persona, que tiene un atractivo sexual que lo destaca.",https://raw.githubusercontent.com/MariaaPinzon/ImagesEvaluatingMLLM/refs/heads/main/GPT/IdiomsSingleImage/singleImage_sexapiloso.png
SINGLE_3213,señar,Comunicar algo usando la lengua de señas.,https://raw.githubusercontent.com/MariaaPinzon/ImagesEvaluatingMLLM/refs/heads/main/GPT/IdiomsSingleImage/singleImage_se%C3%B1ar.png
SINGLE_3214,seño,Forma de tratamiento respetuoso hacia la mujer que se usa anteponiéndolo al nombre de pila.,https://raw.githubusercontent.com/MariaaPinzon/ImagesEvaluatingMLLM/refs/heads/main/GPT/IdiomsSingleImage/singleImage_se%C3%B1o.png
SINGLE_3215,señorero,Relativo a las señoras o lo que es propio de ellas.,https://raw.githubusercontent.com/MariaaPinzon/ImagesEvaluatingMLLM/refs/heads/main/GPT/IdiomsSingleImage/singleImage_se%C3%B1orero.png
SINGLE_3216,sicariato,Actividad delincuencial en la que se planea y se realizan homicidios a mano armada a cambio de un pago.,https://raw.githubusercontent.com/MariaaPinzon/ImagesEvaluatingMLLM/refs/heads/main/GPT/IdiomsSingleImage/singleImage_sicariato.png
SINGLE_3217,sicosearse,Alterar la razón creyendo que algo malo va a suceder.,https://raw.githubusercontent.com/MariaaPinzon/ImagesEvaluatingMLLM/refs/heads/main/GPT/IdiomsSingleImage/singleImage_sicosearse.png
SINGLE_3218,sicosiado,"Referido a una persona, nerviosa, que tiene delirio de persecución.",https://raw.githubusercontent.com/MariaaPinzon/ImagesEvaluatingMLLM/refs/heads/main/GPT/IdiomsSingleImage/singleImage_sicosiado.png
SINGLE_3219,siembro,porción de tierra sembrada,https://raw.githubusercontent.com/MariaaPinzon/ImagesEvaluatingMLLM/refs/heads/main/GPT/IdiomsSingleImage/singleImage_siembro.png
SINGLE_3220,sieteluchas,"Afección contagiosa de la piel, provocada por un ácaro que produce enrojecimiento y comezón.",https://raw.githubusercontent.com/MariaaPinzon/ImagesEvaluatingMLLM/refs/heads/main/GPT/IdiomsSingleImage/singleImage_sieteluchas.png
SINGLE_3221,silbatina,Conjunto de silbidos y pitos que manifiestan desaprobación de algo.,https://raw.githubusercontent.com/MariaaPinzon/ImagesEvaluatingMLLM/refs/heads/main/GPT/IdiomsSingleImage/singleImage_silbatina.png
SINGLE_3222,silla,Silla grande y acolchada con espaldar reclinable y descansapiés extensible.,https://raw.githubusercontent.com/MariaaPinzon/ImagesEvaluatingMLLM/refs/heads/main/GPT/IdiomsSingleImage/singleImage_silla.png
SINGLE_3223,silleta,Estructura que se lleva a la espalda en la que se transportan flores.,https://raw.githubusercontent.com/MariaaPinzon/ImagesEvaluatingMLLM/refs/heads/main/GPT/IdiomsSingleImage/singleImage_silleta.png
SINGLE_3224,silletero,Persona que monta a su espalda un armazón de madera en el que se acomodan flores para su venta ambulante.,https://raw.githubusercontent.com/MariaaPinzon/ImagesEvaluatingMLLM/refs/heads/main/GPT/IdiomsSingleImage/singleImage_silletero.png
SINGLE_3225,silletería,Conjunto de sillas dispuestas en filas que hacen parte de un local o un centro de eventos.,https://raw.githubusercontent.com/MariaaPinzon/ImagesEvaluatingMLLM/refs/heads/main/GPT/IdiomsSingleImage/singleImage_silleter%C3%ADa.png
SINGLE_3226,simpático,"Referido a una persona, que es físicamente atractiva o agradable.",https://raw.githubusercontent.com/MariaaPinzon/ImagesEvaluatingMLLM/refs/heads/main/GPT/IdiomsSingleImage/singleImage_simp%C3%A1tico.png
SINGLE_3227,sinvergüenzada,"Desfachatez, cinismo.",https://raw.githubusercontent.com/MariaaPinzon/ImagesEvaluatingMLLM/refs/heads/main/GPT/IdiomsSingleImage/singleImage_sinverg%C3%BCenzada.png
SINGLE_3228,sinvergüenzura,"Desfachatez, falta total de respeto.",https://raw.githubusercontent.com/MariaaPinzon/ImagesEvaluatingMLLM/refs/heads/main/GPT/IdiomsSingleImage/singleImage_sinverg%C3%BCenzura.png
SINGLE_3229,sinvergüenzón,"Referido a una persona, que es descarada y no tiene vergüenza.",https://raw.githubusercontent.com/MariaaPinzon/ImagesEvaluatingMLLM/refs/heads/main/GPT/IdiomsSingleImage/singleImage_sinverg%C3%BCenz%C3%B3n.png
SINGLE_3230,siquiera,Afortunadamente.,https://raw.githubusercontent.com/MariaaPinzon/ImagesEvaluatingMLLM/refs/heads/main/GPT/IdiomsSingleImage/singleImage_siquiera.png
SINGLE_3231,sirilí,"molestadera. ¡deje ya el sirirí, niño",https://raw.githubusercontent.com/MariaaPinzon/ImagesEvaluatingMLLM/refs/heads/main/GPT/IdiomsSingleImage/singleImage_siril%C3%AD.png
SINGLE_3232,siringuero,Persona que tiene por oficio la extracción del caucho.,https://raw.githubusercontent.com/MariaaPinzon/ImagesEvaluatingMLLM/refs/heads/main/GPT/IdiomsSingleImage/singleImage_siringuero.png
SINGLE_3233,sirirí,"Lo que se repite con una insistencia que molesta, fastidia.",https://raw.githubusercontent.com/MariaaPinzon/ImagesEvaluatingMLLM/refs/heads/main/GPT/IdiomsSingleImage/singleImage_sirir%C3%AD.png
SINGLE_3234,sismatiquería,Remilgo o necedad.,https://raw.githubusercontent.com/MariaaPinzon/ImagesEvaluatingMLLM/refs/heads/main/GPT/IdiomsSingleImage/singleImage_sismatiquer%C3%ADa.png
SINGLE_3235,sobada,Masaje que consiste en friccionar o presionar zonas del cuerpo lesionadas o dislocadas.,https://raw.githubusercontent.com/MariaaPinzon/ImagesEvaluatingMLLM/refs/heads/main/GPT/IdiomsSingleImage/singleImage_sobada.png
SINGLE_3236,sobadera,Molestia continua que alguien produce.,https://raw.githubusercontent.com/MariaaPinzon/ImagesEvaluatingMLLM/refs/heads/main/GPT/IdiomsSingleImage/singleImage_sobadera.png
SINGLE_3237,sobado,"Referido a una situacion, dificil.",https://raw.githubusercontent.com/MariaaPinzon/ImagesEvaluatingMLLM/refs/heads/main/GPT/IdiomsSingleImage/singleImage_sobado.png
SINGLE_3238,sobandero,"Persona que trata, de forma empírica, lesiones musculares o dislocaciones del cuerpo con masajes.",https://raw.githubusercontent.com/MariaaPinzon/ImagesEvaluatingMLLM/refs/heads/main/GPT/IdiomsSingleImage/singleImage_sobandero.png
SINGLE_3239,sobar,Causar molestia o fastidio.,https://raw.githubusercontent.com/MariaaPinzon/ImagesEvaluatingMLLM/refs/heads/main/GPT/IdiomsSingleImage/singleImage_sobar.png
SINGLE_3240,sobernal,"sobornal, lo que se añade a una carga regular",https://raw.githubusercontent.com/MariaaPinzon/ImagesEvaluatingMLLM/refs/heads/main/GPT/IdiomsSingleImage/singleImage_sobernal.png
SINGLE_3241,sobijo,"- masaje que se da sobre una parte del cuerpo
- Masaje que se da al cuerpo o a una parte del cuerpo usando un líquido a un ungüento medicinal.",https://raw.githubusercontent.com/MariaaPinzon/ImagesEvaluatingMLLM/refs/heads/main/GPT/IdiomsSingleImage/singleImage_sobijo.png
SINGLE_3242,sobradez,Actitud de arrogancia.,https://raw.githubusercontent.com/MariaaPinzon/ImagesEvaluatingMLLM/refs/heads/main/GPT/IdiomsSingleImage/singleImage_sobradez.png
SINGLE_3243,sobrebarriga,Carne de la zona abdominal de la res o del cerdo.,https://raw.githubusercontent.com/MariaaPinzon/ImagesEvaluatingMLLM/refs/heads/main/GPT/IdiomsSingleImage/singleImage_sobrebarriga.png
SINGLE_3244,sobrecupo,Exceso de personas en un espacio.,https://raw.githubusercontent.com/MariaaPinzon/ImagesEvaluatingMLLM/refs/heads/main/GPT/IdiomsSingleImage/singleImage_sobrecupo.png
SINGLE_3245,sobrepoblado,"Referido a un lugar, poblado en abundancia.",https://raw.githubusercontent.com/MariaaPinzon/ImagesEvaluatingMLLM/refs/heads/main/GPT/IdiomsSingleImage/singleImage_sobrepoblado.png
SINGLE_3246,sobresábana,"- Ropa de cama que se coloca entre la sábana y las cobijas.
- parte del juego de cama que va sobre la sábana",https://raw.githubusercontent.com/MariaaPinzon/ImagesEvaluatingMLLM/refs/heads/main/GPT/IdiomsSingleImage/singleImage_sobres%C3%A1bana.png
SINGLE_3247,sobretodo,Especie de abrigo que va hasta más abajo de las rodillas.,https://raw.githubusercontent.com/MariaaPinzon/ImagesEvaluatingMLLM/refs/heads/main/GPT/IdiomsSingleImage/singleImage_sobretodo.png
SINGLE_3248,soco,"- Referido a una persona, escasa de entendimiento.
- Machete corto, viejo y desgastado.
- Escoba vieja y degastada por el uso.",https://raw.githubusercontent.com/MariaaPinzon/ImagesEvaluatingMLLM/refs/heads/main/GPT/IdiomsSingleImage/singleImage_soco.png
SINGLE_3249,socolar,"Cortar la vegetación de un terreno para despejarlo, especialmente para un cultivo.",https://raw.githubusercontent.com/MariaaPinzon/ImagesEvaluatingMLLM/refs/heads/main/GPT/IdiomsSingleImage/singleImage_socolar.png
SINGLE_3250,soga,Casarse.,https://raw.githubusercontent.com/MariaaPinzon/ImagesEvaluatingMLLM/refs/heads/main/GPT/IdiomsSingleImage/singleImage_soga.png
SINGLE_3251,sollarse,Apreciar y sacarle el mejor provecho a algo.,https://raw.githubusercontent.com/MariaaPinzon/ImagesEvaluatingMLLM/refs/heads/main/GPT/IdiomsSingleImage/singleImage_sollarse.png
SINGLE_3252,solomito,"En una res que se separa en piezas para el consumo, capa muscular que se extiende por entre las costillas y el lomo.",https://raw.githubusercontent.com/MariaaPinzon/ImagesEvaluatingMLLM/refs/heads/main/GPT/IdiomsSingleImage/singleImage_solomito.png
SINGLE_3253,sopetear,Llevar a la boca alimento en pequeñas porciones.,https://raw.githubusercontent.com/MariaaPinzon/ImagesEvaluatingMLLM/refs/heads/main/GPT/IdiomsSingleImage/singleImage_sopetear.png
SINGLE_3254,sopladera,"Utensilio hecho con una pequeña estera de fibras vegetales de diversas formas, liviano y flexible, con mango o sin él y que se usa para avivar el fuego especialmente en el fogón de una estufa.",https://raw.githubusercontent.com/MariaaPinzon/ImagesEvaluatingMLLM/refs/heads/main/GPT/IdiomsSingleImage/singleImage_sopladera.png
SINGLE_3255,soplar,tener energías para realizar algo,https://raw.githubusercontent.com/MariaaPinzon/ImagesEvaluatingMLLM/refs/heads/main/GPT/IdiomsSingleImage/singleImage_soplar.png
SINGLE_3256,soplete,papeleta escrita para ayudarse subrepticiamente en un examen,https://raw.githubusercontent.com/MariaaPinzon/ImagesEvaluatingMLLM/refs/heads/main/GPT/IdiomsSingleImage/singleImage_soplete.png
SINGLE_3257,soponcio,Desmayo o malestar pasajero causado por un susto o un evento angustioso.,https://raw.githubusercontent.com/MariaaPinzon/ImagesEvaluatingMLLM/refs/heads/main/GPT/IdiomsSingleImage/singleImage_soponcio.png
SINGLE_3258,sorguicultor,Persona que cultiva sorgo o comercia con él.,https://raw.githubusercontent.com/MariaaPinzon/ImagesEvaluatingMLLM/refs/heads/main/GPT/IdiomsSingleImage/singleImage_sorguicultor.png
SINGLE_3259,sorlevar,"Ponerse de mal genio, enfurecerse.",https://raw.githubusercontent.com/MariaaPinzon/ImagesEvaluatingMLLM/refs/heads/main/GPT/IdiomsSingleImage/singleImage_sorlevar.png
SINGLE_3260,sornero,"Referido a una cosa o situación, estupenda o muy buena.",https://raw.githubusercontent.com/MariaaPinzon/ImagesEvaluatingMLLM/refs/heads/main/GPT/IdiomsSingleImage/singleImage_sornero.png
SINGLE_3261,soroche,Malestar que se siente a grandes alturas por falta de oxígeno.,https://raw.githubusercontent.com/MariaaPinzon/ImagesEvaluatingMLLM/refs/heads/main/GPT/IdiomsSingleImage/singleImage_soroche.png
SINGLE_3262,soroco,"Referido a una persona, tonta, torpe.",https://raw.githubusercontent.com/MariaaPinzon/ImagesEvaluatingMLLM/refs/heads/main/GPT/IdiomsSingleImage/singleImage_soroco.png
SINGLE_3263,sorombático,"Referido a una persona, aturdida por causa de una impresión fuerte.",https://raw.githubusercontent.com/MariaaPinzon/ImagesEvaluatingMLLM/refs/heads/main/GPT/IdiomsSingleImage/singleImage_soromb%C3%A1tico.png
SINGLE_3264,sorrostricar,"molestar, incomodar",https://raw.githubusercontent.com/MariaaPinzon/ImagesEvaluatingMLLM/refs/heads/main/GPT/IdiomsSingleImage/singleImage_sorrostricar.png
SINGLE_3265,soye,Diversión intensa y extraña.,https://raw.githubusercontent.com/MariaaPinzon/ImagesEvaluatingMLLM/refs/heads/main/GPT/IdiomsSingleImage/singleImage_soye.png
SINGLE_3266,stop,"Juego que consiste en escribir, en un tiempo limitado, palabras que empiezan con la misma letra, a partir de unas categoría convenidas previamente.",https://raw.githubusercontent.com/MariaaPinzon/ImagesEvaluatingMLLM/refs/heads/main/GPT/IdiomsSingleImage/singleImage_stop.png
SINGLE_3267,strapless,"Referido a una prenda de vestir femenina, que deja los brazos y los hombros al descubierto y se ciñe al cuerpo cubriendo desde el busto hasta la cintura.",https://raw.githubusercontent.com/MariaaPinzon/ImagesEvaluatingMLLM/refs/heads/main/GPT/IdiomsSingleImage/singleImage_strapless.png
SINGLE_3268,sube y baja,"Juego de parques infantiles que consiste en una barra sujeta al suelo por un eje central, que permite subir y bajar alternativamente a quienes se sitúan en cada extremo para balancearse.",https://raw.githubusercontent.com/MariaaPinzon/ImagesEvaluatingMLLM/refs/heads/main/GPT/IdiomsSingleImage/singleImage_sube_y_baja.png
SINGLE_3269,subienda,Época del año en la que algunos peces suben río arriba para desovar ocasionando un aumento en la demanda del pescado.,https://raw.githubusercontent.com/MariaaPinzon/ImagesEvaluatingMLLM/refs/heads/main/GPT/IdiomsSingleImage/singleImage_subienda.png
SINGLE_3270,sucumba,agua de panela,https://raw.githubusercontent.com/MariaaPinzon/ImagesEvaluatingMLLM/refs/heads/main/GPT/IdiomsSingleImage/singleImage_sucumba.png
SINGLE_3271,sucursal,"- amante de un hombre casado
- Mujer que es amante de un hombre casado.",https://raw.githubusercontent.com/MariaaPinzon/ImagesEvaluatingMLLM/refs/heads/main/GPT/IdiomsSingleImage/singleImage_sucursal.png
SINGLE_3272,sudado,"Plato que se prepara cocinando en agua carne de res o cerdo, papas, plátano y algunos aliños.",https://raw.githubusercontent.com/MariaaPinzon/ImagesEvaluatingMLLM/refs/heads/main/GPT/IdiomsSingleImage/singleImage_sudado.png
SINGLE_3273,sueñera,"Somnolencia, pesadez.",https://raw.githubusercontent.com/MariaaPinzon/ImagesEvaluatingMLLM/refs/heads/main/GPT/IdiomsSingleImage/singleImage_sue%C3%B1era.png
SINGLE_3274,sufridera,Sufrimiento frecuente.,https://raw.githubusercontent.com/MariaaPinzon/ImagesEvaluatingMLLM/refs/heads/main/GPT/IdiomsSingleImage/singleImage_sufridera.png
SINGLE_3275,sufrido,"Referido a algo, que cuesta mucho esfuerzo obtenerlo.",https://raw.githubusercontent.com/MariaaPinzon/ImagesEvaluatingMLLM/refs/heads/main/GPT/IdiomsSingleImage/singleImage_sufrido.png
SINGLE_3276,suiche,Subteniente o un recluta que se acaba de incorporar al ejército.,https://raw.githubusercontent.com/MariaaPinzon/ImagesEvaluatingMLLM/refs/heads/main/GPT/IdiomsSingleImage/singleImage_suiche.png
SINGLE_3277,sumercé,"Forma de tratamiento, segunda persona del singular, que expresa respeto y afecto.",https://raw.githubusercontent.com/MariaaPinzon/ImagesEvaluatingMLLM/refs/heads/main/GPT/IdiomsSingleImage/singleImage_sumerc%C3%A9.png
SINGLE_3278,sumir,Hundir una superficie al golpearla o apretarla.,https://raw.githubusercontent.com/MariaaPinzon/ImagesEvaluatingMLLM/refs/heads/main/GPT/IdiomsSingleImage/singleImage_sumir.png
SINGLE_3279,sungo,Vísceras de un animal.,https://raw.githubusercontent.com/MariaaPinzon/ImagesEvaluatingMLLM/refs/heads/main/GPT/IdiomsSingleImage/singleImage_sungo.png
SINGLE_3280,"sungo, ga","- Referido a una persona, lampiño.
- Referido a una persona, con piel brillante y cabello muy rizado por su larga exposición al ambiente.",https://raw.githubusercontent.com/MariaaPinzon/ImagesEvaluatingMLLM/refs/heads/main/GPT/IdiomsSingleImage/singleImage_sungo__ga.png
SINGLE_3281,suplirse,"recibir algún provecho o beneficio. promesas y más promesas/que nunca las has cumplido,/si me quisieras de veras/di algo me hubiera suplido",https://raw.githubusercontent.com/MariaaPinzon/ImagesEvaluatingMLLM/refs/heads/main/GPT/IdiomsSingleImage/singleImage_suplirse.png
SINGLE_3282,surco,tierra que levanta el arado entre una y otra hendedura,https://raw.githubusercontent.com/MariaaPinzon/ImagesEvaluatingMLLM/refs/heads/main/GPT/IdiomsSingleImage/singleImage_surco.png
SINGLE_3283,surquear,"- entre aparceros, sacar los frutos de los surcos
- hacer surcos en la tierra al ararla",https://raw.githubusercontent.com/MariaaPinzon/ImagesEvaluatingMLLM/refs/heads/main/GPT/IdiomsSingleImage/singleImage_surquear.png
SINGLE_3284,surrungiar,Tocar un instrumento como un aficionado.,https://raw.githubusercontent.com/MariaaPinzon/ImagesEvaluatingMLLM/refs/heads/main/GPT/IdiomsSingleImage/singleImage_surrungiar.png
SINGLE_3285,surullo,"Rollo que se forma con un papel, tela, etc.",https://raw.githubusercontent.com/MariaaPinzon/ImagesEvaluatingMLLM/refs/heads/main/GPT/IdiomsSingleImage/singleImage_surullo.png
SINGLE_3286,surumba,Agua de panela con limón.,https://raw.githubusercontent.com/MariaaPinzon/ImagesEvaluatingMLLM/refs/heads/main/GPT/IdiomsSingleImage/singleImage_surumba.png
SINGLE_3287,suspenso,"- Género literario o cinematográfico que se caracteriza por mantener a lo largo de la obra la expectativa o la tensión.
- Emoción o misterio causado por el desconocimiento en el desarrollo de una acción.",https://raw.githubusercontent.com/MariaaPinzon/ImagesEvaluatingMLLM/refs/heads/main/GPT/IdiomsSingleImage/singleImage_suspenso.png
SINGLE_3288,susunga,utensilio que se emplea para sacar el agua o la cachaza en los trapiches,https://raw.githubusercontent.com/MariaaPinzon/ImagesEvaluatingMLLM/refs/heads/main/GPT/IdiomsSingleImage/singleImage_susunga.png
SINGLE_3289,sute,Niño flaco y desnutrido.,https://raw.githubusercontent.com/MariaaPinzon/ImagesEvaluatingMLLM/refs/heads/main/GPT/IdiomsSingleImage/singleImage_sute.png
SINGLE_3290,sánduche,"Comida consistente en dos rebanadas de pan, rellenas con algún alimento.",https://raw.githubusercontent.com/MariaaPinzon/ImagesEvaluatingMLLM/refs/heads/main/GPT/IdiomsSingleImage/singleImage_s%C3%A1nduche.png
SINGLE_3291,súpito,"Referido a una persona, perpleja o atónita por una sorpresa.",https://raw.githubusercontent.com/MariaaPinzon/ImagesEvaluatingMLLM/refs/heads/main/GPT/IdiomsSingleImage/singleImage_s%C3%BApito.png
SINGLE_3292,tabaquero,"Referido a una persona, que practica la brujería por medio de la lectura del tabaco para efectos de adivinación y atracción de la persona amada.",https://raw.githubusercontent.com/MariaaPinzon/ImagesEvaluatingMLLM/refs/heads/main/GPT/IdiomsSingleImage/singleImage_tabaquero.png
SINGLE_3293,tableado,"abundante, por ejemplo, comida",https://raw.githubusercontent.com/MariaaPinzon/ImagesEvaluatingMLLM/refs/heads/main/GPT/IdiomsSingleImage/singleImage_tableado.png
SINGLE_3294,tablúo,"Referido a una persona o a una cosa, de gran tamaño, enorme.",https://raw.githubusercontent.com/MariaaPinzon/ImagesEvaluatingMLLM/refs/heads/main/GPT/IdiomsSingleImage/singleImage_tabl%C3%BAo.png
SINGLE_3295,tacacho,"Fritura hecha con masa de plátano verde, rellena de chicharrón y aliños.",https://raw.githubusercontent.com/MariaaPinzon/ImagesEvaluatingMLLM/refs/heads/main/GPT/IdiomsSingleImage/singleImage_tacacho.png
SINGLE_3296,tacada,Gran cantidad.,https://raw.githubusercontent.com/MariaaPinzon/ImagesEvaluatingMLLM/refs/heads/main/GPT/IdiomsSingleImage/singleImage_tacada.png
SINGLE_3297,tacar,"En billar, golpear la bola con el taco.",https://raw.githubusercontent.com/MariaaPinzon/ImagesEvaluatingMLLM/refs/heads/main/GPT/IdiomsSingleImage/singleImage_tacar.png
SINGLE_3298,tacón,El que es largo y tiene forma de puntilla.,https://raw.githubusercontent.com/MariaaPinzon/ImagesEvaluatingMLLM/refs/heads/main/GPT/IdiomsSingleImage/singleImage_tac%C3%B3n.png
SINGLE_3299,taita,"- Papá.
- Respecto de un hijo, padres.",https://raw.githubusercontent.com/MariaaPinzon/ImagesEvaluatingMLLM/refs/heads/main/GPT/IdiomsSingleImage/singleImage_taita.png
SINGLE_3300,tal,"Expresa asombro ante la posibilidad, planteada por otro, de que ocurra algo adverso o desagradable.",https://raw.githubusercontent.com/MariaaPinzon/ImagesEvaluatingMLLM/refs/heads/main/GPT/IdiomsSingleImage/singleImage_tal.png
SINGLE_3301,talambuque,"En alfarería, vasija plástica empleada en para almacenar o transportar agua u objetos utilizados en el manejo del barro.",https://raw.githubusercontent.com/MariaaPinzon/ImagesEvaluatingMLLM/refs/heads/main/GPT/IdiomsSingleImage/singleImage_talambuque.png
SINGLE_3302,talanquera,"- Mecanismo con una vara metálica o de otro material, que se eleva o desciende sobre una vía o en la entrada de una edificación para controlar el paso de los vehículos.
- Obstáculo, dificultad.",https://raw.githubusercontent.com/MariaaPinzon/ImagesEvaluatingMLLM/refs/heads/main/GPT/IdiomsSingleImage/singleImage_talanquera.png
SINGLE_3303,talego,Bolsa de plástico u otro material que se usa para llevar o guardar cosas.,https://raw.githubusercontent.com/MariaaPinzon/ImagesEvaluatingMLLM/refs/heads/main/GPT/IdiomsSingleImage/singleImage_talego.png
SINGLE_3304,tallar,"Apretar una prenda de vestir, generalmente el zapato.",https://raw.githubusercontent.com/MariaaPinzon/ImagesEvaluatingMLLM/refs/heads/main/GPT/IdiomsSingleImage/singleImage_tallar.png
SINGLE_3305,tallerista,Persona que se encarga de dirigir actividades prácticas de aprendizaje.,https://raw.githubusercontent.com/MariaaPinzon/ImagesEvaluatingMLLM/refs/heads/main/GPT/IdiomsSingleImage/singleImage_tallerista.png
SINGLE_3306,tambo,"Hospedaje modesto, ubicado lejos de un pueblo para que los viajeros pudiesen pernoctar y preparar sus alimentos.",https://raw.githubusercontent.com/MariaaPinzon/ImagesEvaluatingMLLM/refs/heads/main/GPT/IdiomsSingleImage/singleImage_tambo.png
SINGLE_3307,tambora,Aro de madera con el cual se tensa tela para bordarla.,https://raw.githubusercontent.com/MariaaPinzon/ImagesEvaluatingMLLM/refs/heads/main/GPT/IdiomsSingleImage/singleImage_tambora.png
SINGLE_3308,tampoco,se emplea a veces para caracterizar algo como exagerado,https://raw.githubusercontent.com/MariaaPinzon/ImagesEvaluatingMLLM/refs/heads/main/GPT/IdiomsSingleImage/singleImage_tampoco.png
SINGLE_3309,tanda,"En una reunión, turno de bebida que costea uno de los participantes.",https://raw.githubusercontent.com/MariaaPinzon/ImagesEvaluatingMLLM/refs/heads/main/GPT/IdiomsSingleImage/singleImage_tanda.png
SINGLE_3310,tanganazo,Golpe muy fuerte que sufre una persona al caerse o chocarse contra algo.,https://raw.githubusercontent.com/MariaaPinzon/ImagesEvaluatingMLLM/refs/heads/main/GPT/IdiomsSingleImage/singleImage_tanganazo.png
SINGLE_3311,tanganearse,contonearse,https://raw.githubusercontent.com/MariaaPinzon/ImagesEvaluatingMLLM/refs/heads/main/GPT/IdiomsSingleImage/singleImage_tanganearse.png
SINGLE_3312,tanto,"- No tanto como se supondría.
- ¿cuánto?",https://raw.githubusercontent.com/MariaaPinzon/ImagesEvaluatingMLLM/refs/heads/main/GPT/IdiomsSingleImage/singleImage_tanto.png
SINGLE_3313,tapa,"En un zapato, capa de suela que se pone en la parte inferior del tacón.",https://raw.githubusercontent.com/MariaaPinzon/ImagesEvaluatingMLLM/refs/heads/main/GPT/IdiomsSingleImage/singleImage_tapa.png
SINGLE_3314,"tapado, da","Referido a una persona, de poca inteligencia.",https://raw.githubusercontent.com/MariaaPinzon/ImagesEvaluatingMLLM/refs/heads/main/GPT/IdiomsSingleImage/singleImage_tapado__da.png
SINGLE_3315,tapetusa,"- aguardiente de contrabando y de muy mala calidad
- Aguardiente de fabricación casera, de mala calidad.",https://raw.githubusercontent.com/MariaaPinzon/ImagesEvaluatingMLLM/refs/heads/main/GPT/IdiomsSingleImage/singleImage_tapetusa.png
SINGLE_3316,tapiado,"- Referido a una prenda de vestir, que tiene una abertura.
- Referido a un objeto, que tiene una hendidura o grieta en la superficie.",https://raw.githubusercontent.com/MariaaPinzon/ImagesEvaluatingMLLM/refs/heads/main/GPT/IdiomsSingleImage/singleImage_tapiado.png
SINGLE_3317,tapiar,Lesionarse la cabeza por una caída.,https://raw.githubusercontent.com/MariaaPinzon/ImagesEvaluatingMLLM/refs/heads/main/GPT/IdiomsSingleImage/singleImage_tapiar.png
SINGLE_3318,taponamiento,"Congestión vehicular que se produce por un cierre vial ocasionado por obras, manifestaciones o fenómenos naturales.",https://raw.githubusercontent.com/MariaaPinzon/ImagesEvaluatingMLLM/refs/heads/main/GPT/IdiomsSingleImage/singleImage_taponamiento.png
SINGLE_3319,taponazo,"En el fútbol y deportes similares, tiro potente.",https://raw.githubusercontent.com/MariaaPinzon/ImagesEvaluatingMLLM/refs/heads/main/GPT/IdiomsSingleImage/singleImage_taponazo.png
SINGLE_3320,taqueada,reprimenda fuerte,https://raw.githubusercontent.com/MariaaPinzon/ImagesEvaluatingMLLM/refs/heads/main/GPT/IdiomsSingleImage/singleImage_taqueada.png
SINGLE_3321,taqueado,"Referido a una persona o algo, que está lleno en exceso, atiborrado.",https://raw.githubusercontent.com/MariaaPinzon/ImagesEvaluatingMLLM/refs/heads/main/GPT/IdiomsSingleImage/singleImage_taqueado.png
SINGLE_3322,taquear,"- Reprender, regañar severamente a alguien.
- Obstruir algo un conducto.
- Llenar, atiborrar un recipiente o un espacio.",https://raw.githubusercontent.com/MariaaPinzon/ImagesEvaluatingMLLM/refs/heads/main/GPT/IdiomsSingleImage/singleImage_taquear.png
SINGLE_3323,taquiara,faja que usan a veces los indígenas en la cabeza como adorno,https://raw.githubusercontent.com/MariaaPinzon/ImagesEvaluatingMLLM/refs/heads/main/GPT/IdiomsSingleImage/singleImage_taquiara.png
SINGLE_3324,taranta,"Convulsión, desvanecimiento.",https://raw.githubusercontent.com/MariaaPinzon/ImagesEvaluatingMLLM/refs/heads/main/GPT/IdiomsSingleImage/singleImage_taranta.png
SINGLE_3325,tarascazo,"Mordisco grande, dado con la mayor amplitud e intensidad posibles.",https://raw.githubusercontent.com/MariaaPinzon/ImagesEvaluatingMLLM/refs/heads/main/GPT/IdiomsSingleImage/singleImage_tarascazo.png
SINGLE_3326,tardear,Salir por la tarde con los amigos sin un propósito en particular.,https://raw.githubusercontent.com/MariaaPinzon/ImagesEvaluatingMLLM/refs/heads/main/GPT/IdiomsSingleImage/singleImage_tardear.png
SINGLE_3327,tarjeta,"- La que lleva el nombre y los datos de una persona o empresa, señalando la profesión o el servicio que se presta.
- En una oficina o empresa, registrar cada empleado su hora de llegada y de salida mediante algún tipo de dispositivo que registra el tiempo.",https://raw.githubusercontent.com/MariaaPinzon/ImagesEvaluatingMLLM/refs/heads/main/GPT/IdiomsSingleImage/singleImage_tarjeta.png
SINGLE_3328,tarjetera,"Cartera de bolsillo para guardar tarjetas y otros documentos, especialmente de identidad y bancarios.",https://raw.githubusercontent.com/MariaaPinzon/ImagesEvaluatingMLLM/refs/heads/main/GPT/IdiomsSingleImage/singleImage_tarjetera.png
SINGLE_3329,tarra,Cabeza de una persona.,https://raw.githubusercontent.com/MariaaPinzon/ImagesEvaluatingMLLM/refs/heads/main/GPT/IdiomsSingleImage/singleImage_tarra.png
SINGLE_3330,tarrado,"- Persona que es muy atractiva, especialmente una mujer.
- Cantidad excepcionalmente grande de algo.",https://raw.githubusercontent.com/MariaaPinzon/ImagesEvaluatingMLLM/refs/heads/main/GPT/IdiomsSingleImage/singleImage_tarrado.png
SINGLE_3331,tarrear,acariciar las piernas o las nalgas,https://raw.githubusercontent.com/MariaaPinzon/ImagesEvaluatingMLLM/refs/heads/main/GPT/IdiomsSingleImage/singleImage_tarrear.png
SINGLE_3332,tarro,"- envase de metal, plástico o madera para algunos líquidos y comestibles
- Recipiente de metal, vidrio, plástico u otros materiales, en el que se guarda algo o se envasan líquidos.",https://raw.githubusercontent.com/MariaaPinzon/ImagesEvaluatingMLLM/refs/heads/main/GPT/IdiomsSingleImage/singleImage_tarro.png
SINGLE_3333,tartajo,Tartamudo.,https://raw.githubusercontent.com/MariaaPinzon/ImagesEvaluatingMLLM/refs/heads/main/GPT/IdiomsSingleImage/singleImage_tartajo.png
SINGLE_3334,tastasearse,chocar dos bolas de billar,https://raw.githubusercontent.com/MariaaPinzon/ImagesEvaluatingMLLM/refs/heads/main/GPT/IdiomsSingleImage/singleImage_tastasearse.png
SINGLE_3335,tatareto,Tartamudo.,https://raw.githubusercontent.com/MariaaPinzon/ImagesEvaluatingMLLM/refs/heads/main/GPT/IdiomsSingleImage/singleImage_tatareto.png
SINGLE_3336,tatequieto,"Acto que detiene, limita o controla a alguien o algo.",https://raw.githubusercontent.com/MariaaPinzon/ImagesEvaluatingMLLM/refs/heads/main/GPT/IdiomsSingleImage/singleImage_tatequieto.png
SINGLE_3337,tazo,"Lámina circular de metal, plástico o cartón con una imagen en el centro, generalmente de algún personaje de las tiras cómicas o serie de televisión de moda.",https://raw.githubusercontent.com/MariaaPinzon/ImagesEvaluatingMLLM/refs/heads/main/GPT/IdiomsSingleImage/singleImage_tazo.png
SINGLE_3338,tegua,"- Persona que sin ser profesional de las ciencias médicas, practica procedimientos curativos, aprendidos de manera empírica.
- Persona que no tiene los conocimientos necesarios para realizar bien un trabajo.",https://raw.githubusercontent.com/MariaaPinzon/ImagesEvaluatingMLLM/refs/heads/main/GPT/IdiomsSingleImage/singleImage_tegua.png
SINGLE_3339,teja,"Enloquecerse, perder el juicio.",https://raw.githubusercontent.com/MariaaPinzon/ImagesEvaluatingMLLM/refs/heads/main/GPT/IdiomsSingleImage/singleImage_teja.png
SINGLE_3340,tejo,"- Deporte colombiano, de origen indígena, que se juega lanzando un disco metálico con el fin de introducirlo en un bocín o golpearlo para hacer explotar las mechas que se ponen sobre él
- Disco metálico, de diferentes pesos y tamaños pero siempre posible de tomar completo con una mano, con el que se juega el deporte del tejo.",https://raw.githubusercontent.com/MariaaPinzon/ImagesEvaluatingMLLM/refs/heads/main/GPT/IdiomsSingleImage/singleImage_tejo.png
SINGLE_3341,teléfono roto,"Juego en el que un mensaje trasmitido por el participante inicial al que está a su lado, debe llegar al participante final a través de los turnos sucesivos de una fila, para que el último lo diga en voz alta y compararlo con el original.",https://raw.githubusercontent.com/MariaaPinzon/ImagesEvaluatingMLLM/refs/heads/main/GPT/IdiomsSingleImage/singleImage_tel%C3%A9fono_roto.png
SINGLE_3342,tembladera,Temblor continuo del cuerpo o de alguna de sus partes.,https://raw.githubusercontent.com/MariaaPinzon/ImagesEvaluatingMLLM/refs/heads/main/GPT/IdiomsSingleImage/singleImage_tembladera.png
SINGLE_3343,tembo,"- aturdido, bobo, tonto
- Tonto, que actúa con poca inteligencia o poco entendimiento.",https://raw.githubusercontent.com/MariaaPinzon/ImagesEvaluatingMLLM/refs/heads/main/GPT/IdiomsSingleImage/singleImage_tembo.png
SINGLE_3344,temperar,"Cambiar temporalmente de clima hacia uno más favorable, en vacaciones o por salud.",https://raw.githubusercontent.com/MariaaPinzon/ImagesEvaluatingMLLM/refs/heads/main/GPT/IdiomsSingleImage/singleImage_temperar.png
SINGLE_3345,templado,"Referido a una persona, que es de carácter fuerte, recio.",https://raw.githubusercontent.com/MariaaPinzon/ImagesEvaluatingMLLM/refs/heads/main/GPT/IdiomsSingleImage/singleImage_templado.png
SINGLE_3346,templarse,Morirse.,https://raw.githubusercontent.com/MariaaPinzon/ImagesEvaluatingMLLM/refs/heads/main/GPT/IdiomsSingleImage/singleImage_templarse.png
SINGLE_3347,temple,"Referido a una persona, que está ligeramente embriagada y animada.",https://raw.githubusercontent.com/MariaaPinzon/ImagesEvaluatingMLLM/refs/heads/main/GPT/IdiomsSingleImage/singleImage_temple.png
SINGLE_3348,tendido,"Conjunto de prendas para cubrir y disponer una cama, especialmente el juego de sabanas, sobresábanas y fundas de las almohadas.",https://raw.githubusercontent.com/MariaaPinzon/ImagesEvaluatingMLLM/refs/heads/main/GPT/IdiomsSingleImage/singleImage_tendido.png
SINGLE_3349,tener espuela,"tener mucha experiencia, conocimiento o habilidad en alguna materia",https://raw.githubusercontent.com/MariaaPinzon/ImagesEvaluatingMLLM/refs/heads/main/GPT/IdiomsSingleImage/singleImage_tener_espuela.png
SINGLE_3350,tener fucú,"estar de malas, ser infortunado",https://raw.githubusercontent.com/MariaaPinzon/ImagesEvaluatingMLLM/refs/heads/main/GPT/IdiomsSingleImage/singleImage_tener_fuc%C3%BA.png
SINGLE_3351,tener huevo,expresión para calificar a alguien como descarado o mentiroso,https://raw.githubusercontent.com/MariaaPinzon/ImagesEvaluatingMLLM/refs/heads/main/GPT/IdiomsSingleImage/singleImage_tener_huevo.png
SINGLE_3352,tener o ser buena muñeca,ser bueno para liarse a puños,https://raw.githubusercontent.com/MariaaPinzon/ImagesEvaluatingMLLM/refs/heads/main/GPT/IdiomsSingleImage/singleImage_tener_o_ser_buena_mu%C3%B1eca.png
SINGLE_3353,tener palito,"poseer gracia, simpatía y habilidad para realizar una cosa",https://raw.githubusercontent.com/MariaaPinzon/ImagesEvaluatingMLLM/refs/heads/main/GPT/IdiomsSingleImage/singleImage_tener_palito.png
SINGLE_3354,tener pepa,ser inteligente,https://raw.githubusercontent.com/MariaaPinzon/ImagesEvaluatingMLLM/refs/heads/main/GPT/IdiomsSingleImage/singleImage_tener_pepa.png
SINGLE_3355,tener res amarrada,tener un compromiso amoroso oculto,https://raw.githubusercontent.com/MariaaPinzon/ImagesEvaluatingMLLM/refs/heads/main/GPT/IdiomsSingleImage/singleImage_tener_res_amarrada.png
SINGLE_3356,tener valor,Ser cínico y descarado.,https://raw.githubusercontent.com/MariaaPinzon/ImagesEvaluatingMLLM/refs/heads/main/GPT/IdiomsSingleImage/singleImage_tener_valor.png
SINGLE_3357,tenerle azar,a algo o a alguien . tenerle uno desconfianza mezclada con temor a algo o alguien,https://raw.githubusercontent.com/MariaaPinzon/ImagesEvaluatingMLLM/refs/heads/main/GPT/IdiomsSingleImage/singleImage_tenerle_azar.png
SINGLE_3358,tenido,"Referido a una persona, tacaña.",https://raw.githubusercontent.com/MariaaPinzon/ImagesEvaluatingMLLM/refs/heads/main/GPT/IdiomsSingleImage/singleImage_tenido.png
SINGLE_3359,tenimesista,Que juega tenis de mesa.,https://raw.githubusercontent.com/MariaaPinzon/ImagesEvaluatingMLLM/refs/heads/main/GPT/IdiomsSingleImage/singleImage_tenimesista.png
SINGLE_3360,tentar,Introducir un dedo en la cloaca a una gallina para saber si va a poner.,https://raw.githubusercontent.com/MariaaPinzon/ImagesEvaluatingMLLM/refs/heads/main/GPT/IdiomsSingleImage/singleImage_tentar.png
SINGLE_3361,ternera,Carne de ternera que se corta en trozos y se inserta en una varilla para que se ase al aire libre.,https://raw.githubusercontent.com/MariaaPinzon/ImagesEvaluatingMLLM/refs/heads/main/GPT/IdiomsSingleImage/singleImage_ternera.png
SINGLE_3362,ternera a la llanera,la que se corta en trozos y se asa en una varilla al aire libre,https://raw.githubusercontent.com/MariaaPinzon/ImagesEvaluatingMLLM/refs/heads/main/GPT/IdiomsSingleImage/singleImage_ternera_a_la_llanera.png
SINGLE_3363,terronera,"Miedo, susto.",https://raw.githubusercontent.com/MariaaPinzon/ImagesEvaluatingMLLM/refs/heads/main/GPT/IdiomsSingleImage/singleImage_terronera.png
SINGLE_3364,teso,"- Referido a una persona, que es muy hábil o notable en un oficio o labor.
- Referido a una situación o a una tarea, que es difícil de sobrellevar o resolver.",https://raw.githubusercontent.com/MariaaPinzon/ImagesEvaluatingMLLM/refs/heads/main/GPT/IdiomsSingleImage/singleImage_teso.png
SINGLE_3365,tetear,Mantener a alguien en estado de alerta e incumplirle la promesa.,https://raw.githubusercontent.com/MariaaPinzon/ImagesEvaluatingMLLM/refs/heads/main/GPT/IdiomsSingleImage/singleImage_tetear.png
SINGLE_3366,tetero,"- Bebida de agua de panela con leche que se toma caliente.
- Botella pequeña con un chupo que sirve para alimentar de manera artificial a los bebés o la las cría de algunos mamíferos.",https://raw.githubusercontent.com/MariaaPinzon/ImagesEvaluatingMLLM/refs/heads/main/GPT/IdiomsSingleImage/singleImage_tetero.png
SINGLE_3367,tetiado,"Referido a alguien o a algo, que está lleno en exceso, atiborrado.",https://raw.githubusercontent.com/MariaaPinzon/ImagesEvaluatingMLLM/refs/heads/main/GPT/IdiomsSingleImage/singleImage_tetiado.png
SINGLE_3368,thinner,Disolvente de pinturas y otras sustancias insolubles en el agua.,https://raw.githubusercontent.com/MariaaPinzon/ImagesEvaluatingMLLM/refs/heads/main/GPT/IdiomsSingleImage/singleImage_thinner.png
SINGLE_3369,tierrero,"- trifulca, pelea
- Polvo levantado en gran cantidad, por el viento u otra causa.",https://raw.githubusercontent.com/MariaaPinzon/ImagesEvaluatingMLLM/refs/heads/main/GPT/IdiomsSingleImage/singleImage_tierrero.png
SINGLE_3370,tiestazo,Golpe muy fuerte que sufre una persona al caerse o chocarse contra algo.,https://raw.githubusercontent.com/MariaaPinzon/ImagesEvaluatingMLLM/refs/heads/main/GPT/IdiomsSingleImage/singleImage_tiestazo.png
SINGLE_3371,tiesto,"- Automóvil viejo, deteriorado y que funciona mal.
- Vasija o tarro en desuso, de material poco delicado que sirve para sembrar y exhibir plantas ornamentales.
- Utensilio inútil, especialmente del mobiliario de las cocina.",https://raw.githubusercontent.com/MariaaPinzon/ImagesEvaluatingMLLM/refs/heads/main/GPT/IdiomsSingleImage/singleImage_tiesto.png
SINGLE_3372,tigra,"- tigresa
- mujer de muy mal genio
- Cobija de lana, grande y pesada, que se utiliza como sobrecama en algunas zonas de clima frío.",https://raw.githubusercontent.com/MariaaPinzon/ImagesEvaluatingMLLM/refs/heads/main/GPT/IdiomsSingleImage/singleImage_tigra.png
SINGLE_3373,tilinga,Pedazo muy pequeño de algo.,https://raw.githubusercontent.com/MariaaPinzon/ImagesEvaluatingMLLM/refs/heads/main/GPT/IdiomsSingleImage/singleImage_tilinga.png
SINGLE_3374,tilín,Se usa para expresar que alguien o algo genera falsas expectativas.,https://raw.githubusercontent.com/MariaaPinzon/ImagesEvaluatingMLLM/refs/heads/main/GPT/IdiomsSingleImage/singleImage_til%C3%ADn.png
SINGLE_3375,timbico,"Referido a una persona, que tiene el cuerpo y la cara sucios.",https://raw.githubusercontent.com/MariaaPinzon/ImagesEvaluatingMLLM/refs/heads/main/GPT/IdiomsSingleImage/singleImage_timbico.png
SINGLE_3376,timbo,"Recipiente de plástico con boca angosta, usado para almacenar o transportar líquidos.",https://raw.githubusercontent.com/MariaaPinzon/ImagesEvaluatingMLLM/refs/heads/main/GPT/IdiomsSingleImage/singleImage_timbo.png
SINGLE_3377,timón,"Volante de un vehículo, especialmente del automóvil.",https://raw.githubusercontent.com/MariaaPinzon/ImagesEvaluatingMLLM/refs/heads/main/GPT/IdiomsSingleImage/singleImage_tim%C3%B3n.png
SINGLE_3378,tinaco,Recipente para recoger agua.,https://raw.githubusercontent.com/MariaaPinzon/ImagesEvaluatingMLLM/refs/heads/main/GPT/IdiomsSingleImage/singleImage_tinaco.png
SINGLE_3379,tinieblo,Hombre con quien una mujer tiene relaciones furtivas y cuya identidad se desea mantener en el anonimato.,https://raw.githubusercontent.com/MariaaPinzon/ImagesEvaluatingMLLM/refs/heads/main/GPT/IdiomsSingleImage/singleImage_tinieblo.png
SINGLE_3380,tinteadero,Establecimiento donde se vende y consume tinto.,https://raw.githubusercontent.com/MariaaPinzon/ImagesEvaluatingMLLM/refs/heads/main/GPT/IdiomsSingleImage/singleImage_tinteadero.png
SINGLE_3381,tinterillo,"- Abogado mediocre o con poco prestigio.
- Persona que ejerce el derecho sin ser un profesional en jurisprudencia.",https://raw.githubusercontent.com/MariaaPinzon/ImagesEvaluatingMLLM/refs/heads/main/GPT/IdiomsSingleImage/singleImage_tinterillo.png
SINGLE_3382,tintero,"- Referido a una persona, que bebe mucho tinto.
- Persona que tiene por oficio vender tinto o aguas aromáticas en la calle.",https://raw.githubusercontent.com/MariaaPinzon/ImagesEvaluatingMLLM/refs/heads/main/GPT/IdiomsSingleImage/singleImage_tintero.png
SINGLE_3383,tintinear,Lloviznar.,https://raw.githubusercontent.com/MariaaPinzon/ImagesEvaluatingMLLM/refs/heads/main/GPT/IdiomsSingleImage/singleImage_tintinear.png
SINGLE_3384,tintín,"Roedor pequeño, apenas mas grande que un ratón, de orejas redondas, cola corta y pelaje de color café.",https://raw.githubusercontent.com/MariaaPinzon/ImagesEvaluatingMLLM/refs/heads/main/GPT/IdiomsSingleImage/singleImage_tint%C3%ADn.png
SINGLE_3385,tintín corre corre,Juego callejero infantil donde alguien toca la puerta o timbra en una casa y sale a correr para no ser descubierto.,https://raw.githubusercontent.com/MariaaPinzon/ImagesEvaluatingMLLM/refs/heads/main/GPT/IdiomsSingleImage/singleImage_tint%C3%ADn_corre_corre.png
SINGLE_3386,tipazo,"Hombre de carácter bondadoso, servicial.",https://raw.githubusercontent.com/MariaaPinzon/ImagesEvaluatingMLLM/refs/heads/main/GPT/IdiomsSingleImage/singleImage_tipazo.png
SINGLE_3387,tipití,Exprimidor de forma generalmente tubular y tejido de diversas fibras vegetales que sirve para extraer mediante su torción el líquido tóxico de la yuca brava.,https://raw.githubusercontent.com/MariaaPinzon/ImagesEvaluatingMLLM/refs/heads/main/GPT/IdiomsSingleImage/singleImage_tipit%C3%AD.png
SINGLE_3388,tipo,"Seguido de una hora o medida de tiempo, aproximadamente a esa hora o cerca de ese lapso de tiempo.",https://raw.githubusercontent.com/MariaaPinzon/ImagesEvaluatingMLLM/refs/heads/main/GPT/IdiomsSingleImage/singleImage_tipo.png
SINGLE_3389,tira,"- Agente de la policía secreta, especialmente en labores de investigación en el ambito de instituciones educativas.
- Papel donde aparecen registrados los datos de una compra o un pago.",https://raw.githubusercontent.com/MariaaPinzon/ImagesEvaluatingMLLM/refs/heads/main/GPT/IdiomsSingleImage/singleImage_tira.png
SINGLE_3390,tiranta,"- Par de tiras, generalmente elásticas, que sirven para sostener de los hombros el pantalón o alguna otra prenda de vestir.
- En una prenda de vestir, tira que sostiene la prenda al hombro.",https://raw.githubusercontent.com/MariaaPinzon/ImagesEvaluatingMLLM/refs/heads/main/GPT/IdiomsSingleImage/singleImage_tiranta.png
SINGLE_3391,tiritadera,Temblor corporal causado por el frío o por un estado febril.,https://raw.githubusercontent.com/MariaaPinzon/ImagesEvaluatingMLLM/refs/heads/main/GPT/IdiomsSingleImage/singleImage_tiritadera.png
SINGLE_3392,tiritingo,"- Referido a una persona, nerviosa.
- Referido a una persona, temblorosa por un fuerte sentimiento hacia algo o alguien.
- Referido a una persona, enfermiza o débil.",https://raw.githubusercontent.com/MariaaPinzon/ImagesEvaluatingMLLM/refs/heads/main/GPT/IdiomsSingleImage/singleImage_tiritingo.png
SINGLE_3393,tirito,"Mala costumbre, resabio.",https://raw.githubusercontent.com/MariaaPinzon/ImagesEvaluatingMLLM/refs/heads/main/GPT/IdiomsSingleImage/singleImage_tirito.png
SINGLE_3394,tiro por tiro,reiteradamente,https://raw.githubusercontent.com/MariaaPinzon/ImagesEvaluatingMLLM/refs/heads/main/GPT/IdiomsSingleImage/singleImage_tiro_por_tiro.png
SINGLE_3395,tirria,envidia,https://raw.githubusercontent.com/MariaaPinzon/ImagesEvaluatingMLLM/refs/heads/main/GPT/IdiomsSingleImage/singleImage_tirria.png
SINGLE_3396,titino,"Referido a una persona, elegante.",https://raw.githubusercontent.com/MariaaPinzon/ImagesEvaluatingMLLM/refs/heads/main/GPT/IdiomsSingleImage/singleImage_titino.png
SINGLE_3397,tití,Estar muy irritado o furioso.,https://raw.githubusercontent.com/MariaaPinzon/ImagesEvaluatingMLLM/refs/heads/main/GPT/IdiomsSingleImage/singleImage_tit%C3%AD.png
SINGLE_3398,tobo,Balde.,https://raw.githubusercontent.com/MariaaPinzon/ImagesEvaluatingMLLM/refs/heads/main/GPT/IdiomsSingleImage/singleImage_tobo.png
SINGLE_3399,tocacintas,"Aparato electromagnético que graba o reproduce sonidos a través de una cinta imantada, generalmente contenida en un casete.",https://raw.githubusercontent.com/MariaaPinzon/ImagesEvaluatingMLLM/refs/heads/main/GPT/IdiomsSingleImage/singleImage_tocacintas.png
SINGLE_3400,toche,"Referido a una persona, que es ingenua, tonta.",https://raw.githubusercontent.com/MariaaPinzon/ImagesEvaluatingMLLM/refs/heads/main/GPT/IdiomsSingleImage/singleImage_toche.png
SINGLE_3401,tocilla,Trampa de lazo corredizo para coger animales ariscos.,https://raw.githubusercontent.com/MariaaPinzon/ImagesEvaluatingMLLM/refs/heads/main/GPT/IdiomsSingleImage/singleImage_tocilla.png
SINGLE_3402,tocineta,Tira larga y delgada de tocino con vetas grandes de carne magra.,https://raw.githubusercontent.com/MariaaPinzon/ImagesEvaluatingMLLM/refs/heads/main/GPT/IdiomsSingleImage/singleImage_tocineta.png
SINGLE_3403,todero,"Persona que realiza todo tipo de actividades, especialmente si éstas son manuales.",https://raw.githubusercontent.com/MariaaPinzon/ImagesEvaluatingMLLM/refs/heads/main/GPT/IdiomsSingleImage/singleImage_todero.png
SINGLE_3404,toitico,Todo.,https://raw.githubusercontent.com/MariaaPinzon/ImagesEvaluatingMLLM/refs/heads/main/GPT/IdiomsSingleImage/singleImage_toitico.png
SINGLE_3405,toldado,"Referido al cielo, que está cubierto por nubes grises que lo cubren y amenazan con lluvias y tormenta.",https://raw.githubusercontent.com/MariaaPinzon/ImagesEvaluatingMLLM/refs/heads/main/GPT/IdiomsSingleImage/singleImage_toldado.png
SINGLE_3406,toldillo,Tela muy liviana y translúcida que se cuelga sobre la cama o la hamaca para impedir el paso de insectos.,https://raw.githubusercontent.com/MariaaPinzon/ImagesEvaluatingMLLM/refs/heads/main/GPT/IdiomsSingleImage/singleImage_toldillo.png
SINGLE_3407,toldo,Tela muy liviana y translúcida que se cuelga sobre la cama o la hamaca para impedir el paso de insectos.,https://raw.githubusercontent.com/MariaaPinzon/ImagesEvaluatingMLLM/refs/heads/main/GPT/IdiomsSingleImage/singleImage_toldo.png
SINGLE_3408,tole,"Chisme, rumor que se difunde entre la gente.",https://raw.githubusercontent.com/MariaaPinzon/ImagesEvaluatingMLLM/refs/heads/main/GPT/IdiomsSingleImage/singleImage_tole.png
SINGLE_3409,toloncho,"Referido a un animal, que no tiene cola.",https://raw.githubusercontent.com/MariaaPinzon/ImagesEvaluatingMLLM/refs/heads/main/GPT/IdiomsSingleImage/singleImage_toloncho.png
SINGLE_3410,toma,Canal de agua hecho artificialmente para el riego de parcelas.,https://raw.githubusercontent.com/MariaaPinzon/ImagesEvaluatingMLLM/refs/heads/main/GPT/IdiomsSingleImage/singleImage_toma.png
SINGLE_3411,tomadera,Hábito de consumir con mucha frecuencia bebidas alcohólicas.,https://raw.githubusercontent.com/MariaaPinzon/ImagesEvaluatingMLLM/refs/heads/main/GPT/IdiomsSingleImage/singleImage_tomadera.png
SINGLE_3412,tomar,"Consumir bebidas alcoholicas, en exceso.",https://raw.githubusercontent.com/MariaaPinzon/ImagesEvaluatingMLLM/refs/heads/main/GPT/IdiomsSingleImage/singleImage_tomar.png
SINGLE_3413,tomasera,"Modalidad de robo en el que mujeres ladronas conquistan hombres en sitios nocturnos, los drogan y posteriormente los roban.",https://raw.githubusercontent.com/MariaaPinzon/ImagesEvaluatingMLLM/refs/heads/main/GPT/IdiomsSingleImage/singleImage_tomasera.png
SINGLE_3414,tomata,Reunión en la que la principal actividad es el consumo de bebidas alcohólicas.,https://raw.githubusercontent.com/MariaaPinzon/ImagesEvaluatingMLLM/refs/heads/main/GPT/IdiomsSingleImage/singleImage_tomata.png
SINGLE_3415,tomatrago,"Referido a una persona, que ingiere bebidas alcohólicas sin mesura.",https://raw.githubusercontent.com/MariaaPinzon/ImagesEvaluatingMLLM/refs/heads/main/GPT/IdiomsSingleImage/singleImage_tomatrago.png
SINGLE_3416,tomba,grupo de policías,https://raw.githubusercontent.com/MariaaPinzon/ImagesEvaluatingMLLM/refs/heads/main/GPT/IdiomsSingleImage/singleImage_tomba.png
SINGLE_3417,tombo,Agente de la Policía.,https://raw.githubusercontent.com/MariaaPinzon/ImagesEvaluatingMLLM/refs/heads/main/GPT/IdiomsSingleImage/singleImage_tombo.png
SINGLE_3418,tongeo,Roce sensual en la pareja al bailar o al hacer el amor.,https://raw.githubusercontent.com/MariaaPinzon/ImagesEvaluatingMLLM/refs/heads/main/GPT/IdiomsSingleImage/singleImage_tongeo.png
SINGLE_3419,topa,"- Desatinadamente, sin reflexión o preparación.
- ¿Cómo estás? o ¿Cómo se encuentra?",https://raw.githubusercontent.com/MariaaPinzon/ImagesEvaluatingMLLM/refs/heads/main/GPT/IdiomsSingleImage/singleImage_topa.png
SINGLE_3420,topocho,variedad de plátano pequeño,https://raw.githubusercontent.com/MariaaPinzon/ImagesEvaluatingMLLM/refs/heads/main/GPT/IdiomsSingleImage/singleImage_topocho.png
SINGLE_3421,toposo,"Referido a una persona, impertinente y fastidiosa.",https://raw.githubusercontent.com/MariaaPinzon/ImagesEvaluatingMLLM/refs/heads/main/GPT/IdiomsSingleImage/singleImage_toposo.png
SINGLE_3422,tornillo,Volverse loco.,https://raw.githubusercontent.com/MariaaPinzon/ImagesEvaluatingMLLM/refs/heads/main/GPT/IdiomsSingleImage/singleImage_tornillo.png
SINGLE_3423,torreja,"Tajada, rebanada.",https://raw.githubusercontent.com/MariaaPinzon/ImagesEvaluatingMLLM/refs/heads/main/GPT/IdiomsSingleImage/singleImage_torreja.png
SINGLE_3424,tostar,"- Matar a alguien.
- matar",https://raw.githubusercontent.com/MariaaPinzon/ImagesEvaluatingMLLM/refs/heads/main/GPT/IdiomsSingleImage/singleImage_tostar.png
SINGLE_3425,totazo,Golpe muy fuerte que sufre una persona al caerse o chocarse contra algo.,https://raw.githubusercontent.com/MariaaPinzon/ImagesEvaluatingMLLM/refs/heads/main/GPT/IdiomsSingleImage/singleImage_totazo.png
SINGLE_3426,tote,Pólvora adherida a un trozo de papel que se prende al rasparla contra una superficie áspera y se consume mientras brinca.,https://raw.githubusercontent.com/MariaaPinzon/ImagesEvaluatingMLLM/refs/heads/main/GPT/IdiomsSingleImage/singleImage_tote.png
SINGLE_3427,totear,estallar,https://raw.githubusercontent.com/MariaaPinzon/ImagesEvaluatingMLLM/refs/heads/main/GPT/IdiomsSingleImage/singleImage_totear.png
SINGLE_3428,totuma,Recipiente de uso doméstico hecho del fruto del totumo para guardar diferentes alimentos o cargar líquidos.,https://raw.githubusercontent.com/MariaaPinzon/ImagesEvaluatingMLLM/refs/heads/main/GPT/IdiomsSingleImage/singleImage_totuma.png
SINGLE_3429,totumada,"Cantidad de algo, generalmente líquidos o granos, que puede contener una totuma.",https://raw.githubusercontent.com/MariaaPinzon/ImagesEvaluatingMLLM/refs/heads/main/GPT/IdiomsSingleImage/singleImage_totumada.png
SINGLE_3430,toy,"voz que, repetida, se usa para llamar a las reses vacunas",https://raw.githubusercontent.com/MariaaPinzon/ImagesEvaluatingMLLM/refs/heads/main/GPT/IdiomsSingleImage/singleImage_toy.png
SINGLE_3431,Toño,Se usa para decir de forma irónica que no se cree en lo afirmado.,https://raw.githubusercontent.com/MariaaPinzon/ImagesEvaluatingMLLM/refs/heads/main/GPT/IdiomsSingleImage/singleImage_to%C3%B1o.png
SINGLE_3432,trabado,"Referido a una persona, que está bajo los efectos de la marihuana.",https://raw.githubusercontent.com/MariaaPinzon/ImagesEvaluatingMLLM/refs/heads/main/GPT/IdiomsSingleImage/singleImage_trabado.png
SINGLE_3433,trabarse,"- ponerse bajo los efectos de un alucinógeno
- Ponerse alguien bajo los efectos de una sustancia alucinógena.",https://raw.githubusercontent.com/MariaaPinzon/ImagesEvaluatingMLLM/refs/heads/main/GPT/IdiomsSingleImage/singleImage_trabarse.png
SINGLE_3434,tracalada,Gran cantidad de personaso de cosas.,https://raw.githubusercontent.com/MariaaPinzon/ImagesEvaluatingMLLM/refs/heads/main/GPT/IdiomsSingleImage/singleImage_tracalada.png
SINGLE_3435,tractomula,Camión grande y con motor de gran potencia que se usa para transportar cargas pesadas en su remolque.,https://raw.githubusercontent.com/MariaaPinzon/ImagesEvaluatingMLLM/refs/heads/main/GPT/IdiomsSingleImage/singleImage_tractomula.png
SINGLE_3436,tragado,"Referido a una persona, que se siente muy enamorada de alguien o algo.",https://raw.githubusercontent.com/MariaaPinzon/ImagesEvaluatingMLLM/refs/heads/main/GPT/IdiomsSingleImage/singleImage_tragado.png
SINGLE_3437,tragantina,Ingestión de alimentos frecuente y excesiva.,https://raw.githubusercontent.com/MariaaPinzon/ImagesEvaluatingMLLM/refs/heads/main/GPT/IdiomsSingleImage/singleImage_tragantina.png
SINGLE_3438,tragarse,enamorarse,https://raw.githubusercontent.com/MariaaPinzon/ImagesEvaluatingMLLM/refs/heads/main/GPT/IdiomsSingleImage/singleImage_tragarse.png
SINGLE_3439,tramacazo,Golpe muy fuerte que sufre una persona al caerse o chocarse contra algo.,https://raw.githubusercontent.com/MariaaPinzon/ImagesEvaluatingMLLM/refs/heads/main/GPT/IdiomsSingleImage/singleImage_tramacazo.png
SINGLE_3440,tramada,"Referido a una mujer, que a causa de maleficio o brujería presenta dificultades durante el parto.",https://raw.githubusercontent.com/MariaaPinzon/ImagesEvaluatingMLLM/refs/heads/main/GPT/IdiomsSingleImage/singleImage_tramada.png
SINGLE_3441,tramar,"- En el parto, generar dificultades a una mujer después de haberla cargardo de malas energías mediante maleficios.
- Impresionar a una persona para convencerla o, algunas veces, engañarla.",https://raw.githubusercontent.com/MariaaPinzon/ImagesEvaluatingMLLM/refs/heads/main/GPT/IdiomsSingleImage/singleImage_tramar.png
SINGLE_3442,trambucar,Naufragar una embarcación.,https://raw.githubusercontent.com/MariaaPinzon/ImagesEvaluatingMLLM/refs/heads/main/GPT/IdiomsSingleImage/singleImage_trambucar.png
SINGLE_3443,tramitología,Exceso de gestiones o pasos que deben seguirse para llevar a cabo un trámite administrativo o de otro tipo.,https://raw.githubusercontent.com/MariaaPinzon/ImagesEvaluatingMLLM/refs/heads/main/GPT/IdiomsSingleImage/singleImage_tramitolog%C3%ADa.png
SINGLE_3444,tramoyero,"Referido a una persona, que engaña a otros planeando y haciendo trampas o trucos.",https://raw.githubusercontent.com/MariaaPinzon/ImagesEvaluatingMLLM/refs/heads/main/GPT/IdiomsSingleImage/singleImage_tramoyero.png
SINGLE_3445,trancado,"Referido a una comida, abundante y de buen sabor.",https://raw.githubusercontent.com/MariaaPinzon/ImagesEvaluatingMLLM/refs/heads/main/GPT/IdiomsSingleImage/singleImage_trancado.png
SINGLE_3446,trancazo,Golpe fuerte que sufre una persona al caerse o chocarse contra algo.,https://raw.githubusercontent.com/MariaaPinzon/ImagesEvaluatingMLLM/refs/heads/main/GPT/IdiomsSingleImage/singleImage_trancazo.png
SINGLE_3447,trancón,Congestión en la circulación de vehículos en las vías públicas.,https://raw.githubusercontent.com/MariaaPinzon/ImagesEvaluatingMLLM/refs/heads/main/GPT/IdiomsSingleImage/singleImage_tranc%C3%B3n.png
SINGLE_3448,transar,Llegar a un acuerdo generalmente económico o comercial.,https://raw.githubusercontent.com/MariaaPinzon/ImagesEvaluatingMLLM/refs/heads/main/GPT/IdiomsSingleImage/singleImage_transar.png
SINGLE_3449,trapeador,Utensilio doméstico que consta de un mango largo y un manojo de tiras absorbentes en el extremo.,https://raw.githubusercontent.com/MariaaPinzon/ImagesEvaluatingMLLM/refs/heads/main/GPT/IdiomsSingleImage/singleImage_trapeador.png
SINGLE_3450,trapear,Pasar un trapeador u otro utensilio doméstico absorbente sobre el suelo para limpiarlo.,https://raw.githubusercontent.com/MariaaPinzon/ImagesEvaluatingMLLM/refs/heads/main/GPT/IdiomsSingleImage/singleImage_trapear.png
SINGLE_3451,trapera,Utensilio doméstico que consta de un mango largo y un manojo de tiras absorbentes en el extremo.,https://raw.githubusercontent.com/MariaaPinzon/ImagesEvaluatingMLLM/refs/heads/main/GPT/IdiomsSingleImage/singleImage_trapera.png
SINGLE_3452,trapero,Utensilio doméstico que consta de un mango largo y un manojo de tiras absorbentes en el extremo.,https://raw.githubusercontent.com/MariaaPinzon/ImagesEvaluatingMLLM/refs/heads/main/GPT/IdiomsSingleImage/singleImage_trapero.png
SINGLE_3453,trapiche,"Lugar donde se procesa la caña de azúcar para la producción del azúcar, la miel y la panela.",https://raw.githubusercontent.com/MariaaPinzon/ImagesEvaluatingMLLM/refs/heads/main/GPT/IdiomsSingleImage/singleImage_trapiche.png
SINGLE_3454,traqueteado,"Referido a una persona, muy acabada o trajinada.",https://raw.githubusercontent.com/MariaaPinzon/ImagesEvaluatingMLLM/refs/heads/main/GPT/IdiomsSingleImage/singleImage_traqueteado.png
SINGLE_3455,traquetear,Comerciar con droga.,https://raw.githubusercontent.com/MariaaPinzon/ImagesEvaluatingMLLM/refs/heads/main/GPT/IdiomsSingleImage/singleImage_traquetear.png
SINGLE_3456,traqueto,"Referido a una persona o cosa, que se relaciona con actividades ilícitas, especialmente con el narcotráfico.",https://raw.githubusercontent.com/MariaaPinzon/ImagesEvaluatingMLLM/refs/heads/main/GPT/IdiomsSingleImage/singleImage_traqueto.png
SINGLE_3457,trasbocar,Vomitar.,https://raw.githubusercontent.com/MariaaPinzon/ImagesEvaluatingMLLM/refs/heads/main/GPT/IdiomsSingleImage/singleImage_trasbocar.png
SINGLE_3458,trastear,trasladar algo de un sitio a otro,https://raw.githubusercontent.com/MariaaPinzon/ImagesEvaluatingMLLM/refs/heads/main/GPT/IdiomsSingleImage/singleImage_trastear.png
SINGLE_3459,trasteo,Traslado de los muebles y enseres a una nueva vivienda.,https://raw.githubusercontent.com/MariaaPinzon/ImagesEvaluatingMLLM/refs/heads/main/GPT/IdiomsSingleImage/singleImage_trasteo.png
SINGLE_3460,trasto,Utensilios de cocina que se usan para preparar o servir los alimentos.,https://raw.githubusercontent.com/MariaaPinzon/ImagesEvaluatingMLLM/refs/heads/main/GPT/IdiomsSingleImage/singleImage_trasto.png
SINGLE_3461,traviesa,cosecha menor que se obtiene fuera de las épocas de las cosechas principales,https://raw.githubusercontent.com/MariaaPinzon/ImagesEvaluatingMLLM/refs/heads/main/GPT/IdiomsSingleImage/singleImage_traviesa.png
SINGLE_3462,trebejos,Objetos viejos e inútiles.,https://raw.githubusercontent.com/MariaaPinzon/ImagesEvaluatingMLLM/refs/heads/main/GPT/IdiomsSingleImage/singleImage_trebejos.png
SINGLE_3463,trifásico,"Referido a la comida, que utiliza tres tipos de carne en su preparación.",https://raw.githubusercontent.com/MariaaPinzon/ImagesEvaluatingMLLM/refs/heads/main/GPT/IdiomsSingleImage/singleImage_trif%C3%A1sico.png
SINGLE_3464,trilla,Serie de golpes dados a una persona o a un animal a modo de castigo.,https://raw.githubusercontent.com/MariaaPinzon/ImagesEvaluatingMLLM/refs/heads/main/GPT/IdiomsSingleImage/singleImage_trilla.png
SINGLE_3465,trillar,Tratar mucho y repetitivamente un tema hasta lograr que pierda importancia.,https://raw.githubusercontent.com/MariaaPinzon/ImagesEvaluatingMLLM/refs/heads/main/GPT/IdiomsSingleImage/singleImage_trillar.png
SINGLE_3466,trimotiles,Conjunto de objetos personales que se usan habitualmente.,https://raw.githubusercontent.com/MariaaPinzon/ImagesEvaluatingMLLM/refs/heads/main/GPT/IdiomsSingleImage/singleImage_trimotiles.png
SINGLE_3467,trinche,"- Especie de peine, de largos dientes muy separados unos de otros y que se usa especialmente para peinar cabellos rizados.
- Tenedor.",https://raw.githubusercontent.com/MariaaPinzon/ImagesEvaluatingMLLM/refs/heads/main/GPT/IdiomsSingleImage/singleImage_trinche.png
SINGLE_3468,trincho,Muro de contención que se hace con madera y se estructura en terrazas.,https://raw.githubusercontent.com/MariaaPinzon/ImagesEvaluatingMLLM/refs/heads/main/GPT/IdiomsSingleImage/singleImage_trincho.png
SINGLE_3469,trinco,"Referido a una actividad, difícil de realizar.",https://raw.githubusercontent.com/MariaaPinzon/ImagesEvaluatingMLLM/refs/heads/main/GPT/IdiomsSingleImage/singleImage_trinco.png
SINGLE_3470,tripazo,Sopa de menudencias.,https://raw.githubusercontent.com/MariaaPinzon/ImagesEvaluatingMLLM/refs/heads/main/GPT/IdiomsSingleImage/singleImage_tripazo.png
SINGLE_3471,tripudo,"Referido a un alimento, que ha perdido su consistencia crujiente por exposición al aire o porque su tiempo de consumo ha caducado.",https://raw.githubusercontent.com/MariaaPinzon/ImagesEvaluatingMLLM/refs/heads/main/GPT/IdiomsSingleImage/singleImage_tripudo.png
SINGLE_3472,triqui,"Juego de mesa que consiste en poner tres fichas o dibujar tres figuras seguidas en línea, en un tablero de nueve casillas.",https://raw.githubusercontent.com/MariaaPinzon/ImagesEvaluatingMLLM/refs/heads/main/GPT/IdiomsSingleImage/singleImage_triqui.png
SINGLE_3473,trochador,"Referido a un caballo, que anda con paso largo y trote lento.",https://raw.githubusercontent.com/MariaaPinzon/ImagesEvaluatingMLLM/refs/heads/main/GPT/IdiomsSingleImage/singleImage_trochador.png
SINGLE_3474,troilo,"Referido a una persona, tonta o de poco entendimiento.",https://raw.githubusercontent.com/MariaaPinzon/ImagesEvaluatingMLLM/refs/heads/main/GPT/IdiomsSingleImage/singleImage_troilo.png
SINGLE_3475,trompadachín,dado a pelear a trompadas,https://raw.githubusercontent.com/MariaaPinzon/ImagesEvaluatingMLLM/refs/heads/main/GPT/IdiomsSingleImage/singleImage_trompadach%C3%ADn.png
SINGLE_3476,tronchar,Dislocar o salir de su lugar un hueso de alguna parte del cuerpo.,https://raw.githubusercontent.com/MariaaPinzon/ImagesEvaluatingMLLM/refs/heads/main/GPT/IdiomsSingleImage/singleImage_tronchar.png
SINGLE_3477,troncharse,dislocarse una articulación,https://raw.githubusercontent.com/MariaaPinzon/ImagesEvaluatingMLLM/refs/heads/main/GPT/IdiomsSingleImage/singleImage_troncharse.png
SINGLE_3478,tronche,Pago por adelantado de una parte del salario del obrero.,https://raw.githubusercontent.com/MariaaPinzon/ImagesEvaluatingMLLM/refs/heads/main/GPT/IdiomsSingleImage/singleImage_tronche.png
SINGLE_3479,tropel,Alboroto ocasionado por personas que discuten airadamente.,https://raw.githubusercontent.com/MariaaPinzon/ImagesEvaluatingMLLM/refs/heads/main/GPT/IdiomsSingleImage/singleImage_tropel.png
SINGLE_3480,tropelero,Persona que causa peleas y discusiones.,https://raw.githubusercontent.com/MariaaPinzon/ImagesEvaluatingMLLM/refs/heads/main/GPT/IdiomsSingleImage/singleImage_tropelero.png
SINGLE_3481,trozuda,"Referido a una mujer, voluptuosa.",https://raw.githubusercontent.com/MariaaPinzon/ImagesEvaluatingMLLM/refs/heads/main/GPT/IdiomsSingleImage/singleImage_trozuda.png
SINGLE_3482,troñuño,"avaro, mezquino, tacaño",https://raw.githubusercontent.com/MariaaPinzon/ImagesEvaluatingMLLM/refs/heads/main/GPT/IdiomsSingleImage/singleImage_tro%C3%B1u%C3%B1o.png
SINGLE_3483,truncho,res o bestia sin cola,https://raw.githubusercontent.com/MariaaPinzon/ImagesEvaluatingMLLM/refs/heads/main/GPT/IdiomsSingleImage/singleImage_truncho.png
SINGLE_3484,truñuño,"avaro, mezquino, tacaño",https://raw.githubusercontent.com/MariaaPinzon/ImagesEvaluatingMLLM/refs/heads/main/GPT/IdiomsSingleImage/singleImage_tru%C3%B1u%C3%B1o.png
SINGLE_3485,tuca,Expresión soez o malsonante.,https://raw.githubusercontent.com/MariaaPinzon/ImagesEvaluatingMLLM/refs/heads/main/GPT/IdiomsSingleImage/singleImage_tuca.png
SINGLE_3486,tuche,"Referido a la forma de cargar a alguien, a las espaldas, sobre los hombros.",https://raw.githubusercontent.com/MariaaPinzon/ImagesEvaluatingMLLM/refs/heads/main/GPT/IdiomsSingleImage/singleImage_tuche.png
SINGLE_3487,tuco,"- Persona sin alguna extremidad.
- Referido a un animal, sin cola o rabo.
- Pantalón corto hasta la rodilla usado para las actividades propias con el ganado.",https://raw.githubusercontent.com/MariaaPinzon/ImagesEvaluatingMLLM/refs/heads/main/GPT/IdiomsSingleImage/singleImage_tuco.png
SINGLE_3488,tula,"Tipo de bolso que se lleva en la espalda, de forma alargada y hecho en un material resistente que se cierra al tirar las cuerdas que tiene en sus extremos.",https://raw.githubusercontent.com/MariaaPinzon/ImagesEvaluatingMLLM/refs/heads/main/GPT/IdiomsSingleImage/singleImage_tula.png
SINGLE_3489,tulundrón,"Abultamiento que se forma en alguna parte del cuerpo, generalmente después de un golpe.",https://raw.githubusercontent.com/MariaaPinzon/ImagesEvaluatingMLLM/refs/heads/main/GPT/IdiomsSingleImage/singleImage_tulundr%C3%B3n.png
SINGLE_3490,tumbada,Patraña con la que se roba a alguien.,https://raw.githubusercontent.com/MariaaPinzon/ImagesEvaluatingMLLM/refs/heads/main/GPT/IdiomsSingleImage/singleImage_tumbada.png
SINGLE_3491,tumbado,Robo planeado.,https://raw.githubusercontent.com/MariaaPinzon/ImagesEvaluatingMLLM/refs/heads/main/GPT/IdiomsSingleImage/singleImage_tumbado.png
SINGLE_3492,tumbe,"estafa, robo",https://raw.githubusercontent.com/MariaaPinzon/ImagesEvaluatingMLLM/refs/heads/main/GPT/IdiomsSingleImage/singleImage_tumbe.png
SINGLE_3493,tumbilis,Patraña con la que se roba a alguien.,https://raw.githubusercontent.com/MariaaPinzon/ImagesEvaluatingMLLM/refs/heads/main/GPT/IdiomsSingleImage/singleImage_tumbilis.png
SINGLE_3494,tungo,"Referido a una persona o animal, sin orejas o que le falta una oreja.",https://raw.githubusercontent.com/MariaaPinzon/ImagesEvaluatingMLLM/refs/heads/main/GPT/IdiomsSingleImage/singleImage_tungo.png
SINGLE_3495,tunjo,Figura antropomorfa precolombina que representa una divinidad en las culturas chibcha y muisca.,https://raw.githubusercontent.com/MariaaPinzon/ImagesEvaluatingMLLM/refs/heads/main/GPT/IdiomsSingleImage/singleImage_tunjo.png
SINGLE_3496,tuntuniento,"Referido a una persona, tonta o de poco entendimiento.",https://raw.githubusercontent.com/MariaaPinzon/ImagesEvaluatingMLLM/refs/heads/main/GPT/IdiomsSingleImage/singleImage_tuntuniento.png
SINGLE_3497,tuntún,"Referido a la forma de cargar a alguien, a las espaldas, sobre los hombros.",https://raw.githubusercontent.com/MariaaPinzon/ImagesEvaluatingMLLM/refs/heads/main/GPT/IdiomsSingleImage/singleImage_tunt%C3%BAn.png
SINGLE_3498,tupido,"Referido a la nariz, que está tapada por flujo nasal.",https://raw.githubusercontent.com/MariaaPinzon/ImagesEvaluatingMLLM/refs/heads/main/GPT/IdiomsSingleImage/singleImage_tupido.png
SINGLE_3499,tupirse,Quedarse momentáneamente paralizado o incapacitado por causa de un enojo.,https://raw.githubusercontent.com/MariaaPinzon/ImagesEvaluatingMLLM/refs/heads/main/GPT/IdiomsSingleImage/singleImage_tupirse.png
SINGLE_3500,tuplú,"Referido a una persona o algo, que está lleno en exceso, atiborrado.",https://raw.githubusercontent.com/MariaaPinzon/ImagesEvaluatingMLLM/refs/heads/main/GPT/IdiomsSingleImage/singleImage_tupl%C3%BA.png
SINGLE_3501,tuquio,"Referido a una persona o un objeto, muy lleno.",https://raw.githubusercontent.com/MariaaPinzon/ImagesEvaluatingMLLM/refs/heads/main/GPT/IdiomsSingleImage/singleImage_tuquio.png
SINGLE_3502,turma,Papa.,https://raw.githubusercontent.com/MariaaPinzon/ImagesEvaluatingMLLM/refs/heads/main/GPT/IdiomsSingleImage/singleImage_turma.png
SINGLE_3503,turra,"- dicho de una persona, de baja estatura
- pirinola
- juego de suerte en que se emplea una pirinola",https://raw.githubusercontent.com/MariaaPinzon/ImagesEvaluatingMLLM/refs/heads/main/GPT/IdiomsSingleImage/singleImage_turra.png
SINGLE_3504,turro,"Referido a una persona, de estatura baja.",https://raw.githubusercontent.com/MariaaPinzon/ImagesEvaluatingMLLM/refs/heads/main/GPT/IdiomsSingleImage/singleImage_turro.png
SINGLE_3505,turrumuto,"- Cerro pequeño.
- Protuberancia en el cuerpo.",https://raw.githubusercontent.com/MariaaPinzon/ImagesEvaluatingMLLM/refs/heads/main/GPT/IdiomsSingleImage/singleImage_turrumuto.png
SINGLE_3506,turuleto,"Referido a una persona, que está aturdida o que ha perdido la capacidad de reacción por causa de un golpe.",https://raw.githubusercontent.com/MariaaPinzon/ImagesEvaluatingMLLM/refs/heads/main/GPT/IdiomsSingleImage/singleImage_turuleto.png
SINGLE_3507,turupe,"- Abultamiento que sobrasale en una superficie lisa.
- Abultamiento que se forma en alguna parte del cuerpo, generalmente después de un golpe.",https://raw.githubusercontent.com/MariaaPinzon/ImagesEvaluatingMLLM/refs/heads/main/GPT/IdiomsSingleImage/singleImage_turupe.png
SINGLE_3508,tusada,Corte de pelo mal hecho y a ras de la cabeza.,https://raw.githubusercontent.com/MariaaPinzon/ImagesEvaluatingMLLM/refs/heads/main/GPT/IdiomsSingleImage/singleImage_tusada.png
SINGLE_3509,tusar,Rapar o dejar el cabello muy corto.,https://raw.githubusercontent.com/MariaaPinzon/ImagesEvaluatingMLLM/refs/heads/main/GPT/IdiomsSingleImage/singleImage_tusar.png
SINGLE_3510,tuso,"rapado, sin pelo",https://raw.githubusercontent.com/MariaaPinzon/ImagesEvaluatingMLLM/refs/heads/main/GPT/IdiomsSingleImage/singleImage_tuso.png
SINGLE_3511,tusta,cabeza,https://raw.githubusercontent.com/MariaaPinzon/ImagesEvaluatingMLLM/refs/heads/main/GPT/IdiomsSingleImage/singleImage_tusta.png
SINGLE_3512,tuste,Cabeza humana.,https://raw.githubusercontent.com/MariaaPinzon/ImagesEvaluatingMLLM/refs/heads/main/GPT/IdiomsSingleImage/singleImage_tuste.png
SINGLE_3513,tuta,"Referido a la forma de cargar a alguien, a las espaldas, sobre los hombros.",https://raw.githubusercontent.com/MariaaPinzon/ImagesEvaluatingMLLM/refs/heads/main/GPT/IdiomsSingleImage/singleImage_tuta.png
SINGLE_3514,tángara,Juego infantil que consiste en lanzar una piedra sobre un recorrido trazado en el suelo y luego saltar en un solo pie sobre el trazado para recoger la piedra.,https://raw.githubusercontent.com/MariaaPinzon/ImagesEvaluatingMLLM/refs/heads/main/GPT/IdiomsSingleImage/singleImage_t%C3%A1ngara.png
SINGLE_3515,táparo,"- Caballo común.
- Referido a una persona, que tiene poca destreza en una actividad determinada.",https://raw.githubusercontent.com/MariaaPinzon/ImagesEvaluatingMLLM/refs/heads/main/GPT/IdiomsSingleImage/singleImage_t%C3%A1paro.png
SINGLE_3516,tórtolo,Pene.,https://raw.githubusercontent.com/MariaaPinzon/ImagesEvaluatingMLLM/refs/heads/main/GPT/IdiomsSingleImage/singleImage_t%C3%B3rtolo.png
SINGLE_3517,túmbilo,"Recipiente pequeño, generalmente de plástico, que se usa para transportar líquidos.",https://raw.githubusercontent.com/MariaaPinzon/ImagesEvaluatingMLLM/refs/heads/main/GPT/IdiomsSingleImage/singleImage_t%C3%BAmbilo.png
SINGLE_3518,ubicar,"- Hallar algo o alguien que se buscaba.
- Orientarse en un lugar.
- Evocar algo o alguien.",https://raw.githubusercontent.com/MariaaPinzon/ImagesEvaluatingMLLM/refs/heads/main/GPT/IdiomsSingleImage/singleImage_ubicar.png
SINGLE_3519,uchar,estimular con voces a un perro,https://raw.githubusercontent.com/MariaaPinzon/ImagesEvaluatingMLLM/refs/heads/main/GPT/IdiomsSingleImage/singleImage_uchar.png
SINGLE_3520,uisa,voz que se emplea para espantar a las gallinas,https://raw.githubusercontent.com/MariaaPinzon/ImagesEvaluatingMLLM/refs/heads/main/GPT/IdiomsSingleImage/singleImage_uisa.png
SINGLE_3521,uiste,"voz que se emplea para espantar animales como caballos, asnos y vacas",https://raw.githubusercontent.com/MariaaPinzon/ImagesEvaluatingMLLM/refs/heads/main/GPT/IdiomsSingleImage/singleImage_uiste.png
SINGLE_3522,ungir,Elegir a alguien para desempeñar un cargo o puesto.,https://raw.githubusercontent.com/MariaaPinzon/ImagesEvaluatingMLLM/refs/heads/main/GPT/IdiomsSingleImage/singleImage_ungir.png
SINGLE_3523,untada,"- Hecho de aplicar una sustancia sobre una superficie.
- Ganancia que se obtiene a través de una repartición ventajosa o de una transacción dudosa.",https://raw.githubusercontent.com/MariaaPinzon/ImagesEvaluatingMLLM/refs/heads/main/GPT/IdiomsSingleImage/singleImage_untada.png
SINGLE_3524,untar,Involucrar a alguien en una asunto turbio o ilegal.,https://raw.githubusercontent.com/MariaaPinzon/ImagesEvaluatingMLLM/refs/heads/main/GPT/IdiomsSingleImage/singleImage_untar.png
SINGLE_3525,upac,unidad de poder adquisitivo constante,https://raw.githubusercontent.com/MariaaPinzon/ImagesEvaluatingMLLM/refs/heads/main/GPT/IdiomsSingleImage/singleImage_upac.png
SINGLE_3526,upaquizar,mantener el valor constante de una deuda,https://raw.githubusercontent.com/MariaaPinzon/ImagesEvaluatingMLLM/refs/heads/main/GPT/IdiomsSingleImage/singleImage_upaquizar.png
SINGLE_3527,urgido,"Referido a una persona, que requiere algo o a alguien con prontitud.",https://raw.githubusercontent.com/MariaaPinzon/ImagesEvaluatingMLLM/refs/heads/main/GPT/IdiomsSingleImage/singleImage_urgido.png
SINGLE_3528,uste,voz que emplean los campesinos para detener a los bueyes de trabajo,https://raw.githubusercontent.com/MariaaPinzon/ImagesEvaluatingMLLM/refs/heads/main/GPT/IdiomsSingleImage/singleImage_uste.png
SINGLE_3529,utilero,"En el fútbol, es la persona encargada de organizar y distribuir los uniformes a los jugadores y en la cancha, alistar el material para el preparador físico.",https://raw.githubusercontent.com/MariaaPinzon/ImagesEvaluatingMLLM/refs/heads/main/GPT/IdiomsSingleImage/singleImage_utilero.png
SINGLE_3530,uva,Muy bien.,https://raw.githubusercontent.com/MariaaPinzon/ImagesEvaluatingMLLM/refs/heads/main/GPT/IdiomsSingleImage/singleImage_uva.png
SINGLE_3531,vaca,Recolectar dinero entre varias personas para utilizarlo en un gasto común.,https://raw.githubusercontent.com/MariaaPinzon/ImagesEvaluatingMLLM/refs/heads/main/GPT/IdiomsSingleImage/singleImage_vaca.png
SINGLE_3532,vacaloca,Estar involucrado en un problema grande.,https://raw.githubusercontent.com/MariaaPinzon/ImagesEvaluatingMLLM/refs/heads/main/GPT/IdiomsSingleImage/singleImage_vacaloca.png
SINGLE_3533,vacilada,Burla o broma continua que se le hace a alguien.,https://raw.githubusercontent.com/MariaaPinzon/ImagesEvaluatingMLLM/refs/heads/main/GPT/IdiomsSingleImage/singleImage_vacilada.png
SINGLE_3534,vacilón,Relación amorosa transitoria y sin importancia.,https://raw.githubusercontent.com/MariaaPinzon/ImagesEvaluatingMLLM/refs/heads/main/GPT/IdiomsSingleImage/singleImage_vacil%C3%B3n.png
SINGLE_3535,vainazo,Algo que se dice con doble intención para hacer caer en cuenta de algo o irritar a alguien.,https://raw.githubusercontent.com/MariaaPinzon/ImagesEvaluatingMLLM/refs/heads/main/GPT/IdiomsSingleImage/singleImage_vainazo.png
SINGLE_3536,vale,Amigo de confianza.,https://raw.githubusercontent.com/MariaaPinzon/ImagesEvaluatingMLLM/refs/heads/main/GPT/IdiomsSingleImage/singleImage_vale.png
SINGLE_3537,vallado,zanja de drenaje que divide un terreno,https://raw.githubusercontent.com/MariaaPinzon/ImagesEvaluatingMLLM/refs/heads/main/GPT/IdiomsSingleImage/singleImage_vallado.png
SINGLE_3538,vallenatología,estudio académico del vallenato,https://raw.githubusercontent.com/MariaaPinzon/ImagesEvaluatingMLLM/refs/heads/main/GPT/IdiomsSingleImage/singleImage_vallenatolog%C3%ADa.png
SINGLE_3539,van,Vehículo con puertas laterales para transportar más de 7 pasajeros o carga.,https://raw.githubusercontent.com/MariaaPinzon/ImagesEvaluatingMLLM/refs/heads/main/GPT/IdiomsSingleImage/singleImage_van.png
SINGLE_3540,varado,"- Referido a un vehículo, que deja de funcionar por problemas mecánicos o de otro tipo.
- Referido a una persona, que no cuenta con recursos económicos.",https://raw.githubusercontent.com/MariaaPinzon/ImagesEvaluatingMLLM/refs/heads/main/GPT/IdiomsSingleImage/singleImage_varado.png
SINGLE_3541,varar,"- Referido a un vehículo, no funcionar por problemas mecánicos o de otro tipo.
- Detenerse un trabajo, proyecto o actividad por no saber qué hacer o por otros impedimentos.",https://raw.githubusercontent.com/MariaaPinzon/ImagesEvaluatingMLLM/refs/heads/main/GPT/IdiomsSingleImage/singleImage_varar.png
SINGLE_3542,varejón,vara larga y delgada,https://raw.githubusercontent.com/MariaaPinzon/ImagesEvaluatingMLLM/refs/heads/main/GPT/IdiomsSingleImage/singleImage_varej%C3%B3n.png
SINGLE_3543,vareto,cigarrillo de marihuana,https://raw.githubusercontent.com/MariaaPinzon/ImagesEvaluatingMLLM/refs/heads/main/GPT/IdiomsSingleImage/singleImage_vareto.png
SINGLE_3544,variante,Carretera que se construye fuera del perímetro urbano para evitar el paso por alguna población o ciudad.,https://raw.githubusercontent.com/MariaaPinzon/ImagesEvaluatingMLLM/refs/heads/main/GPT/IdiomsSingleImage/singleImage_variante.png
SINGLE_3545,varillar,Excavar con varillas de acero un terreno en busca de guacas o entierros.,https://raw.githubusercontent.com/MariaaPinzon/ImagesEvaluatingMLLM/refs/heads/main/GPT/IdiomsSingleImage/singleImage_varillar.png
SINGLE_3546,vasado,Contenido de un líquido en un vaso.,https://raw.githubusercontent.com/MariaaPinzon/ImagesEvaluatingMLLM/refs/heads/main/GPT/IdiomsSingleImage/singleImage_vasado.png
SINGLE_3547,vastagosa,Embarcación hecha de troncos de plátano cachaco para transportar grandes cargas que no caben en una canoa.,https://raw.githubusercontent.com/MariaaPinzon/ImagesEvaluatingMLLM/refs/heads/main/GPT/IdiomsSingleImage/singleImage_vastagosa.png
SINGLE_3548,vejestorio,"Objeto muy viejo, en ocasiones inservible.",https://raw.githubusercontent.com/MariaaPinzon/ImagesEvaluatingMLLM/refs/heads/main/GPT/IdiomsSingleImage/singleImage_vejestorio.png
SINGLE_3549,veladora,"Vela de cera o parafina elaborada en diversos colores, que se le prenden a los santos.",https://raw.githubusercontent.com/MariaaPinzon/ImagesEvaluatingMLLM/refs/heads/main/GPT/IdiomsSingleImage/singleImage_veladora.png
SINGLE_3550,velón,"Referido a una persona o animal, que ve comer fijamente a alguien, esperando que le den un bocado.",https://raw.githubusercontent.com/MariaaPinzon/ImagesEvaluatingMLLM/refs/heads/main/GPT/IdiomsSingleImage/singleImage_vel%C3%B3n.png
SINGLE_3551,vender al detal,vender al por menor,https://raw.githubusercontent.com/MariaaPinzon/ImagesEvaluatingMLLM/refs/heads/main/GPT/IdiomsSingleImage/singleImage_vender_al_detal.png
SINGLE_3552,venirse,"- Eyacular, llegar al orgasmo.
- eyacular",https://raw.githubusercontent.com/MariaaPinzon/ImagesEvaluatingMLLM/refs/heads/main/GPT/IdiomsSingleImage/singleImage_venirse.png
SINGLE_3553,ventajoso,"Referido a una persona, oportunista de las situaciones para su propio beneficio.",https://raw.githubusercontent.com/MariaaPinzon/ImagesEvaluatingMLLM/refs/heads/main/GPT/IdiomsSingleImage/singleImage_ventajoso.png
SINGLE_3554,ventanear,Observar detenidamente algo desde una ventana.,https://raw.githubusercontent.com/MariaaPinzon/ImagesEvaluatingMLLM/refs/heads/main/GPT/IdiomsSingleImage/singleImage_ventanear.png
SINGLE_3555,venteado,"Referido a una persona, de comportamiento incoherente o alocado.",https://raw.githubusercontent.com/MariaaPinzon/ImagesEvaluatingMLLM/refs/heads/main/GPT/IdiomsSingleImage/singleImage_venteado.png
SINGLE_3556,ventear,Salir una persona a tomar el aire o a refrescarse,https://raw.githubusercontent.com/MariaaPinzon/ImagesEvaluatingMLLM/refs/heads/main/GPT/IdiomsSingleImage/singleImage_ventear.png
SINGLE_3557,ventiado,Bastante.,https://raw.githubusercontent.com/MariaaPinzon/ImagesEvaluatingMLLM/refs/heads/main/GPT/IdiomsSingleImage/singleImage_ventiado.png
SINGLE_3558,ventiar,"- En un animal, tener la capacidad de percibir ciertos olores.
- Extraer las impurezas o mugre a los cereales.
- Soplar el viento suavemente.",https://raw.githubusercontent.com/MariaaPinzon/ImagesEvaluatingMLLM/refs/heads/main/GPT/IdiomsSingleImage/singleImage_ventiar.png
SINGLE_3559,ver,"Expresión que se usa al contestar una llamada telefónica, para verificar el funcionamiento de la línea o para restablecer la comunicación después de una interrupción.",https://raw.githubusercontent.com/MariaaPinzon/ImagesEvaluatingMLLM/refs/heads/main/GPT/IdiomsSingleImage/singleImage_ver.png
SINGLE_3560,veragua,"Puntos negros que se forman en la ropa húmeda, por no tenderse o ventilarse.",https://raw.githubusercontent.com/MariaaPinzon/ImagesEvaluatingMLLM/refs/heads/main/GPT/IdiomsSingleImage/singleImage_veragua.png
SINGLE_3561,vergajada,"Hecho o actitud ruin, malvado.",https://raw.githubusercontent.com/MariaaPinzon/ImagesEvaluatingMLLM/refs/heads/main/GPT/IdiomsSingleImage/singleImage_vergajada.png
SINGLE_3562,vergajo,"- Referido a una persona, traviesa o indisciplinada.
- forma de referirse a una persona",https://raw.githubusercontent.com/MariaaPinzon/ImagesEvaluatingMLLM/refs/heads/main/GPT/IdiomsSingleImage/singleImage_vergajo.png
SINGLE_3563,verguero,Problema grande.,https://raw.githubusercontent.com/MariaaPinzon/ImagesEvaluatingMLLM/refs/heads/main/GPT/IdiomsSingleImage/singleImage_verguero.png
SINGLE_3564,veringo,desnudo,https://raw.githubusercontent.com/MariaaPinzon/ImagesEvaluatingMLLM/refs/heads/main/GPT/IdiomsSingleImage/singleImage_veringo.png
SINGLE_3565,verraco,"- Referido a una persona, valiente.
- Referido a una persona, que está furioso, de mal genio.
- Referido a una persona, que se destaca por una cualidad o que realiza bien algún trabajo.
- Referido a una actividad, difícil de hacer o resolver.",https://raw.githubusercontent.com/MariaaPinzon/ImagesEvaluatingMLLM/refs/heads/main/GPT/IdiomsSingleImage/singleImage_verraco.png
SINGLE_3566,verraquera,"- Valentía, energía para hacer algo.
- Persona, cosa o situación que agradan mucho.
- Disgusto, ira.",https://raw.githubusercontent.com/MariaaPinzon/ImagesEvaluatingMLLM/refs/heads/main/GPT/IdiomsSingleImage/singleImage_verraquera.png
SINGLE_3567,verriondera,"- Tesón que tiene alguien para hacer algo.
- Enfado o irritación fuerte.",https://raw.githubusercontent.com/MariaaPinzon/ImagesEvaluatingMLLM/refs/heads/main/GPT/IdiomsSingleImage/singleImage_verriondera.png
SINGLE_3568,verriondo,"- Referido a una persona, que está furioso, de mal genio.
- Referido a una actividad, difícil de hacer o resolver.
- Referido a una persona, que se destaca por una cualidad o que realiza bien algún trabajo.",https://raw.githubusercontent.com/MariaaPinzon/ImagesEvaluatingMLLM/refs/heads/main/GPT/IdiomsSingleImage/singleImage_verriondo.png
SINGLE_3569,vertical,Actuar estrictamente en consecuencia con las convicciones que se tienen.,https://raw.githubusercontent.com/MariaaPinzon/ImagesEvaluatingMLLM/refs/heads/main/GPT/IdiomsSingleImage/singleImage_vertical.png
SINGLE_3570,vespertina,función de cine o teatro que comienza a las seis de la tarde,https://raw.githubusercontent.com/MariaaPinzon/ImagesEvaluatingMLLM/refs/heads/main/GPT/IdiomsSingleImage/singleImage_vespertina.png
SINGLE_3571,vestier,"En los almacenes, lugar en el que los clientes pueden medirse la ropa que van a adquirir.",https://raw.githubusercontent.com/MariaaPinzon/ImagesEvaluatingMLLM/refs/heads/main/GPT/IdiomsSingleImage/singleImage_vestier.png
SINGLE_3572,vianda,"Conjunto de recipientes que encajan unos sobre otros, se unen por un asa y se emplean para llevar alimentos.",https://raw.githubusercontent.com/MariaaPinzon/ImagesEvaluatingMLLM/refs/heads/main/GPT/IdiomsSingleImage/singleImage_vianda.png
SINGLE_3573,viaticar,"Viajar un empleado a trabajar, con los gastos pagados por la empresa que lo envía.",https://raw.githubusercontent.com/MariaaPinzon/ImagesEvaluatingMLLM/refs/heads/main/GPT/IdiomsSingleImage/singleImage_viaticar.png
SINGLE_3574,vicio,"- Jugar sin apostar dinero.
- Referido a una planta, crecer en exceso y con muchas hojas, pero sin flores ni frutos.
- Consumir droga.",https://raw.githubusercontent.com/MariaaPinzon/ImagesEvaluatingMLLM/refs/heads/main/GPT/IdiomsSingleImage/singleImage_vicio.png
SINGLE_3575,victimario,persona que hiere o mata a otro,https://raw.githubusercontent.com/MariaaPinzon/ImagesEvaluatingMLLM/refs/heads/main/GPT/IdiomsSingleImage/singleImage_victimario.png
SINGLE_3576,vida de perros,Situación complicada ya sea económica o personal.,https://raw.githubusercontent.com/MariaaPinzon/ImagesEvaluatingMLLM/refs/heads/main/GPT/IdiomsSingleImage/singleImage_vida_de_perros.png
SINGLE_3577,viejera,Achaques que se presentan al envejecer.,https://raw.githubusercontent.com/MariaaPinzon/ImagesEvaluatingMLLM/refs/heads/main/GPT/IdiomsSingleImage/singleImage_viejera.png
SINGLE_3578,viejo,"- Esposo o esposa.
- Forma de tratamiento usada entre amigos o compañeros.
- Hombre o mujer de cualquier edad.",https://raw.githubusercontent.com/MariaaPinzon/ImagesEvaluatingMLLM/refs/heads/main/GPT/IdiomsSingleImage/singleImage_viejo.png
SINGLE_3579,vincha,"Cinta, generalmente elástica, que se usa para sujetar el pelo hacia atrás o como adorno.",https://raw.githubusercontent.com/MariaaPinzon/ImagesEvaluatingMLLM/refs/heads/main/GPT/IdiomsSingleImage/singleImage_vincha.png
SINGLE_3580,vinete,"Vino artesanal que se elabora a base de biche mezclado con miel de panela, clavos y canela.",https://raw.githubusercontent.com/MariaaPinzon/ImagesEvaluatingMLLM/refs/heads/main/GPT/IdiomsSingleImage/singleImage_vinete.png
SINGLE_3581,vironcha,Hombre homosexual.,https://raw.githubusercontent.com/MariaaPinzon/ImagesEvaluatingMLLM/refs/heads/main/GPT/IdiomsSingleImage/singleImage_vironcha.png
SINGLE_3582,viruta,"En carpintería, estropajo metálico para cepillar y alisar la madera.",https://raw.githubusercontent.com/MariaaPinzon/ImagesEvaluatingMLLM/refs/heads/main/GPT/IdiomsSingleImage/singleImage_viruta.png
SINGLE_3583,visaje,"- Afición o inclinación por exhibirse o mostrar algo.
- Acción sospechosa o que llama mucho la atención.",https://raw.githubusercontent.com/MariaaPinzon/ImagesEvaluatingMLLM/refs/heads/main/GPT/IdiomsSingleImage/singleImage_visaje.png
SINGLE_3584,visajoso,"Referido a una persona, que le gusta llamar la atención y ser admirado.",https://raw.githubusercontent.com/MariaaPinzon/ImagesEvaluatingMLLM/refs/heads/main/GPT/IdiomsSingleImage/singleImage_visajoso.png
SINGLE_3585,vivandero,persona que vende víveres en un mercado,https://raw.githubusercontent.com/MariaaPinzon/ImagesEvaluatingMLLM/refs/heads/main/GPT/IdiomsSingleImage/singleImage_vivandero.png
SINGLE_3586,viáticos,Dinero que recibe un empleado de una empresa para cubrir los gastos cuando debe realizar un trabajo que le implica desplazarse fuera de la ciudad.,https://raw.githubusercontent.com/MariaaPinzon/ImagesEvaluatingMLLM/refs/heads/main/GPT/IdiomsSingleImage/singleImage_vi%C3%A1ticos.png
SINGLE_3587,voceador,"Referido a una persona, que vende periódicos o loterías en la calle anunciándo en voz alta su paso.",https://raw.githubusercontent.com/MariaaPinzon/ImagesEvaluatingMLLM/refs/heads/main/GPT/IdiomsSingleImage/singleImage_voceador.png
SINGLE_3588,voladero,Precipicio.,https://raw.githubusercontent.com/MariaaPinzon/ImagesEvaluatingMLLM/refs/heads/main/GPT/IdiomsSingleImage/singleImage_voladero.png
SINGLE_3589,volado,"Referido a una persona, que se enfurece y actúa violentamente con facilidad.",https://raw.githubusercontent.com/MariaaPinzon/ImagesEvaluatingMLLM/refs/heads/main/GPT/IdiomsSingleImage/singleImage_volado.png
SINGLE_3590,"volado, da","Referido al arroz, que se cocina hasta su punto óptimo consiguiendo la apariencia de granos sueltos y con poca humedad.",https://raw.githubusercontent.com/MariaaPinzon/ImagesEvaluatingMLLM/refs/heads/main/GPT/IdiomsSingleImage/singleImage_volado__da.png
SINGLE_3591,volandas,Rápidamente.,https://raw.githubusercontent.com/MariaaPinzon/ImagesEvaluatingMLLM/refs/heads/main/GPT/IdiomsSingleImage/singleImage_volandas.png
SINGLE_3592,volantón,Persona joven.,https://raw.githubusercontent.com/MariaaPinzon/ImagesEvaluatingMLLM/refs/heads/main/GPT/IdiomsSingleImage/singleImage_volant%C3%B3n.png
SINGLE_3593,volate,"- Situación en la que hay mucho movimiento, afán.
- confusión por causa del movimiento desordenado de las personas",https://raw.githubusercontent.com/MariaaPinzon/ImagesEvaluatingMLLM/refs/heads/main/GPT/IdiomsSingleImage/singleImage_volate.png
SINGLE_3594,volteado,Homosexual.,https://raw.githubusercontent.com/MariaaPinzon/ImagesEvaluatingMLLM/refs/heads/main/GPT/IdiomsSingleImage/singleImage_volteado.png
SINGLE_3595,volverse cocorra de mico,"desordenarse totalmente, volverse una confusión inextricable",https://raw.githubusercontent.com/MariaaPinzon/ImagesEvaluatingMLLM/refs/heads/main/GPT/IdiomsSingleImage/singleImage_volverse_cocorra_de_mico.png
SINGLE_3596,vuelto,Dinero que se devuelve al pagar con una moneda o billete de mayor valor el costo del artículo comprado.,https://raw.githubusercontent.com/MariaaPinzon/ImagesEvaluatingMLLM/refs/heads/main/GPT/IdiomsSingleImage/singleImage_vuelto.png
SINGLE_3597,vueltón,Paseo.,https://raw.githubusercontent.com/MariaaPinzon/ImagesEvaluatingMLLM/refs/heads/main/GPT/IdiomsSingleImage/singleImage_vuelt%C3%B3n.png
SINGLE_3598,várzea,Tipo de selva propio de las planicies inundables de los ríos de aguas blancas de la Amazonía.,https://raw.githubusercontent.com/MariaaPinzon/ImagesEvaluatingMLLM/refs/heads/main/GPT/IdiomsSingleImage/singleImage_v%C3%A1rzea.png
SINGLE_3599,vástago,"Tronco de las plantas musáceas, como el plátano, formada por una yema central cuyas hojas la envuelven.",https://raw.githubusercontent.com/MariaaPinzon/ImagesEvaluatingMLLM/refs/heads/main/GPT/IdiomsSingleImage/singleImage_v%C3%A1stago.png
SINGLE_3600,váucher,Comprobante impreso que certifica el pago de un bien o servicio.,https://raw.githubusercontent.com/MariaaPinzon/ImagesEvaluatingMLLM/refs/heads/main/GPT/IdiomsSingleImage/singleImage_v%C3%A1ucher.png
SINGLE_3601,yaco,"- Lámina circular de metal, plástico o cartón con una imagén en el centro, generalmente de algún personaje de las tiras cómicas o serie de televisión de moda.
- Juego que consiste en apilar los tazos en forma de torre, donde cada jugador intenta derribarla en un solo turno.",https://raw.githubusercontent.com/MariaaPinzon/ImagesEvaluatingMLLM/refs/heads/main/GPT/IdiomsSingleImage/singleImage_yaco.png
SINGLE_3602,ye,Lugar en que se bifurca una vía o camino.,https://raw.githubusercontent.com/MariaaPinzon/ImagesEvaluatingMLLM/refs/heads/main/GPT/IdiomsSingleImage/singleImage_ye.png
SINGLE_3603,yerba,"- marihuana
- Hojas desecadas y trituradas de la marihuana.",https://raw.githubusercontent.com/MariaaPinzon/ImagesEvaluatingMLLM/refs/heads/main/GPT/IdiomsSingleImage/singleImage_yerba.png
SINGLE_3604,yerbatero,"- Persona que se dedica al tratamiento de enfermos a través de prácticas curativas de la medicina tradicional o natural.
- curandero",https://raw.githubusercontent.com/MariaaPinzon/ImagesEvaluatingMLLM/refs/heads/main/GPT/IdiomsSingleImage/singleImage_yerbatero.png
SINGLE_3605,yerbazo,pócima perjudicial para la salud que a veces dan los yerbateros,https://raw.githubusercontent.com/MariaaPinzon/ImagesEvaluatingMLLM/refs/heads/main/GPT/IdiomsSingleImage/singleImage_yerbazo.png
SINGLE_3606,yermis,"Juego por equipos que consiste en lanzar por el piso una pelota para que derribe una torre de tapas de gaseosa, los jugadores del equipo defensor deben reconstruir la torre y eliminar contrincantes golpeándolos con la pelota; sus rivales, intentarán derribarla con lanzamientos de la misma pelota hechos con bates o raquetas.",https://raw.githubusercontent.com/MariaaPinzon/ImagesEvaluatingMLLM/refs/heads/main/GPT/IdiomsSingleImage/singleImage_yermis.png
SINGLE_3607,yerto,"Referido a una persona, que siente mucho frío.",https://raw.githubusercontent.com/MariaaPinzon/ImagesEvaluatingMLLM/refs/heads/main/GPT/IdiomsSingleImage/singleImage_yerto.png
SINGLE_3608,yesquero,Pequeño encendedor de bolsillo con el que se encienden principalmente cigarrillos.,https://raw.githubusercontent.com/MariaaPinzon/ImagesEvaluatingMLLM/refs/heads/main/GPT/IdiomsSingleImage/singleImage_yesquero.png
SINGLE_3609,yeyo,"- Enfado intenso pero pasajero, rabieta.
- Desmayo parcial, desvanecimiento.",https://raw.githubusercontent.com/MariaaPinzon/ImagesEvaluatingMLLM/refs/heads/main/GPT/IdiomsSingleImage/singleImage_yeyo.png
SINGLE_3610,yipao,"- Unidad de medida popular que designa una cantidad de plátano equivalente a la carga completa de un yipao.
- vehículo pequeño, carpado, utilizado para transportar personas, animales y bultos de regular tamaño
- Campero rústico adaptado para transporte de carga y personas en zonas rurales.",https://raw.githubusercontent.com/MariaaPinzon/ImagesEvaluatingMLLM/refs/heads/main/GPT/IdiomsSingleImage/singleImage_yipao.png
SINGLE_3611,yota,Pieza de barro amasado y listo para dar forma a diversas vasijas o artesanías.,https://raw.githubusercontent.com/MariaaPinzon/ImagesEvaluatingMLLM/refs/heads/main/GPT/IdiomsSingleImage/singleImage_yota.png
SINGLE_3612,yoyó,"Juguete formado por dos discos de unos 7 cm de diámetro unidos por un eje, que se hace subir y bajar por medio de una cuerda enrollada a dicho eje.",https://raw.githubusercontent.com/MariaaPinzon/ImagesEvaluatingMLLM/refs/heads/main/GPT/IdiomsSingleImage/singleImage_yoy%C3%B3.png
SINGLE_3613,yuca,Comida del día.,https://raw.githubusercontent.com/MariaaPinzon/ImagesEvaluatingMLLM/refs/heads/main/GPT/IdiomsSingleImage/singleImage_yuca.png
SINGLE_3614,yunga,Valle de tierra caliente.,https://raw.githubusercontent.com/MariaaPinzon/ImagesEvaluatingMLLM/refs/heads/main/GPT/IdiomsSingleImage/singleImage_yunga.png
SINGLE_3615,yunta,Conjunto de pescados que se venden ensartados en una cuerda que se introduce por sus bocas.,https://raw.githubusercontent.com/MariaaPinzon/ImagesEvaluatingMLLM/refs/heads/main/GPT/IdiomsSingleImage/singleImage_yunta.png
SINGLE_3616,yuntar,Poner el yugo a la yunta de bueyes.,https://raw.githubusercontent.com/MariaaPinzon/ImagesEvaluatingMLLM/refs/heads/main/GPT/IdiomsSingleImage/singleImage_yuntar.png
SINGLE_3617,yuquero,Relacionado con la yuca o su cultivo.,https://raw.githubusercontent.com/MariaaPinzon/ImagesEvaluatingMLLM/refs/heads/main/GPT/IdiomsSingleImage/singleImage_yuquero.png
SINGLE_3618,zafado,"Referido a una persona, falto de juicio, loco.",https://raw.githubusercontent.com/MariaaPinzon/ImagesEvaluatingMLLM/refs/heads/main/GPT/IdiomsSingleImage/singleImage_zafado.png
SINGLE_3619,zafarrancho,Problema.,https://raw.githubusercontent.com/MariaaPinzon/ImagesEvaluatingMLLM/refs/heads/main/GPT/IdiomsSingleImage/singleImage_zafarrancho.png
SINGLE_3620,zafarse,"- Desencajarse un hueso de la articulación.
- Soltarse.",https://raw.githubusercontent.com/MariaaPinzon/ImagesEvaluatingMLLM/refs/heads/main/GPT/IdiomsSingleImage/singleImage_zafarse.png
SINGLE_3621,zafo,"Referido a algo, desprendido, suelto.",https://raw.githubusercontent.com/MariaaPinzon/ImagesEvaluatingMLLM/refs/heads/main/GPT/IdiomsSingleImage/singleImage_zafo.png
SINGLE_3622,zalamero,"dicho de una persona, quisquillosa con la comida",https://raw.githubusercontent.com/MariaaPinzon/ImagesEvaluatingMLLM/refs/heads/main/GPT/IdiomsSingleImage/singleImage_zalamero.png
SINGLE_3623,zamarros,Pantalones de cuero con abertura atrás que se usan para montar a caballo.,https://raw.githubusercontent.com/MariaaPinzon/ImagesEvaluatingMLLM/refs/heads/main/GPT/IdiomsSingleImage/singleImage_zamarros.png
SINGLE_3624,zambapalo,"Riña, gresca.",https://raw.githubusercontent.com/MariaaPinzon/ImagesEvaluatingMLLM/refs/heads/main/GPT/IdiomsSingleImage/singleImage_zambapalo.png
SINGLE_3625,zampar,Arrojar o impeler con violencia a alguien o algo.,https://raw.githubusercontent.com/MariaaPinzon/ImagesEvaluatingMLLM/refs/heads/main/GPT/IdiomsSingleImage/singleImage_zampar.png
SINGLE_3626,zancudero,Cantidad grande de zancudos.,https://raw.githubusercontent.com/MariaaPinzon/ImagesEvaluatingMLLM/refs/heads/main/GPT/IdiomsSingleImage/singleImage_zancudero.png
SINGLE_3627,zancón,"- Referido a una persona, de piernas largas.
- Referido a un traje, corto.",https://raw.githubusercontent.com/MariaaPinzon/ImagesEvaluatingMLLM/refs/heads/main/GPT/IdiomsSingleImage/singleImage_zanc%C3%B3n.png
SINGLE_3628,zangolotear,Menear algo o alguien de un lado a otro con violencia.,https://raw.githubusercontent.com/MariaaPinzon/ImagesEvaluatingMLLM/refs/heads/main/GPT/IdiomsSingleImage/singleImage_zangolotear.png
SINGLE_3629,zangoloteo,Movimiento brusco de un lado para otro.,https://raw.githubusercontent.com/MariaaPinzon/ImagesEvaluatingMLLM/refs/heads/main/GPT/IdiomsSingleImage/singleImage_zangoloteo.png
SINGLE_3630,zaperoco,"Desorden, escándalo.",https://raw.githubusercontent.com/MariaaPinzon/ImagesEvaluatingMLLM/refs/heads/main/GPT/IdiomsSingleImage/singleImage_zaperoco.png
SINGLE_3631,zaragoza,Fríjol rojo oscuro alargado.,https://raw.githubusercontent.com/MariaaPinzon/ImagesEvaluatingMLLM/refs/heads/main/GPT/IdiomsSingleImage/singleImage_zaragoza.png
SINGLE_3632,zarandeada,Movimiento brusco que se le da a alguien de un lado para otro tomándolo de los brazos.,https://raw.githubusercontent.com/MariaaPinzon/ImagesEvaluatingMLLM/refs/heads/main/GPT/IdiomsSingleImage/singleImage_zarandeada.png
SINGLE_3633,zarapa,Provisión de comida que se lleva para consumir en las faenas del campo o en un viaje.,https://raw.githubusercontent.com/MariaaPinzon/ImagesEvaluatingMLLM/refs/heads/main/GPT/IdiomsSingleImage/singleImage_zarapa.png
SINGLE_3634,zarco,"Referido a una persona, de ojos azules",https://raw.githubusercontent.com/MariaaPinzon/ImagesEvaluatingMLLM/refs/heads/main/GPT/IdiomsSingleImage/singleImage_zarco.png
SINGLE_3635,zarzo,"En la parte más alta de una casa, espacio situado debajo del tejado que se usa para guardar objetos u otros fines.",https://raw.githubusercontent.com/MariaaPinzon/ImagesEvaluatingMLLM/refs/heads/main/GPT/IdiomsSingleImage/singleImage_zarzo.png
SINGLE_3636,zoca,"- Referido a una mujer, calva.
- Corte que se hace al árbol a una altura determinada con el fin de que retoñen nuevos tallos.",https://raw.githubusercontent.com/MariaaPinzon/ImagesEvaluatingMLLM/refs/heads/main/GPT/IdiomsSingleImage/singleImage_zoca.png
SINGLE_3637,zopenco,"Referido a una persona, brusca, ordinaria.",https://raw.githubusercontent.com/MariaaPinzon/ImagesEvaluatingMLLM/refs/heads/main/GPT/IdiomsSingleImage/singleImage_zopenco.png
SINGLE_3638,zorrero,Persona que maneja una zorra.,https://raw.githubusercontent.com/MariaaPinzon/ImagesEvaluatingMLLM/refs/heads/main/GPT/IdiomsSingleImage/singleImage_zorrero.png
SINGLE_3639,zorrongo,"Referido a una persona, astuta y que finge adaptarse a cualquier situación para lograr sus propósitos.",https://raw.githubusercontent.com/MariaaPinzon/ImagesEvaluatingMLLM/refs/heads/main/GPT/IdiomsSingleImage/singleImage_zorrongo.png
SINGLE_3640,zumbambico,"- Niño fastidioso o molesto.
- Juguete hecho con un cordón torcido que atraviesa un botón o cualquier disco de plástico o de metal perforado, y lo hace girar velozmente produciendo un zumbido.",https://raw.githubusercontent.com/MariaaPinzon/ImagesEvaluatingMLLM/refs/heads/main/GPT/IdiomsSingleImage/singleImage_zumbambico.png
SINGLE_3641,zumbón,empujón,https://raw.githubusercontent.com/MariaaPinzon/ImagesEvaluatingMLLM/refs/heads/main/GPT/IdiomsSingleImage/singleImage_zumb%C3%B3n.png
SINGLE_3642,zuncho,Cinta resistente que se usa para asegurar objetos para protegerlos durante su transporte.,https://raw.githubusercontent.com/MariaaPinzon/ImagesEvaluatingMLLM/refs/heads/main/GPT/IdiomsSingleImage/singleImage_zuncho.png
SINGLE_3643,zunga,Prostituta.,https://raw.githubusercontent.com/MariaaPinzon/ImagesEvaluatingMLLM/refs/heads/main/GPT/IdiomsSingleImage/singleImage_zunga.png
SINGLE_3644,zurrapa,Hija menor.,https://raw.githubusercontent.com/MariaaPinzon/ImagesEvaluatingMLLM/refs/heads/main/GPT/IdiomsSingleImage/singleImage_zurrapa.png
SINGLE_3645,zurrón,"Referido a un niño, inquieto y travieso.",https://raw.githubusercontent.com/MariaaPinzon/ImagesEvaluatingMLLM/refs/heads/main/GPT/IdiomsSingleImage/singleImage_zurr%C3%B3n.png
SINGLE_3646,zurullo,enredo o maraña que resulta de trabarse entre sí desordenadamente los hilos u otras cosas flexibles,https://raw.githubusercontent.com/MariaaPinzon/ImagesEvaluatingMLLM/refs/heads/main/GPT/IdiomsSingleImage/singleImage_zurullo.png
SINGLE_3647,zurumbático,"Referido a una persona, que ha quedado trastornada a causa de un impacto fuerte inesperado.",https://raw.githubusercontent.com/MariaaPinzon/ImagesEvaluatingMLLM/refs/heads/main/GPT/IdiomsSingleImage/singleImage_zurumb%C3%A1tico.png
SINGLE_3648,zángano,Persona que se dedica a la brujería y a los maleficios.,https://raw.githubusercontent.com/MariaaPinzon/ImagesEvaluatingMLLM/refs/heads/main/GPT/IdiomsSingleImage/singleImage_z%C3%A1ngano.png
SINGLE_3649,íngrimo,"solo, solitario, abandonado, sin compañía",https://raw.githubusercontent.com/MariaaPinzon/ImagesEvaluatingMLLM/refs/heads/main/GPT/IdiomsSingleImage/singleImage_%C3%ADngrimo.png
SINGLE_3650,írsele la paloma,olvidársele lo que iba a decir,https://raw.githubusercontent.com/MariaaPinzon/ImagesEvaluatingMLLM/refs/heads/main/GPT/IdiomsSingleImage/singleImage_%C3%ADrsele_la_paloma.png
SINGLE_3651,ñacaroso,"Referido a algo o a alguien, deteriorado, decrépito.",https://raw.githubusercontent.com/MariaaPinzon/ImagesEvaluatingMLLM/refs/heads/main/GPT/IdiomsSingleImage/singleImage_%C3%B1acaroso.png
SINGLE_3652,ñampira,"Persona ordinaria, de mal gusto e inculta.",https://raw.githubusercontent.com/MariaaPinzon/ImagesEvaluatingMLLM/refs/heads/main/GPT/IdiomsSingleImage/singleImage_%C3%B1ampira.png
SINGLE_3653,ñanga,"- Inútilmente, en vano.
- Referido a una persona, de mal gusto, ordinaria, desagradable.",https://raw.githubusercontent.com/MariaaPinzon/ImagesEvaluatingMLLM/refs/heads/main/GPT/IdiomsSingleImage/singleImage_%C3%B1anga.png
SINGLE_3654,ñango,"Coxis, parte final de la columna vertebral.",https://raw.githubusercontent.com/MariaaPinzon/ImagesEvaluatingMLLM/refs/heads/main/GPT/IdiomsSingleImage/singleImage_%C3%B1ango.png
SINGLE_3655,ñangutado,"Referido a una cantidad de arroz, que se amontona contra las paredes de una vasija, compactándolo y llevándoselo a la boca para su consumo.",https://raw.githubusercontent.com/MariaaPinzon/ImagesEvaluatingMLLM/refs/heads/main/GPT/IdiomsSingleImage/singleImage_%C3%B1angutado.png
SINGLE_3656,ñapa,"- obsequio de poco precio que se regala al cliente por la compra hecha
- Regalo que hace un vendedor a su cliente por realizar una compra.",https://raw.githubusercontent.com/MariaaPinzon/ImagesEvaluatingMLLM/refs/heads/main/GPT/IdiomsSingleImage/singleImage_%C3%B1apa.png
SINGLE_3657,ñapango,"Referido a una persona, mestiza.",https://raw.githubusercontent.com/MariaaPinzon/ImagesEvaluatingMLLM/refs/heads/main/GPT/IdiomsSingleImage/singleImage_%C3%B1apango.png
SINGLE_3658,ñatas,Nariz.,https://raw.githubusercontent.com/MariaaPinzon/ImagesEvaluatingMLLM/refs/heads/main/GPT/IdiomsSingleImage/singleImage_%C3%B1atas.png
SINGLE_3659,ñato,"Referido a una persona o animal, que tiene la nariz casi plana.",https://raw.githubusercontent.com/MariaaPinzon/ImagesEvaluatingMLLM/refs/heads/main/GPT/IdiomsSingleImage/singleImage_%C3%B1ato.png
SINGLE_3660,ñero,"- Persona que vive en la calle.
- Amigo de confianza.",https://raw.githubusercontent.com/MariaaPinzon/ImagesEvaluatingMLLM/refs/heads/main/GPT/IdiomsSingleImage/singleImage_%C3%B1ero.png
SINGLE_3661,ñervo,"- Mujer muy fea.
- Trozo de carne dura y generalmente con nervio.",https://raw.githubusercontent.com/MariaaPinzon/ImagesEvaluatingMLLM/refs/heads/main/GPT/IdiomsSingleImage/singleImage_%C3%B1ervo.png
SINGLE_3662,ñinga,"- Referido a una persona, despreciable, de mala calaña.
- Mierda.",https://raw.githubusercontent.com/MariaaPinzon/ImagesEvaluatingMLLM/refs/heads/main/GPT/IdiomsSingleImage/singleImage_%C3%B1inga.png
SINGLE_3663,ñingrí,"Poco, cantidad mínima de algo.",https://raw.githubusercontent.com/MariaaPinzon/ImagesEvaluatingMLLM/refs/heads/main/GPT/IdiomsSingleImage/singleImage_%C3%B1ingr%C3%AD.png
SINGLE_3664,ñoco,"- cuchillo muy desgastado
- Muñon, parte de un miembro amputado que queda adherida al cuerpo.",https://raw.githubusercontent.com/MariaaPinzon/ImagesEvaluatingMLLM/refs/heads/main/GPT/IdiomsSingleImage/singleImage_%C3%B1oco.png
SINGLE_3665,ñola,excremento,https://raw.githubusercontent.com/MariaaPinzon/ImagesEvaluatingMLLM/refs/heads/main/GPT/IdiomsSingleImage/singleImage_%C3%B1ola.png
SINGLE_3666,ñonco,"Referido a una persona, poco culta, sin instrucción y de formas toscas.",https://raw.githubusercontent.com/MariaaPinzon/ImagesEvaluatingMLLM/refs/heads/main/GPT/IdiomsSingleImage/singleImage_%C3%B1onco.png
SINGLE_3667,ñongado,Arroz cocido que se pasa de su punto de cocción y queda de consistencia demasiado blanda.,https://raw.githubusercontent.com/MariaaPinzon/ImagesEvaluatingMLLM/refs/heads/main/GPT/IdiomsSingleImage/singleImage_%C3%B1ongado.png
SINGLE_3668,ñoña,Herida o llaga en la piel.,https://raw.githubusercontent.com/MariaaPinzon/ImagesEvaluatingMLLM/refs/heads/main/GPT/IdiomsSingleImage/singleImage_%C3%B1o%C3%B1a.png
SINGLE_3669,ñoño,Persona estudiosa e inteligente de poca vida social.,https://raw.githubusercontent.com/MariaaPinzon/ImagesEvaluatingMLLM/refs/heads/main/GPT/IdiomsSingleImage/singleImage_%C3%B1o%C3%B1o.png
SINGLE_3670,ñuco,"Referido a una persona u objeto, ordinario o de apariencia desagradable.",https://raw.githubusercontent.com/MariaaPinzon/ImagesEvaluatingMLLM/refs/heads/main/GPT/IdiomsSingleImage/singleImage_%C3%B1uco.png
SINGLE_3671,ñurido,"Referido a una persona o animal, que está delgado y le faltan fuerzas.",https://raw.githubusercontent.com/MariaaPinzon/ImagesEvaluatingMLLM/refs/heads/main/GPT/IdiomsSingleImage/singleImage_%C3%B1urido.png
SINGLE_3672,ñóñora,"úlcera crónica y purulenta, de tamaño grande, que generalmente hiede y suele estar oculta",https://raw.githubusercontent.com/MariaaPinzon/ImagesEvaluatingMLLM/refs/heads/main/GPT/IdiomsSingleImage/singleImage_%C3%B1%C3%B3%C3%B1ora.png
